ISO-10303-21;
HEADER;
FILE_DESCRIPTION (( 'STEP AP203' ),
    '1' );
FILE_NAME ('su sebili.STEP',
    '2022-01-29T12:55:04',
    ( '' ),
    ( '' ),
    'SwSTEP 2.0',
    'SolidWorks 2020',
    '' );
FILE_SCHEMA (( 'CONFIG_CONTROL_DESIGN' ));
ENDSEC;

DATA;
#1 = DIRECTION ( 'NONE',  ( 1.000000000000000000, -0.000000000000000000, -0.000000000000000000 ) ) ;
#2 = DIRECTION ( 'NONE',  ( -0.6193384587389316742, 0.000000000000000000, -0.7851241134539714839 ) ) ;
#3 = VERTEX_POINT ( 'NONE', #10475 ) ;
#4 = CARTESIAN_POINT ( 'NONE',  ( 140.0000000000001705, -585.1500000000002046, 400.0000000000000000 ) ) ;
#5 = LINE ( 'NONE', #8460, #6818 ) ;
#6 = EDGE_CURVE ( 'NONE', #11962, #10725, #12499, .T. ) ;
#7 = LINE ( 'NONE', #7754, #12508 ) ;
#8 = PLANE ( 'NONE',  #650 ) ;
#9 = AXIS2_PLACEMENT_3D ( 'NONE', #8114, #116, #3037 ) ;
#10 = VERTEX_POINT ( 'NONE', #6730 ) ;
#11 = CARTESIAN_POINT ( 'NONE',  ( -130.5203249716377911, 120.0000000000000000, 368.2120121559648851 ) ) ;
#12 = VERTEX_POINT ( 'NONE', #5766 ) ;
#13 = ORIENTED_EDGE ( 'NONE', *, *, #2976, .F. ) ;
#14 = EDGE_CURVE ( 'NONE', #7152, #9558, #7966, .T. ) ;
#15 = VECTOR ( 'NONE', #7461, 1000.000000000000000 ) ;
#16 = CARTESIAN_POINT ( 'NONE',  ( -22.98786198480687304, 90.67483194294085536, 258.7088810590915955 ) ) ;
#17 = ORIENTED_EDGE ( 'NONE', *, *, #8381, .F. ) ;
#18 = CARTESIAN_POINT ( 'NONE',  ( 175.1311997525219226, 357.5000000000000000, 324.1304959033155910 ) ) ;
#19 = CARTESIAN_POINT ( 'NONE',  ( -108.2550777662637245, 569.5868803023939790, 351.4274360680452105 ) ) ;
#20 = DIRECTION ( 'NONE',  ( 0.000000000000000000, 0.000000000000000000, -1.000000000000000000 ) ) ;
#21 = EDGE_LOOP ( 'NONE', ( #590, #682, #3103, #3325 ) ) ;
#22 = DIRECTION ( 'NONE',  ( -0.000000000000000000, 1.000000000000000000, -0.000000000000000000 ) ) ;
#23 = FACE_OUTER_BOUND ( 'NONE', #7802, .T. ) ;
#24 = AXIS2_PLACEMENT_3D ( 'NONE', #6158, #3373, #8200 ) ;
#25 = ORIENTED_EDGE ( 'NONE', *, *, #664, .F. ) ;
#26 = CARTESIAN_POINT ( 'NONE',  ( -59.20020431027140262, 377.5518242583233359, 357.2715862585909008 ) ) ;
#27 = ORIENTED_EDGE ( 'NONE', *, *, #7375, .F. ) ;
#28 = ADVANCED_FACE ( 'NONE', ( #12560 ), #7746, .T. ) ;
#29 = CARTESIAN_POINT ( 'NONE',  ( -66.20020431027141683, 360.0000000000000000, 357.2715862585909008 ) ) ;
#30 = DIRECTION ( 'NONE',  ( -0.000000000000000000, 1.000000000000000000, -0.000000000000000000 ) ) ;
#31 = ORIENTED_EDGE ( 'NONE', *, *, #5999, .F. ) ;
#32 = VECTOR ( 'NONE', #4549, 1000.000000000000000 ) ;
#33 = ADVANCED_FACE ( 'NONE', ( #5948 ), #2209, .F. ) ;
#34 = DIRECTION ( 'NONE',  ( -0.000000000000000000, 1.000000000000000000, -0.000000000000000000 ) ) ;
#35 = AXIS2_PLACEMENT_3D ( 'NONE', #9781, #3101, #11625 ) ;
#36 = FACE_OUTER_BOUND ( 'NONE', #8537, .T. ) ;
#37 = CARTESIAN_POINT ( 'NONE',  ( -217.4690327422188716, 543.0347177367827953, 281.1868500850201258 ) ) ;
#38 = PLANE ( 'NONE',  #69 ) ;
#39 = DIRECTION ( 'NONE',  ( 0.000000000000000000, -1.000000000000000000, 0.000000000000000000 ) ) ;
#40 = EDGE_LOOP ( 'NONE', ( #10427, #11059, #8655, #10794 ) ) ;
#41 = CARTESIAN_POINT ( 'NONE',  ( -70.18354552143789249, 117.0000000000000000, 385.8071906031455001 ) ) ;
#42 = CIRCLE ( 'NONE', #1060, 3.093108195208704281 ) ;
#43 = FACE_OUTER_BOUND ( 'NONE', #11748, .T. ) ;
#44 = CARTESIAN_POINT ( 'NONE',  ( -188.4763652879577478, 117.0000000000000000, 311.3514577545970496 ) ) ;
#45 = CARTESIAN_POINT ( 'NONE',  ( 90.82096675496163130, 420.1716832666299410, 360.5392366067525245 ) ) ;
#46 = DIRECTION ( 'NONE',  ( -0.000000000000000000, 1.000000000000000000, -0.000000000000000000 ) ) ;
#47 = CARTESIAN_POINT ( 'NONE',  ( -183.3631709588175625, 357.5000000000000000, 314.5935898537258595 ) ) ;
#48 = EDGE_CURVE ( 'NONE', #3314, #9411, #12348, .T. ) ;
#49 = FACE_OUTER_BOUND ( 'NONE', #8756, .T. ) ;
#50 = DIRECTION ( 'NONE',  ( -0.7625037589850115483, -0.2383113124287892792, 0.6014945850979835917 ) ) ;
#51 = ORIENTED_EDGE ( 'NONE', *, *, #8201, .F. ) ;
#52 = ADVANCED_FACE ( 'NONE', ( #9830 ), #6069, .F. ) ;
#53 = VERTEX_POINT ( 'NONE', #6131 ) ;
#54 = DIRECTION ( 'NONE',  ( 0.000000000000000000, 0.000000000000000000, 1.000000000000000000 ) ) ;
#55 = VECTOR ( 'NONE', #11275, 1000.000000000000000 ) ;
#56 = LINE ( 'NONE', #7870, #4045 ) ;
#57 = CYLINDRICAL_SURFACE ( 'NONE', #8636, 5.249904202499100947 ) ;
#58 = ORIENTED_EDGE ( 'NONE', *, *, #4524, .F. ) ;
#59 = CARTESIAN_POINT ( 'NONE',  ( 41.45022224004754463, 365.1716832666299410, 378.2535622717655883 ) ) ;
#60 = CARTESIAN_POINT ( 'NONE',  ( -185.7024822690795816, 550.1499999999997499, 275.8370128776635966 ) ) ;
#61 = VECTOR ( 'NONE', #5700, 1000.000000000000000 ) ;
#62 = DIRECTION ( 'NONE',  ( 0.000000000000000000, 0.000000000000000000, 1.000000000000000000 ) ) ;
#63 = CARTESIAN_POINT ( 'NONE',  ( -191.8873057370085178, 117.0000000000000000, 351.4274360680451537 ) ) ;
#64 = ORIENTED_EDGE ( 'NONE', *, *, #7013, .T. ) ;
#65 = ORIENTED_EDGE ( 'NONE', *, *, #6276, .T. ) ;
#66 = CARTESIAN_POINT ( 'NONE',  ( -139.9999999999999716, -1.703841351481210444E-14, 340.0000000000000000 ) ) ;
#67 = ORIENTED_EDGE ( 'NONE', *, *, #5489, .F. ) ;
#68 = ORIENTED_EDGE ( 'NONE', *, *, #5643, .T. ) ;
#69 = AXIS2_PLACEMENT_3D ( 'NONE', #156, #5869, #2896 ) ;
#70 = ADVANCED_FACE ( 'NONE', ( #2270 ), #9950, .F. ) ;
#71 = EDGE_CURVE ( 'NONE', #10253, #12218, #6965, .T. ) ;
#72 = DIRECTION ( 'NONE',  ( 0.7851241134539721500, 0.000000000000000000, 0.6193384587389310081 ) ) ;
#73 = ORIENTED_EDGE ( 'NONE', *, *, #390, .F. ) ;
#74 = CARTESIAN_POINT ( 'NONE',  ( -162.3344129012323265, 555.2562610675676069, 345.2820021697993980 ) ) ;
#75 = DIRECTION ( 'NONE',  ( 0.1924154613586759321, -0.9711530084039704525, -0.1408478771513632377 ) ) ;
#76 = DIRECTION ( 'NONE',  ( -0.6193384587389297868, 0.000000000000000000, -0.7851241134539729272 ) ) ;
#77 = AXIS2_PLACEMENT_3D ( 'NONE', #1758, #4541, #8494 ) ;
#78 = DIRECTION ( 'NONE',  ( -0.000000000000000000, -1.000000000000000000, -0.000000000000000000 ) ) ;
#79 = EDGE_CURVE ( 'NONE', #6038, #11495, #5063, .T. ) ;
#80 = ORIENTED_EDGE ( 'NONE', *, *, #12043, .F. ) ;
#81 = CARTESIAN_POINT ( 'NONE',  ( 172.7745544879049078, 498.0301054349735637, 293.8304714954145993 ) ) ;
#82 = ORIENTED_EDGE ( 'NONE', *, *, #10130, .F. ) ;
#83 = DIRECTION ( 'NONE',  ( -0.000000000000000000, -1.000000000000000000, -0.000000000000000000 ) ) ;
#84 = DIRECTION ( 'NONE',  ( -0.7625037589850115483, -0.2383113124287892515, 0.6014945850979835917 ) ) ;
#86 = ORIENTED_EDGE ( 'NONE', *, *, #5646, .F. ) ;
#85 = VECTOR ( 'NONE', #796, 1000.000000000000000 ) ;
#87 = LINE ( 'NONE', #9806, #6891 ) ;
#88 = CARTESIAN_POINT ( 'NONE',  ( -144.3611620975756864, 315.0000000000000568, 314.8715443206501732 ) ) ;
#89 = DIRECTION ( 'NONE',  ( 1.000000000000000000, 0.000000000000000000, 0.000000000000000000 ) ) ;
#90 = DIRECTION ( 'NONE',  ( 0.000000000000000000, 0.000000000000000000, 1.000000000000000000 ) ) ;
#91 = CARTESIAN_POINT ( 'NONE',  ( -248.5985330171029659, -1.757682705919117088E-14, 196.1048318924144098 ) ) ;
#92 = ORIENTED_EDGE ( 'NONE', *, *, #10979, .F. ) ;
#93 = CARTESIAN_POINT ( 'NONE',  ( 0.000000000000000000, 420.0000000000000000, 358.5618675501162329 ) ) ;
#94 = VECTOR ( 'NONE', #9291, 1000.000000000000114 ) ;
#95 = AXIS2_PLACEMENT_3D ( 'NONE', #8586, #11564, #2866 ) ;
#96 = CARTESIAN_POINT ( 'NONE',  ( 0.000000000000000000, 380.0000000000000000, 0.000000000000000000 ) ) ;
#97 = DIRECTION ( 'NONE',  ( 0.1924154613586765150, -0.9711530084039704525, -0.1408478771513619332 ) ) ;
#98 = CARTESIAN_POINT ( 'NONE',  ( 42.48496570340526546, 120.0000000000000000, 368.8290452823253531 ) ) ;
#99 = EDGE_CURVE ( 'NONE', #541, #941, #2026, .T. ) ;
#100 = CARTESIAN_POINT ( 'NONE',  ( 59.34243920159818231, 345.0000000000000000, 0.000000000000000000 ) ) ;
#101 = DIRECTION ( 'NONE',  ( -1.000000000000000000, 0.000000000000000000, 0.000000000000000000 ) ) ;
#102 = AXIS2_PLACEMENT_3D ( 'NONE', #12178, #2475, #1512 ) ;
#103 = EDGE_CURVE ( 'NONE', #4327, #2024, #7932, .T. ) ;
#104 = CARTESIAN_POINT ( 'NONE',  ( 90.19187790580512853, 412.9811648176871017, 380.4439605203513679 ) ) ;
#105 = CIRCLE ( 'NONE', #2554, 5.101225832984668251 ) ;
#106 = DIRECTION ( 'NONE',  ( -0.000000000000000000, 1.000000000000000000, -0.000000000000000000 ) ) ;
#107 = VECTOR ( 'NONE', #8072, 1000.000000000000114 ) ;
#108 = ADVANCED_FACE ( 'NONE', ( #3092 ), #1195, .F. ) ;
#109 = ADVANCED_FACE ( 'NONE', ( #10836 ), #112, .T. ) ;
#110 = APPROVAL_STATUS ( 'not_yet_approved' ) ;
#111 = EDGE_LOOP ( 'NONE', ( #7398, #1556, #9597, #9336 ) ) ;
#112 = CYLINDRICAL_SURFACE ( 'NONE', #2255, 3.093108195208704281 ) ;
#113 = PLANE ( 'NONE',  #8826 ) ;
#114 = EDGE_CURVE ( 'NONE', #9061, #2444, #299, .T. ) ;
#115 = CARTESIAN_POINT ( 'NONE',  ( -130.5203249716377911, 117.0000000000000000, 368.2120121559648851 ) ) ;
#116 = DIRECTION ( 'NONE',  ( -0.000000000000000000, 1.000000000000000000, -0.000000000000000000 ) ) ;
#117 = AXIS2_PLACEMENT_3D ( 'NONE', #947, #7917, #11783 ) ;
#118 = CYLINDRICAL_SURFACE ( 'NONE', #11860, 25.44093595064281743 ) ;
#119 = ORIENTED_EDGE ( 'NONE', *, *, #4910, .T. ) ;
#120 = VECTOR ( 'NONE', #5065, 1000.000000000000000 ) ;
#121 = LINE ( 'NONE', #1202, #10241 ) ;
#122 = DIRECTION ( 'NONE',  ( 0.6193384587389317852, 0.000000000000000000, 0.7851241134539713729 ) ) ;
#123 = DIRECTION ( 'NONE',  ( 1.000000000000000000, 0.000000000000000000, 0.000000000000000000 ) ) ;
#124 = VECTOR ( 'NONE', #3352, 1000.000000000000000 ) ;
#125 = DIRECTION ( 'NONE',  ( -0.6193384587389274554, 0.000000000000000000, -0.7851241134539747035 ) ) ;
#126 = ORIENTED_EDGE ( 'NONE', *, *, #11394, .F. ) ;
#127 = ORIENTED_EDGE ( 'NONE', *, *, #8076, .T. ) ;
#128 = DIRECTION ( 'NONE',  ( 0.000000000000000000, 0.000000000000000000, 1.000000000000000000 ) ) ;
#129 = ORIENTED_EDGE ( 'NONE', *, *, #11001, .T. ) ;
#130 = ADVANCED_FACE ( 'NONE', ( #8871 ), #6910, .F. ) ;
#131 = VERTEX_POINT ( 'NONE', #7926 ) ;
#132 = VECTOR ( 'NONE', #1036, 1000.000000000000000 ) ;
#133 = ADVANCED_FACE ( 'NONE', ( #7029 ), #10900, .T. ) ;
#134 = CARTESIAN_POINT ( 'NONE',  ( 171.6157891360268763, 117.0000000000000000, 352.8908367782720461 ) ) ;
#135 = ORIENTED_EDGE ( 'NONE', *, *, #1349, .F. ) ;
#136 = DIRECTION ( 'NONE',  ( 0.000000000000000000, 1.000000000000000000, 0.000000000000000000 ) ) ;
#137 = AXIS2_PLACEMENT_3D ( 'NONE', #10985, #6035, #3177 ) ;
#138 = FACE_OUTER_BOUND ( 'NONE', #9050, .T. ) ;
#139 = ORIENTED_EDGE ( 'NONE', *, *, #7984, .F. ) ;
#140 = CARTESIAN_POINT ( 'NONE',  ( 111.3767717391520620, 442.6530411536430165, 392.5570525041796373 ) ) ;
#141 = CARTESIAN_POINT ( 'NONE',  ( -170.0000000000000284, 570.1499999999997499, 263.4502437028848476 ) ) ;
#142 = EDGE_CURVE ( 'NONE', #9009, #280, #368, .T. ) ;
#143 = EDGE_LOOP ( 'NONE', ( #27, #12265, #3581, #7076 ) ) ;
#144 = VECTOR ( 'NONE', #5087, 1000.000000000000000 ) ;
#145 = CARTESIAN_POINT ( 'NONE',  ( 147.5242506373035383, 3.715997803843051425E-14, 382.4264068711929667 ) ) ;
#146 = AXIS2_PLACEMENT_3D ( 'NONE', #12516, #3823, #1671 ) ;
#147 = ORIENTED_EDGE ( 'NONE', *, *, #4383, .F. ) ;
#148 = VECTOR ( 'NONE', #310, 1000.000000000000000 ) ;
#149 = DIRECTION ( 'NONE',  ( 0.7625037589850115483, 0.2383113124287892515, -0.6014945850979835917 ) ) ;
#150 = CARTESIAN_POINT ( 'NONE',  ( -155.6329774118507032, -1.757682705919117088E-14, 362.3943590049919408 ) ) ;
#151 = EDGE_LOOP ( 'NONE', ( #3497, #5236, #8225, #8272 ) ) ;
#152 = DIRECTION ( 'NONE',  ( 0.07463981325589597038, 0.8531369693832299150, 0.5163198715415888707 ) ) ;
#153 = CARTESIAN_POINT ( 'NONE',  ( 2.081899558550500674E-14, 580.1499999999997499, 85.29485184198051684 ) ) ;
#154 = DIRECTION ( 'NONE',  ( 0.6193384587389308971, 0.000000000000000000, -0.7851241134539721500 ) ) ;
#155 = B_SPLINE_CURVE_WITH_KNOTS ( 'NONE', 2,
 ( #335, #3250, #912 ),
 .UNSPECIFIED., .F., .F.,
 ( 3, 3 ),
 ( 0.07618197888823886876, 0.1694103472472037741 ),
 .UNSPECIFIED. ) ;
#156 = CARTESIAN_POINT ( 'NONE',  ( 174.9943130982815092, 117.0000000000000000, 290.9472914527386251 ) ) ;
#157 = AXIS2_PLACEMENT_3D ( 'NONE', #2064, #4862, #6054 ) ;
#158 = ADVANCED_FACE ( 'NONE', ( #5127 ), #3215, .F. ) ;
#159 = PLANE ( 'NONE',  #3196 ) ;
#160 = VERTEX_POINT ( 'NONE', #10208 ) ;
#161 = VECTOR ( 'NONE', #971, 1000.000000000000000 ) ;
#162 = CARTESIAN_POINT ( 'NONE',  ( 196.2295792432506687, 494.0199999999996976, 270.5651334504786973 ) ) ;
#163 = CIRCLE ( 'NONE', #1802, 3.093108195208504885 ) ;
#164 = DIRECTION ( 'NONE',  ( 0.6193384587389297868, 0.000000000000000000, 0.7851241134539729272 ) ) ;
#165 = CYLINDRICAL_SURFACE ( 'NONE', #117, 4.476537341592923269 ) ;
#166 = FACE_OUTER_BOUND ( 'NONE', #2177, .T. ) ;
#167 = CARTESIAN_POINT ( 'NONE',  ( -195.7024822690793826, 340.0000000000000568, 263.1601945342233648 ) ) ;
#168 = AXIS2_PLACEMENT_3D ( 'NONE', #9660, #2093, #1976 ) ;
#169 = CARTESIAN_POINT ( 'NONE',  ( 280.0034975552618448, 447.7225322203747737, 220.8783702419712824 ) ) ;
#170 = DIRECTION ( 'NONE',  ( 0.000000000000000000, 0.000000000000000000, 1.000000000000000000 ) ) ;
#171 = EDGE_CURVE ( 'NONE', #9906, #1401, #2404, .T. ) ;
#172 = APPROVAL_DATE_TIME ( #11790, #4876 ) ;
#173 = EDGE_LOOP ( 'NONE', ( #6748, #10269, #4900, #5206 ) ) ;
#174 = CARTESIAN_POINT ( 'NONE',  ( 159.9882456870035412, 320.0000000000000568, 314.3847163883809230 ) ) ;
#175 = CARTESIAN_POINT ( 'NONE',  ( -188.7538232997221428, 357.5000000000000000, 303.6097127950929462 ) ) ;
#176 = ADVANCED_FACE ( 'NONE', ( #7158 ), #9376, .F. ) ;
#177 = CARTESIAN_POINT ( 'NONE',  ( -200.0000000000000284, 570.1499999999997499, 0.000000000000000000 ) ) ;
#178 = CARTESIAN_POINT ( 'NONE',  ( 130.5203249716378480, 117.0000000000000000, 366.0970121559649897 ) ) ;
#179 = CARTESIAN_POINT ( 'NONE',  ( -164.6850016612866909, 555.1982256809940282, 342.2792099597633069 ) ) ;
#180 = ORIENTED_EDGE ( 'NONE', *, *, #1894, .F. ) ;
#181 = EDGE_CURVE ( 'NONE', #9134, #11582, #9121, .T. ) ;
#182 = DIRECTION ( 'NONE',  ( 0.000000000000000000, 0.000000000000000000, 1.000000000000000000 ) ) ;
#183 = DIRECTION ( 'NONE',  ( -0.000000000000000000, -1.000000000000000000, 0.000000000000000000 ) ) ;
#184 = CIRCLE ( 'NONE', #2841, 16.70248815446684176 ) ;
#185 = CARTESIAN_POINT ( 'NONE',  ( -174.9943130982813955, 120.0000000000000000, 327.9680754845628599 ) ) ;
#186 = CARTESIAN_POINT ( 'NONE',  ( 42.48496570340527967, 117.0000000000000000, 371.2683589063772729 ) ) ;
#187 = EDGE_CURVE ( 'NONE', #2010, #10895, #8172, .T. ) ;
#188 = VERTEX_POINT ( 'NONE', #2532 ) ;
#189 = ORIENTED_EDGE ( 'NONE', *, *, #9369, .T. ) ;
#190 = DIRECTION ( 'NONE',  ( 0.000000000000000000, 1.000000000000000000, 0.000000000000000000 ) ) ;
#191 = VERTEX_POINT ( 'NONE', #2331 ) ;
#192 = VECTOR ( 'NONE', #5243, 1000.000000000000000 ) ;
#193 = VERTEX_POINT ( 'NONE', #5375 ) ;
#194 = DIRECTION ( 'NONE',  ( 0.000000000000000000, -1.000000000000000000, 0.000000000000000000 ) ) ;
#195 = VERTEX_POINT ( 'NONE', #2599 ) ;
#196 = PLANE ( 'NONE',  #3598 ) ;
#197 = VECTOR ( 'NONE', #6677, 1000.000000000000000 ) ;
#198 = FACE_OUTER_BOUND ( 'NONE', #6743, .T. ) ;
#199 = CARTESIAN_POINT ( 'NONE',  ( -185.0345202258095583, 566.1849479698508958, 257.0972476434424152 ) ) ;
#200 = EDGE_CURVE ( 'NONE', #11331, #11992, #9763, .T. ) ;
#201 = EDGE_LOOP ( 'NONE', ( #6043, #7636, #5987, #1214 ) ) ;
#202 = DIRECTION ( 'NONE',  ( 1.000000000000000000, 0.000000000000000000, 0.000000000000000000 ) ) ;
#203 = EDGE_LOOP ( 'NONE', ( #5901, #9264, #5221, #8321 ) ) ;
#204 = ORIENTED_EDGE ( 'NONE', *, *, #5989, .T. ) ;
#205 = DIRECTION ( 'NONE',  ( -0.7625037589850115483, -0.2383113124287892515, 0.6014945850979835917 ) ) ;
#206 = FACE_OUTER_BOUND ( 'NONE', #11762, .T. ) ;
#207 = ORIENTED_EDGE ( 'NONE', *, *, #8545, .T. ) ;
#208 = CYLINDRICAL_SURFACE ( 'NONE', #8011, 25.44093595064286717 ) ;
#209 = LINE ( 'NONE', #3191, #11454 ) ;
#210 = CARTESIAN_POINT ( 'NONE',  ( -196.5314105426547826, 1.576424284843190725E-15, 270.1825073951879403 ) ) ;
#211 = ORIENTED_EDGE ( 'NONE', *, *, #10405, .F. ) ;
#212 = FACE_OUTER_BOUND ( 'NONE', #10185, .T. ) ;
#213 = AXIS2_PLACEMENT_3D ( 'NONE', #7742, #5824, #11361 ) ;
#214 = FACE_OUTER_BOUND ( 'NONE', #3889, .T. ) ;
#215 = ORIENTED_EDGE ( 'NONE', *, *, #1978, .F. ) ;
#216 = LINE ( 'NONE', #11898, #11996 ) ;
#217 = ORIENTED_EDGE ( 'NONE', *, *, #11562, .F. ) ;
#218 = VECTOR ( 'NONE', #2901, 1000.000000000000114 ) ;
#219 = VECTOR ( 'NONE', #294, 1000.000000000000000 ) ;
#220 = LINE ( 'NONE', #5994, #985 ) ;
#221 = ORIENTED_EDGE ( 'NONE', *, *, #7266, .T. ) ;
#222 = EDGE_CURVE ( 'NONE', #689, #6584, #12041, .T. ) ;
#223 = DIRECTION ( 'NONE',  ( 0.000000000000000000, 0.000000000000000000, -1.000000000000000000 ) ) ;
#224 = EDGE_CURVE ( 'NONE', #4011, #11737, #8308, .T. ) ;
#225 = DIRECTION ( 'NONE',  ( -0.000000000000000000, -1.000000000000000000, -0.000000000000000000 ) ) ;
#226 = CARTESIAN_POINT ( 'NONE',  ( -21.30323522931121261, 117.0000000000000000, 384.8487875627029098 ) ) ;
#227 = DIRECTION ( 'NONE',  ( 0.000000000000000000, 0.000000000000000000, 1.000000000000000000 ) ) ;
#228 = ORIENTED_EDGE ( 'NONE', *, *, #6681, .T. ) ;
#229 = CARTESIAN_POINT ( 'NONE',  ( 183.3631709588174488, 357.5000000000000000, 314.5935898537258595 ) ) ;
#230 = AXIS2_PLACEMENT_3D ( 'NONE', #7602, #5629, #1002 ) ;
#231 = EDGE_CURVE ( 'NONE', #4460, #4410, #1572, .T. ) ;
#232 = DIRECTION ( 'NONE',  ( 0.7625037589850115483, 0.2383113124287892515, -0.6014945850979835917 ) ) ;
#233 = EDGE_CURVE ( 'NONE', #10179, #4185, #3342, .T. ) ;
#234 = ORIENTED_EDGE ( 'NONE', *, *, #9756, .T. ) ;
#235 = DIRECTION ( 'NONE',  ( -1.000000000000000000, 0.000000000000000000, 0.000000000000000000 ) ) ;
#236 = PLANE ( 'NONE',  #1754 ) ;
#237 = LINE ( 'NONE', #6967, #6071 ) ;
#238 = CARTESIAN_POINT ( 'NONE',  ( -180.8500222863264071, 554.9273790711957872, 321.6797979140298480 ) ) ;
#239 = LINE ( 'NONE', #4109, #6594 ) ;
#240 = VERTEX_POINT ( 'NONE', #7228 ) ;
#241 = FACE_OUTER_BOUND ( 'NONE', #11458, .T. ) ;
#242 = LINE ( 'NONE', #5896, #4351 ) ;
#243 = CARTESIAN_POINT ( 'NONE',  ( -73.04314379576342731, 378.2161028627631367, 378.3909812711591485 ) ) ;
#244 = CARTESIAN_POINT ( 'NONE',  ( 188.5879279235471699, 550.1499999999997499, 272.1791858375079300 ) ) ;
#245 = LINE ( 'NONE', #7349, #1665 ) ;
#246 = ORIENTED_EDGE ( 'NONE', *, *, #1765, .F. ) ;
#247 = EDGE_LOOP ( 'NONE', ( #4743, #5609, #5710, #780 ) ) ;
#248 = CARTESIAN_POINT ( 'NONE',  ( -272.1522564207221535, 550.1499999999997499, 214.6849856545823911 ) ) ;
#249 = ORIENTED_EDGE ( 'NONE', *, *, #7488, .F. ) ;
#250 = AXIS2_PLACEMENT_3D ( 'NONE', #3895, #6998, #2947 ) ;
#251 = EDGE_LOOP ( 'NONE', ( #5597, #6688, #4445, #10536, #12365 ) ) ;
#252 = CLOSED_SHELL ( 'NONE', ( #5815, #11157, #9896, #1982, #5676, #427, #5548, #7960, #133 ) ) ;
#253 = DIRECTION ( 'NONE',  ( 1.000000000000000000, -0.000000000000000000, -0.000000000000000000 ) ) ;
#254 = ORIENTED_EDGE ( 'NONE', *, *, #4475, .T. ) ;
#255 = CARTESIAN_POINT ( 'NONE',  ( -180.8500222863263787, 554.9273790711957872, 321.6797979140298480 ) ) ;
#256 = CARTESIAN_POINT ( 'NONE',  ( -70.18354552143789249, 117.0000000000000000, 383.8903845222603195 ) ) ;
#257 = EDGE_CURVE ( 'NONE', #8415, #9712, #1281, .T. ) ;
#258 = CARTESIAN_POINT ( 'NONE',  ( -130.5203249716377911, 120.0000000000000000, 360.6452839020025181 ) ) ;
#259 = CARTESIAN_POINT ( 'NONE',  ( -59.26671879462830361, 360.0000000000000000, 357.2715862585909008 ) ) ;
#260 = VERTEX_POINT ( 'NONE', #5650 ) ;
#261 = CARTESIAN_POINT ( 'NONE',  ( -66.20020431027140262, 360.0000000000000000, 367.2715862585909008 ) ) ;
#262 = ORIENTED_EDGE ( 'NONE', *, *, #1432, .F. ) ;
#263 = VECTOR ( 'NONE', #4751, 1000.000000000000000 ) ;
#264 = EDGE_CURVE ( 'NONE', #756, #2434, #9964, .T. ) ;
#265 = EDGE_CURVE ( 'NONE', #10275, #4229, #11588, .T. ) ;
#266 = ORIENTED_EDGE ( 'NONE', *, *, #5286, .T. ) ;
#267 = CARTESIAN_POINT ( 'NONE',  ( -174.6781524912948953, 555.0370064033196513, 329.5471993326197548 ) ) ;
#268 = CARTESIAN_POINT ( 'NONE',  ( 63.01608243374601415, 376.0859873310966464, 377.9443499868726803 ) ) ;
#269 = ORIENTED_EDGE ( 'NONE', *, *, #5884, .T. ) ;
#270 = EDGE_CURVE ( 'NONE', #12559, #2420, #11024, .T. ) ;
#271 = CARTESIAN_POINT ( 'NONE',  ( 208.8029406122360569, 545.1499999999996362, 283.6489853531828089 ) ) ;
#272 = DIRECTION ( 'NONE',  ( 0.6193384587389326734, -0.000000000000000000, 0.7851241134539707067 ) ) ;
#273 = FACE_OUTER_BOUND ( 'NONE', #6279, .T. ) ;
#274 = EDGE_LOOP ( 'NONE', ( #3233, #3051, #4450, #5222 ) ) ;
#275 = VECTOR ( 'NONE', #8849, 1000.000000000000000 ) ;
#276 = DIRECTION ( 'NONE',  ( 0.6193384587389274554, 0.000000000000000000, 0.7851241134539747035 ) ) ;
#277 = DIRECTION ( 'NONE',  ( -1.000000000000000000, 0.000000000000000000, -1.135654640887155121E-15 ) ) ;
#278 = ORIENTED_EDGE ( 'NONE', *, *, #8416, .F. ) ;
#279 = DIRECTION ( 'NONE',  ( 0.000000000000000000, 0.000000000000000000, 1.000000000000000000 ) ) ;
#280 = VERTEX_POINT ( 'NONE', #10080 ) ;
#281 = VECTOR ( 'NONE', #1677, 999.9999999999998863 ) ;
#282 = EDGE_CURVE ( 'NONE', #8125, #5448, #5904, .T. ) ;
#283 = FACE_OUTER_BOUND ( 'NONE', #8008, .T. ) ;
#284 = VERTEX_POINT ( 'NONE', #12173 ) ;
#285 = CARTESIAN_POINT ( 'NONE',  ( 187.9163866471953384, 568.0850713272538997, 273.0304865145512281 ) ) ;
#286 = EDGE_CURVE ( 'NONE', #8252, #3480, #8138, .T. ) ;
#287 = CARTESIAN_POINT ( 'NONE',  ( -171.6157891360268195, 117.0000000000000000, 352.8908367782719324 ) ) ;
#288 = DIRECTION ( 'NONE',  ( 0.6193384587389326734, -0.000000000000000000, 0.7851241134539707067 ) ) ;
#289 = DIRECTION ( 'NONE',  ( -0.000000000000000000, 1.000000000000000000, -0.000000000000000000 ) ) ;
#290 = ORIENTED_EDGE ( 'NONE', *, *, #10966, .F. ) ;
#291 = DIRECTION ( 'NONE',  ( -0.7071067811862844499, 0.000000000000000000, -0.7071067811868106956 ) ) ;
#292 = VECTOR ( 'NONE', #6496, 1000.000000000000000 ) ;
#293 = ORIENTED_EDGE ( 'NONE', *, *, #9891, .T. ) ;
#294 = DIRECTION ( 'NONE',  ( 0.000000000000000000, -1.000000000000000000, 0.000000000000000000 ) ) ;
#295 = EDGE_CURVE ( 'NONE', #854, #4412, #4610, .T. ) ;
#296 = EDGE_CURVE ( 'NONE', #6102, #1099, #5255, .T. ) ;
#297 = VECTOR ( 'NONE', #6287, 1000.000000000000000 ) ;
#298 = ORIENTED_EDGE ( 'NONE', *, *, #11810, .T. ) ;
#299 = LINE ( 'NONE', #6848, #4071 ) ;
#300 = FACE_BOUND ( 'NONE', #2481, .T. ) ;
#301 = FACE_OUTER_BOUND ( 'NONE', #11464, .T. ) ;
#302 = CARTESIAN_POINT ( 'NONE',  ( 0.000000000000000000, 0.000000000000000000, 400.0000000000000000 ) ) ;
#303 = AXIS2_PLACEMENT_3D ( 'NONE', #3612, #7611, #5510 ) ;
#304 = FACE_OUTER_BOUND ( 'NONE', #12490, .T. ) ;
#305 = ORIENTED_EDGE ( 'NONE', *, *, #10191, .F. ) ;
#306 = LINE ( 'NONE', #6076, #7614 ) ;
#307 = FACE_OUTER_BOUND ( 'NONE', #10231, .T. ) ;
#308 = AXIS2_PLACEMENT_3D ( 'NONE', #2680, #7562, #5653 ) ;
#309 = FACE_OUTER_BOUND ( 'NONE', #4863, .T. ) ;
#310 = DIRECTION ( 'NONE',  ( -0.000000000000000000, -0.08715574274765820750, 0.9961946980917455452 ) ) ;
#311 = ADVANCED_FACE ( 'NONE', ( #3788 ), #4442, .T. ) ;
#312 = EDGE_LOOP ( 'NONE', ( #4712, #2581, #2545, #4778 ) ) ;
#313 = EDGE_CURVE ( 'NONE', #10583, #5863, #10967, .T. ) ;
#314 = ORIENTED_EDGE ( 'NONE', *, *, #4067, .T. ) ;
#315 = CARTESIAN_POINT ( 'NONE',  ( 195.4006509696754676, 539.1499999999995225, 263.5428205895141787 ) ) ;
#316 = ORIENTED_EDGE ( 'NONE', *, *, #5434, .F. ) ;
#317 = VECTOR ( 'NONE', #2792, 1000.000000000000000 ) ;
#318 = EDGE_LOOP ( 'NONE', ( #2921, #3311, #8630, #4155 ) ) ;
#319 = CIRCLE ( 'NONE', #2766, 25.34415947953466741 ) ;
#320 = DIRECTION ( 'NONE',  ( -0.000000000000000000, -0.000000000000000000, 1.000000000000000000 ) ) ;
#321 = CARTESIAN_POINT ( 'NONE',  ( 39.47285318341126015, 365.0000000000000000, 377.4150958034690007 ) ) ;
#322 = ORIENTED_EDGE ( 'NONE', *, *, #10833, .F. ) ;
#323 =( BOUNDED_CURVE ( )  B_SPLINE_CURVE ( 3, ( #9329, #6470, #10286, #2801 ),
 .UNSPECIFIED., .F., .F. ) 
 B_SPLINE_CURVE_WITH_KNOTS ( ( 4, 4 ),
 ( 3.141592653589788231, 4.712388980384701220 ),
 .UNSPECIFIED. ) 
 CURVE ( )  GEOMETRIC_REPRESENTATION_ITEM ( )  RATIONAL_B_SPLINE_CURVE ( ( 1.000000000000000000, 0.8047378541243610517, 0.8047378541243610517, 1.000000000000000000 ) ) 
 REPRESENTATION_ITEM ( '' )  );
#324 = VECTOR ( 'NONE', #455, 1000.000000000000000 ) ;
#325 = CARTESIAN_POINT ( 'NONE',  ( -144.2431577538632439, 355.0000000000001137, 292.0432967546331611 ) ) ;
#326 = DIRECTION ( 'NONE',  ( -0.000000000000000000, 1.000000000000000000, -0.000000000000000000 ) ) ;
#327 = LINE ( 'NONE', #2495, #8555 ) ;
#328 = CARTESIAN_POINT ( 'NONE',  ( -196.0349479694912134, 555.1845202263477859, 252.4489001698703134 ) ) ;
#329 = ORIENTED_EDGE ( 'NONE', *, *, #2164, .T. ) ;
#330 = DIRECTION ( 'NONE',  ( 0.000000000000000000, 0.000000000000000000, -1.000000000000000000 ) ) ;
#331 = VERTEX_POINT ( 'NONE', #7483 ) ;
#332 = AXIS2_PLACEMENT_3D ( 'NONE', #12103, #7285, #5368 ) ;
#333 = EDGE_LOOP ( 'NONE', ( #10190, #4332, #2544, #1185 ) ) ;
#334 = PLANE ( 'NONE',  #5886 ) ;
#335 = CARTESIAN_POINT ( 'NONE',  ( -185.3083443355145050, 340.0000000000000568, 266.1033846755267405 ) ) ;
#336 = VERTEX_POINT ( 'NONE', #5754 ) ;
#337 = ADVANCED_FACE ( 'NONE', ( #2724 ), #8684, .F. ) ;
#338 = CARTESIAN_POINT ( 'NONE',  ( -191.8873057370085178, 120.0000000000000000, 352.5278731045971199 ) ) ;
#339 = DIRECTION ( 'NONE',  ( -0.000000000000000000, 1.000000000000000000, -0.000000000000000000 ) ) ;
#340 = VERTEX_POINT ( 'NONE', #11353 ) ;
#341 = CARTESIAN_POINT ( 'NONE',  ( -204.3385917636556428, 545.1499999999996362, 290.5379488615096193 ) ) ;
#342 = EDGE_CURVE ( 'NONE', #8911, #5750, #5568, .T. ) ;
#343 = VECTOR ( 'NONE', #4023, 1000.000000000000000 ) ;
#344 = DIRECTION ( 'NONE',  ( 0.000000000000000000, 1.000000000000000000, 0.000000000000000000 ) ) ;
#345 = VECTOR ( 'NONE', #456, 1000.000000000000000 ) ;
#346 = ORIENTED_EDGE ( 'NONE', *, *, #3150, .F. ) ;
#347 = CARTESIAN_POINT ( 'NONE',  ( -167.3433716665791735, 500.3734212634909113, 319.5152673484348611 ) ) ;
#348 = ORIENTED_EDGE ( 'NONE', *, *, #6573, .T. ) ;
#349 = EDGE_CURVE ( 'NONE', #331, #4418, #848, .T. ) ;
#350 = DIRECTION ( 'NONE',  ( -1.921757068467463873E-16, 1.000000000000000000, 1.988027775644956049E-16 ) ) ;
#351 = CIRCLE ( 'NONE', #974, 3.093108195208565281 ) ;
#352 = ORIENTED_EDGE ( 'NONE', *, *, #4059, .F. ) ;
#353 = CARTESIAN_POINT ( 'NONE',  ( 188.2953079537511485, 549.8301664869162551, 272.5501348575845668 ) ) ;
#354 = DIRECTION ( 'NONE',  ( 1.000000000000000000, 0.000000000000000000, 0.000000000000000000 ) ) ;
#355 = VECTOR ( 'NONE', #501, 1000.000000000000000 ) ;
#356 = CARTESIAN_POINT ( 'NONE',  ( -159.9882456869716520, 320.0000000000000568, 309.1348121858569016 ) ) ;
#357 = DIRECTION ( 'NONE',  ( -0.7071067811862841168, -0.000000000000000000, -0.7071067811868109176 ) ) ;
#358 = ORIENTED_EDGE ( 'NONE', *, *, #12453, .F. ) ;
#359 = LINE ( 'NONE', #9118, #6233 ) ;
#360 = EDGE_CURVE ( 'NONE', #11897, #8035, #12362, .T. ) ;
#361 = AXIS2_PLACEMENT_3D ( 'NONE', #3521, #9360, #3396 ) ;
#362 = EDGE_LOOP ( 'NONE', ( #9389, #8289, #11477, #7439, #11828, #4439 ) ) ;
#363 = CIRCLE ( 'NONE', #2612, 1.070998700129166536 ) ;
#364 = ADVANCED_FACE ( 'NONE', ( #1831 ), #9632, .F. ) ;
#365 = VECTOR ( 'NONE', #3144, 999.9999999999998863 ) ;
#366 = ORIENTED_EDGE ( 'NONE', *, *, #286, .T. ) ;
#367 = EDGE_CURVE ( 'NONE', #8832, #9906, #12191, .T. ) ;
#368 = LINE ( 'NONE', #11919, #2466 ) ;
#369 = DIRECTION ( 'NONE',  ( -0.000000000000000000, -1.000000000000000000, -0.000000000000000000 ) ) ;
#370 = CARTESIAN_POINT ( 'NONE',  ( 132.3286688073715993, 120.0000000000000000, 343.4980266327372078 ) ) ;
#371 = CYLINDRICAL_SURFACE ( 'NONE', #9, 0.7656912382572045317 ) ;
#372 = AXIS2_PLACEMENT_3D ( 'NONE', #1915, #2038, #6145 ) ;
#373 = PLANE ( 'NONE',  #2751 ) ;
#374 = EDGE_LOOP ( 'NONE', ( #11632, #12172, #6924, #8419 ) ) ;
#375 = CARTESIAN_POINT ( 'NONE',  ( 155.6329774118507885, 550.1499999999997499, 362.3943590049917134 ) ) ;
#376 = PLANE ( 'NONE',  #2912 ) ;
#377 = DIRECTION ( 'NONE',  ( -1.000000000000000000, 0.000000000000000000, 0.000000000000000000 ) ) ;
#378 = CARTESIAN_POINT ( 'NONE',  ( 50.60003379395966761, 370.0000000000000000, 366.3561429881301592 ) ) ;
#379 = EDGE_LOOP ( 'NONE', ( #3167, #9682, #6033, #10219, #6228, #5329, #8191, #6471 ) ) ;
#380 = ORIENTED_EDGE ( 'NONE', *, *, #7914, .F. ) ;
#381 = ORIENTED_EDGE ( 'NONE', *, *, #8426, .F. ) ;
#382 = DIRECTION ( 'NONE',  ( -0.000000000000000000, 1.000000000000000000, -0.000000000000000000 ) ) ;
#383 = ORIENTED_EDGE ( 'NONE', *, *, #3531, .T. ) ;
#384 = VERTEX_POINT ( 'NONE', #7607 ) ;
#385 = FACE_OUTER_BOUND ( 'NONE', #10989, .T. ) ;
#386 = VECTOR ( 'NONE', #97, 1000.000000000000114 ) ;
#387 = CARTESIAN_POINT ( 'NONE',  ( 41.46524257959476500, 365.0000000000000000, 378.2385419322183111 ) ) ;
#388 = VERTEX_POINT ( 'NONE', #8626 ) ;
#389 = ADVANCED_FACE ( 'NONE', ( #10643 ), #4809, .F. ) ;
#390 = EDGE_CURVE ( 'NONE', #733, #10895, #12546, .T. ) ;
#391 = LINE ( 'NONE', #5279, #324 ) ;
#392 = DIRECTION ( 'NONE',  ( -1.000000000000000000, 0.000000000000000000, -0.000000000000000000 ) ) ;
#393 = CARTESIAN_POINT ( 'NONE',  ( 174.9943130982814523, 120.0000000000000000, 369.2830108560941653 ) ) ;
#394 = CARTESIAN_POINT ( 'NONE',  ( -174.9943130982813955, 117.0000000000000000, 369.2830108560940516 ) ) ;
#395 = VERTEX_POINT ( 'NONE', #685 ) ;
#396 = CARTESIAN_POINT ( 'NONE',  ( 111.3767717391520620, 447.6530411536430165, 351.4274360680452105 ) ) ;
#397 = ORIENTED_EDGE ( 'NONE', *, *, #661, .T. ) ;
#398 = EDGE_CURVE ( 'NONE', #8384, #11256, #2848, .T. ) ;
#399 = VERTEX_POINT ( 'NONE', #9510 ) ;
#400 = DIRECTION ( 'NONE',  ( 0.000000000000000000, -1.000000000000000000, 0.000000000000000000 ) ) ;
#401 = FACE_OUTER_BOUND ( 'NONE', #3852, .T. ) ;
#402 = VERTEX_POINT ( 'NONE', #4682 ) ;
#403 = CARTESIAN_POINT ( 'NONE',  ( 209.6658060082513089, 542.6647186257609974, 281.1641863050565462 ) ) ;
#404 = PLANE ( 'NONE',  #4603 ) ;
#405 = VERTEX_POINT ( 'NONE', #11479 ) ;
#406 = DIRECTION ( 'NONE',  ( -0.000000000000000000, 1.000000000000000000, -0.000000000000000000 ) ) ;
#407 = DIRECTION ( 'NONE',  ( 0.000000000000000000, 0.000000000000000000, -1.000000000000000000 ) ) ;
#408 = VERTEX_POINT ( 'NONE', #10580 ) ;
#409 = ORIENTED_EDGE ( 'NONE', *, *, #10145, .F. ) ;
#410 = FACE_OUTER_BOUND ( 'NONE', #919, .T. ) ;
#411 = EDGE_LOOP ( 'NONE', ( #228, #1190, #11751, #1469 ) ) ;
#412 = EDGE_CURVE ( 'NONE', #4252, #11047, #1888, .T. ) ;
#413 = AXIS2_PLACEMENT_3D ( 'NONE', #5667, #7807, #9409 ) ;
#414 = EDGE_CURVE ( 'NONE', #8452, #9678, #2665, .T. ) ;
#415 = DIRECTION ( 'NONE',  ( 0.000000000000000000, 1.000000000000000000, -0.000000000000000000 ) ) ;
#416 = VERTEX_POINT ( 'NONE', #3080 ) ;
#417 = CARTESIAN_POINT ( 'NONE',  ( -180.8500222863264071, 554.9273790711957872, 321.6797979140298480 ) ) ;
#418 = VECTOR ( 'NONE', #4906, 1000.000000000000000 ) ;
#419 = VECTOR ( 'NONE', #8146, 1000.000000000000000 ) ;
#420 = LINE ( 'NONE', #9880, #2961 ) ;
#421 = DIRECTION ( 'NONE',  ( 0.7781004972741820680, -0.1564344650402308690, 0.6083484809623901368 ) ) ;
#422 = DIRECTION ( 'NONE',  ( 0.9038692836246334794, 0.4261807987011627663, 0.03728598849877559629 ) ) ;
#423 = EDGE_CURVE ( 'NONE', #1274, #10411, #8750, .T. ) ;
#424 = VERTEX_POINT ( 'NONE', #10887 ) ;
#425 = PLANE ( 'NONE',  #12332 ) ;
#426 = VERTEX_POINT ( 'NONE', #6835 ) ;
#427 = ADVANCED_FACE ( 'NONE', ( #9938, #43 ), #3021, .T. ) ;
#428 = AXIS2_PLACEMENT_3D ( 'NONE', #4130, #6754, #10621 ) ;
#429 = EDGE_LOOP ( 'NONE', ( #10162, #7588, #3578, #480, #804 ) ) ;
#430 = EDGE_CURVE ( 'NONE', #4410, #1227, #4092, .T. ) ;
#431 = CARTESIAN_POINT ( 'NONE',  ( 130.5203249716378480, 117.0000000000000000, 368.2120121559649988 ) ) ;
#432 = DIRECTION ( 'NONE',  ( 0.000000000000000000, -1.000000000000000000, 0.000000000000000000 ) ) ;
#433 = B_SPLINE_CURVE_WITH_KNOTS ( 'NONE', 3,
 ( #2674, #10407, #12433, #5579 ),
 .UNSPECIFIED., .F., .F.,
 ( 4, 4 ),
 ( 0.000000000000000000, 1.000000000000000000 ),
 .UNSPECIFIED. ) ;
#434 = LINE ( 'NONE', #2273, #5049 ) ;
#435 = CARTESIAN_POINT ( 'NONE',  ( 132.3286688073715993, 89.99999999999997158, 343.4980266327372078 ) ) ;
#436 = DIRECTION ( 'NONE',  ( 0.000000000000000000, 1.000000000000000000, 0.000000000000000000 ) ) ;
#437 = ORIENTED_EDGE ( 'NONE', *, *, #9185, .T. ) ;
#438 = FACE_OUTER_BOUND ( 'NONE', #4456, .T. ) ;
#439 = EDGE_CURVE ( 'NONE', #9446, #9168, #220, .T. ) ;
#440 = PLANE ( 'NONE',  #12019 ) ;
#441 = CARTESIAN_POINT ( 'NONE',  ( -188.4763652879577478, 120.0000000000000000, 277.5473304590434509 ) ) ;
#442 = AXIS2_PLACEMENT_3D ( 'NONE', #10943, #4985, #3199 ) ;
#443 = LINE ( 'NONE', #4309, #6441 ) ;
#444 = VERTEX_POINT ( 'NONE', #5935 ) ;
#445 = EDGE_LOOP ( 'NONE', ( #868, #9508, #6633, #3229 ) ) ;
#446 = ORIENTED_EDGE ( 'NONE', *, *, #12227, .T. ) ;
#447 = FACE_OUTER_BOUND ( 'NONE', #6619, .T. ) ;
#448 = ORIENTED_EDGE ( 'NONE', *, *, #10428, .T. ) ;
#449 = EDGE_CURVE ( 'NONE', #6883, #5995, #891, .T. ) ;
#450 = AXIS2_PLACEMENT_3D ( 'NONE', #6697, #2941, #1098 ) ;
#451 = ORIENTED_EDGE ( 'NONE', *, *, #1949, .F. ) ;
#452 = CARTESIAN_POINT ( 'NONE',  ( -174.3634170613648564, 500.5974297687673129, 308.3772996811273401 ) ) ;
#453 = CARTESIAN_POINT ( 'NONE',  ( -182.4459273738847571, 500.4620064638681924, 298.0775936582605254 ) ) ;
#454 = ORIENTED_EDGE ( 'NONE', *, *, #11471, .F. ) ;
#455 = DIRECTION ( 'NONE',  ( -0.000000000000000000, -0.000000000000000000, 1.000000000000000000 ) ) ;
#456 = DIRECTION ( 'NONE',  ( 1.217029536772293280E-16, -1.000000000000000000, 0.000000000000000000 ) ) ;
#457 = CARTESIAN_POINT ( 'NONE',  ( -189.6281028363495125, 545.1499999999996362, 278.9337051713582696 ) ) ;
#458 = EDGE_LOOP ( 'NONE', ( #10369, #2240, #6299, #10563 ) ) ;
#459 = LINE ( 'NONE', #5344, #5020 ) ;
#460 = EDGE_LOOP ( 'NONE', ( #10201, #4342, #12400, #6007 ) ) ;
#461 = EDGE_CURVE ( 'NONE', #3273, #11246, #10766, .T. ) ;
#462 = ADVANCED_FACE ( 'NONE', ( #283 ), #2258, .F. ) ;
#463 = ORIENTED_EDGE ( 'NONE', *, *, #1668, .F. ) ;
#464 = CARTESIAN_POINT ( 'NONE',  ( 190.1818355124832465, 120.0000000000000000, 311.3514577545972202 ) ) ;
#465 = CARTESIAN_POINT ( 'NONE',  ( -163.5903419963029251, 443.4226777085930848, 368.4532128227288581 ) ) ;
#466 = VERTEX_POINT ( 'NONE', #9699 ) ;
#467 = VECTOR ( 'NONE', #9425, 1000.000000000000000 ) ;
#468 = CARTESIAN_POINT ( 'NONE',  ( 206.6261401956558927, 545.1499999999996362, 286.4084756982739464 ) ) ;
#469 = CARTESIAN_POINT ( 'NONE',  ( 196.9739027461575915, 420.0000000000000000, 307.7293187483178372 ) ) ;
#470 = VERTEX_POINT ( 'NONE', #9876 ) ;
#471 = DIRECTION ( 'NONE',  ( 1.000000000000000000, 0.000000000000000000, 0.000000000000000000 ) ) ;
#472 = CIRCLE ( 'NONE', #5136, 3.093108195208504885 ) ;
#473 = DIRECTION ( 'NONE',  ( 0.000000000000000000, 0.000000000000000000, 1.000000000000000000 ) ) ;
#474 = ORIENTED_EDGE ( 'NONE', *, *, #10559, .T. ) ;
#475 = ORIENTED_EDGE ( 'NONE', *, *, #5799, .F. ) ;
#476 = CARTESIAN_POINT ( 'NONE',  ( 138.7614265082108318, 340.0000000000000568, 314.8715443206734221 ) ) ;
#477 = VERTEX_POINT ( 'NONE', #4154 ) ;
#478 = CARTESIAN_POINT ( 'NONE',  ( -176.2740575788533306, 500.5716337959922271, 305.9449950768504323 ) ) ;
#480 = ORIENTED_EDGE ( 'NONE', *, *, #11308, .T. ) ;
#479 = AXIS2_PLACEMENT_3D ( 'NONE', #872, #4736, #11536 ) ;
#481 = LINE ( 'NONE', #4224, #11146 ) ;
#482 = DIRECTION ( 'NONE',  ( -0.000000000000000000, -1.000000000000000000, -0.000000000000000000 ) ) ;
#483 = FACE_OUTER_BOUND ( 'NONE', #8095, .T. ) ;
#484 = DIRECTION ( 'NONE',  ( 0.000000000000000000, 0.000000000000000000, -1.000000000000000000 ) ) ;
#485 = ORIENTED_EDGE ( 'NONE', *, *, #9932, .T. ) ;
#486 = FACE_OUTER_BOUND ( 'NONE', #12291, .T. ) ;
#487 = ORIENTED_EDGE ( 'NONE', *, *, #4419, .T. ) ;
#488 = LINE ( 'NONE', #9374, #4904 ) ;
#489 = AXIS2_PLACEMENT_3D ( 'NONE', #4798, #3838, #5805 ) ;
#490 = VERTEX_POINT ( 'NONE', #2069 ) ;
#491 = DIRECTION ( 'NONE',  ( 0.000000000000000000, 0.000000000000000000, 1.000000000000000000 ) ) ;
#492 = DIRECTION ( 'NONE',  ( -0.7625037589850115483, -0.2383113124287892792, 0.6014945850979835917 ) ) ;
#493 = EDGE_CURVE ( 'NONE', #7414, #515, #5112, .T. ) ;
#494 = DIRECTION ( 'NONE',  ( 0.000000000000000000, 1.000000000000000000, 0.000000000000000000 ) ) ;
#495 = FACE_OUTER_BOUND ( 'NONE', #6863, .T. ) ;
#496 = ORIENTED_EDGE ( 'NONE', *, *, #6833, .F. ) ;
#497 = DIRECTION ( 'NONE',  ( 0.000000000000000000, 0.000000000000000000, 1.000000000000000000 ) ) ;
#498 = EDGE_CURVE ( 'NONE', #10112, #5419, #4988, .T. ) ;
#499 = LINE ( 'NONE', #11987, #7575 ) ;
#500 = DIRECTION ( 'NONE',  ( 0.000000000000000000, 0.000000000000000000, 1.000000000000000000 ) ) ;
#501 = DIRECTION ( 'NONE',  ( 1.652860970744799547E-16, -1.000000000000000000, 1.199004327162452205E-16 ) ) ;
#502 = EDGE_CURVE ( 'NONE', #795, #7382, #6857, .T. ) ;
#503 = VECTOR ( 'NONE', #11679, 1000.000000000000000 ) ;
#504 = ORIENTED_EDGE ( 'NONE', *, *, #7576, .F. ) ;
#505 = ORIENTED_EDGE ( 'NONE', *, *, #8704, .T. ) ;
#506 = VERTEX_POINT ( 'NONE', #8856 ) ;
#507 = CARTESIAN_POINT ( 'NONE',  ( -188.7538232997221428, 357.5000000000000000, 303.6097127950929462 ) ) ;
#508 = VERTEX_POINT ( 'NONE', #8796 ) ;
#509 = EDGE_CURVE ( 'NONE', #7088, #3118, #1004, .T. ) ;
#510 = AXIS2_PLACEMENT_3D ( 'NONE', #11633, #5670, #2758 ) ;
#511 = ORIENTED_EDGE ( 'NONE', *, *, #8306, .F. ) ;
#512 = CARTESIAN_POINT ( 'NONE',  ( 215.8576820795999538, 494.0199999999996976, 286.0485949189519488 ) ) ;
#513 = AXIS2_PLACEMENT_3D ( 'NONE', #8998, #1199, #8936 ) ;
#514 = CARTESIAN_POINT ( 'NONE',  ( 190.7868687004566937, 120.0000000000000000, 332.2694703950618873 ) ) ;
#515 = VERTEX_POINT ( 'NONE', #8037 ) ;
#516 = CARTESIAN_POINT ( 'NONE',  ( 14.47175039158928556, 120.0000000000000000, 370.0487020943512562 ) ) ;
#517 = DIRECTION ( 'NONE',  ( 0.000000000000000000, 0.000000000000000000, -1.000000000000000000 ) ) ;
#518 = CARTESIAN_POINT ( 'NONE',  ( -173.5152414616106284, 500.2637939313669904, 311.6478659298448406 ) ) ;
#519 = CARTESIAN_POINT ( 'NONE',  ( -196.2122376367862557, 541.3930063123281116, 270.5871170899722529 ) ) ;
#520 = EDGE_CURVE ( 'NONE', #3629, #3519, #11781, .T. ) ;
#521 = VECTOR ( 'NONE', #6958, 1000.000000000000114 ) ;
#522 = EDGE_LOOP ( 'NONE', ( #600, #1697, #3292, #11352, #2898, #3064, #3443, #9125 ) ) ;
#523 = CARTESIAN_POINT ( 'NONE',  ( -151.8249679581558098, 117.0000000000000000, 380.2970430871539520 ) ) ;
#524 = EDGE_LOOP ( 'NONE', ( #9990, #3981, #1271, #5550 ) ) ;
#525 = AXIS2_PLACEMENT_3D ( 'NONE', #10292, #1590, #4507 ) ;
#526 = EDGE_CURVE ( 'NONE', #11256, #1703, #4868, .T. ) ;
#527 = VERTEX_POINT ( 'NONE', #162 ) ;
#528 = CIRCLE ( 'NONE', #1541, 82.47470435369002928 ) ;
#529 = CARTESIAN_POINT ( 'NONE',  ( 249.3488900384526801, 501.6802010741481013, 194.9504196642338059 ) ) ;
#530 = CARTESIAN_POINT ( 'NONE',  ( 116.3767717391520620, 120.0000000000002132, 326.4274360680452105 ) ) ;
#531 = VERTEX_POINT ( 'NONE', #5875 ) ;
#532 = FACE_OUTER_BOUND ( 'NONE', #6831, .T. ) ;
#533 = AXIS2_PLACEMENT_3D ( 'NONE', #2589, #6452, #10329 ) ;
#534 = DIRECTION ( 'NONE',  ( 0.7851241134539714839, 0.000000000000000000, -0.6193384587389316742 ) ) ;
#535 = ORIENTED_EDGE ( 'NONE', *, *, #5768, .F. ) ;
#536 = VECTOR ( 'NONE', #10340, 1000.000000000000000 ) ;
#537 = LINE ( 'NONE', #3453, #11838 ) ;
#538 = DIRECTION ( 'NONE',  ( 0.000000000000000000, 0.000000000000000000, 1.000000000000000000 ) ) ;
#539 = AXIS2_PLACEMENT_3D ( 'NONE', #4244, #6205, #2340 ) ;
#540 = VERTEX_POINT ( 'NONE', #1061 ) ;
#541 = VERTEX_POINT ( 'NONE', #3969 ) ;
#542 = CARTESIAN_POINT ( 'NONE',  ( -186.7071566514271410, 500.3781751045193005, 292.6424968439480949 ) ) ;
#543 = ORIENTED_EDGE ( 'NONE', *, *, #3707, .T. ) ;
#544 = CARTESIAN_POINT ( 'NONE',  ( 143.7660069451177094, 117.0000000000000000, 368.2120121559649988 ) ) ;
#545 = ORIENTED_EDGE ( 'NONE', *, *, #142, .F. ) ;
#546 = CARTESIAN_POINT ( 'NONE',  ( 192.6500499119014478, 562.4636929232979128, 267.0297075839881131 ) ) ;
#547 = DIRECTION ( 'NONE',  ( 1.000000000000000000, 0.000000000000000000, 0.000000000000000000 ) ) ;
#548 = VECTOR ( 'NONE', #10740, 1000.000000000000114 ) ;
#549 = EDGE_CURVE ( 'NONE', #6535, #8825, #1184, .T. ) ;
#550 = DIRECTION ( 'NONE',  ( -1.000000000000000000, 0.000000000000000000, -1.981605846146593378E-15 ) ) ;
#551 = CARTESIAN_POINT ( 'NONE',  ( -222.8148225622045970, 550.1499999999997499, 268.9165275237086234 ) ) ;
#552 = AXIS2_PLACEMENT_3D ( 'NONE', #4766, #7566, #5592 ) ;
#553 = CARTESIAN_POINT ( 'NONE',  ( 63.01608243374601415, 376.0859873310966464, 377.9443499868726803 ) ) ;
#554 = ORIENTED_EDGE ( 'NONE', *, *, #6714, .F. ) ;
#555 = DIRECTION ( 'NONE',  ( 0.000000000000000000, 0.000000000000000000, -1.000000000000000000 ) ) ;
#556 = AXIS2_PLACEMENT_3D ( 'NONE', #5727, #9603, #8405 ) ;
#557 = EDGE_LOOP ( 'NONE', ( #2121, #5796, #3829, #5659 ) ) ;
#558 = CARTESIAN_POINT ( 'NONE',  ( 0.000000000000000000, -169.9805043914711860, 362.4264068711929099 ) ) ;
#559 = VECTOR ( 'NONE', #7681, 999.9999999999998863 ) ;
#560 = DIRECTION ( 'NONE',  ( 1.000000000000000000, 0.000000000000000000, 0.000000000000000000 ) ) ;
#561 = CARTESIAN_POINT ( 'NONE',  ( 199.9999999999999716, 540.1499999999996362, 250.7734253594445875 ) ) ;
#562 = PLANE ( 'NONE',  #10053 ) ;
#563 = VERTEX_POINT ( 'NONE', #2316 ) ;
#564 = CARTESIAN_POINT ( 'NONE',  ( -130.5203249716377911, 117.0000000000000000, 368.2120121559648851 ) ) ;
#565 = CARTESIAN_POINT ( 'NONE',  ( -190.7868687004565800, 120.0000000000000000, 351.4274360680451537 ) ) ;
#566 = CARTESIAN_POINT ( 'NONE',  ( -50.11788553818409753, 375.7797539217215785, 378.1778283584246765 ) ) ;
#567 = AXIS2_PLACEMENT_3D ( 'NONE', #3006, #11642, #1161 ) ;
#568 = VECTOR ( 'NONE', #7195, 1000.000000000000000 ) ;
#569 = DIRECTION ( 'NONE',  ( -0.000000000000000000, -1.000000000000000000, -0.000000000000000000 ) ) ;
#570 = ORIENTED_EDGE ( 'NONE', *, *, #8514, .F. ) ;
#571 = CIRCLE ( 'NONE', #777, 1.211688060526509902 ) ;
#572 = ORIENTED_EDGE ( 'NONE', *, *, #761, .F. ) ;
#573 = ORIENTED_EDGE ( 'NONE', *, *, #1272, .F. ) ;
#574 = CARTESIAN_POINT ( 'NONE',  ( -165.0713021149375663, 357.5000000000000000, 331.1634153273903962 ) ) ;
#575 = ADVANCED_FACE ( 'NONE', ( #7341 ), #11207, .T. ) ;
#576 = EDGE_LOOP ( 'NONE', ( #8089, #4768, #12262, #4535 ) ) ;
#577 = ADVANCED_FACE ( 'NONE', ( #8295 ), #9302, .T. ) ;
#578 =( GEOMETRIC_REPRESENTATION_CONTEXT ( 3 ) GLOBAL_UNCERTAINTY_ASSIGNED_CONTEXT ( ( #7094 ) ) GLOBAL_UNIT_ASSIGNED_CONTEXT ( ( #636, #4562, #11238 ) ) REPRESENTATION_CONTEXT ( 'NONE', 'WORKASPACE' ) );
#579 = VERTEX_POINT ( 'NONE', #2455 ) ;
#580 = DIRECTION ( 'NONE',  ( -1.000000000000000000, 0.000000000000000000, 0.000000000000000000 ) ) ;
#581 = DIRECTION ( 'NONE',  ( -0.6193384587389315632, 0.000000000000000000, -0.7851241134539714839 ) ) ;
#582 = CARTESIAN_POINT ( 'NONE',  ( 192.4757493626966607, -169.9805043914711860, 362.4264068711929099 ) ) ;
#583 = EDGE_LOOP ( 'NONE', ( #572, #9298, #11414, #1517 ) ) ;
#584 = CARTESIAN_POINT ( 'NONE',  ( -70.18354552143789249, 120.0000000000000000, 383.8903845222603195 ) ) ;
#585 = CARTESIAN_POINT ( 'NONE',  ( -200.0000000000000284, 540.1499999999996362, 250.7734253594445875 ) ) ;
#586 = EDGE_CURVE ( 'NONE', #7971, #4017, #363, .T. ) ;
#587 = LINE ( 'NONE', #4323, #5003 ) ;
#588 = B_SPLINE_CURVE_WITH_KNOTS ( 'NONE', 3,
 ( #457, #3240, #8271, #6353, #9209, #6225, #5151, #3178, #8334, #12005, #3303, #7255, #10172, #519, #2234, #4392, #5281, #4324, #12140, #7316 ),
 .UNSPECIFIED., .F., .F.,
 ( 4, 2, 2, 2, 2, 2, 2, 2, 2, 4 ),
 ( 0.000000000000000000, 0.003207102528349089175, 0.006414205056698178350, 0.008017756320872728576, 0.009621307585047278801, 0.01042308321713466927, 0.01122485884922205975, 0.01202663448130945022, 0.01242752229735331893, 0.01282841011339719110 ),
 .UNSPECIFIED. ) ;
#589 = FACE_OUTER_BOUND ( 'NONE', #6926, .T. ) ;
#590 = ORIENTED_EDGE ( 'NONE', *, *, #1079, .F. ) ;
#591 = FACE_BOUND ( 'NONE', #2727, .T. ) ;
#592 = ORIENTED_EDGE ( 'NONE', *, *, #8306, .T. ) ;
#593 = ORIENTED_EDGE ( 'NONE', *, *, #5515, .T. ) ;
#594 = B_SPLINE_SURFACE_WITH_KNOTS ( 'NONE', 3, 1, ( 
 ( #6820, #3067 ),
 ( #7840, #7958 ),
 ( #1229, #6999 ),
 ( #10808, #4020 ),
 ( #5099, #8964 ),
 ( #3955, #1168 ),
 ( #4138, #8020 ),
 ( #6941, #4912 ) ),
 .UNSPECIFIED., .F., .F., .F.,
 ( 4, 1, 1, 1, 1, 4 ),
 ( 2, 2 ),
 ( 0.000000000000000000, 0.1270575306087949885, 0.3098318228047027834, 0.3771828859513634558, 0.6273544278652261053, 1.000000000000000000 ),
 ( 0.000000000000000000, 1.000000000000000000 ),
 .UNSPECIFIED. ) ;
#595 = CARTESIAN_POINT ( 'NONE',  ( -169.4546960698928615, 340.0000000000000568, 272.4196196219403419 ) ) ;
#596 = CYLINDRICAL_SURFACE ( 'NONE', #4199, 20.00000000000001776 ) ;
#597 = ORIENTED_EDGE ( 'NONE', *, *, #4806, .F. ) ;
#598 = CARTESIAN_POINT ( 'NONE',  ( -187.7746619140061455, 500.0445392671189779, 293.4845892630852973 ) ) ;
#599 = CARTESIAN_POINT ( 'NONE',  ( -66.20020431027140262, 355.0000000000000568, 385.9443499868727372 ) ) ;
#600 = ORIENTED_EDGE ( 'NONE', *, *, #12416, .F. ) ;
#601 = EDGE_CURVE ( 'NONE', #5599, #9181, #4284, .T. ) ;
#602 = CARTESIAN_POINT ( 'NONE',  ( -210.7513632696202990, 541.7345941274847974, 282.4085949155992807 ) ) ;
#603 = VECTOR ( 'NONE', #5769, 1000.000000000000000 ) ;
#604 = CARTESIAN_POINT ( 'NONE',  ( -178.6196059940629937, 500.4878024366432783, 302.9383720921178451 ) ) ;
#605 = VERTEX_POINT ( 'NONE', #6376 ) ;
#606 = ORIENTED_EDGE ( 'NONE', *, *, #10356, .T. ) ;
#607 = DIRECTION ( 'NONE',  ( -1.000000000000000000, 0.000000000000000000, 0.000000000000000000 ) ) ;
#608 = ORIENTED_EDGE ( 'NONE', *, *, #4254, .T. ) ;
#609 = CARTESIAN_POINT ( 'NONE',  ( -85.99406992148851714, 365.0000000000000000, 0.000000000000000000 ) ) ;
#610 = EDGE_LOOP ( 'NONE', ( #802, #6083 ) ) ;
#611 = FACE_OUTER_BOUND ( 'NONE', #9661, .T. ) ;
#612 = CARTESIAN_POINT ( 'NONE',  ( 70.18354552143799197, 120.0000000000000000, 370.0487020943513130 ) ) ;
#613 = CARTESIAN_POINT ( 'NONE',  ( 63.87115989019968509, 377.6219295655859582, 378.3389978434863679 ) ) ;
#614 = FACE_OUTER_BOUND ( 'NONE', #6024, .T. ) ;
#615 = DIRECTION ( 'NONE',  ( 0.6193384587389310081, 0.000000000000000000, -0.7851241134539720390 ) ) ;
#616 = AXIS2_PLACEMENT_3D ( 'NONE', #6492, #2754, #2029 ) ;
#617 = EDGE_LOOP ( 'NONE', ( #8791, #12328, #3492, #11285 ) ) ;
#618 = LINE ( 'NONE', #6389, #8760 ) ;
#619 = VERTEX_POINT ( 'NONE', #3399 ) ;
#620 = EDGE_CURVE ( 'NONE', #9134, #4121, #10132, .T. ) ;
#621 = CARTESIAN_POINT ( 'NONE',  ( -180.5352868563962545, 500.4878024366432783, 300.5098982625374333 ) ) ;
#622 = CARTESIAN_POINT ( 'NONE',  ( 63.87115989019968509, 402.8788993313603441, 381.5525162105519712 ) ) ;
#623 = CARTESIAN_POINT ( 'NONE',  ( 178.6635296935847350, 352.5000000000000000, 318.8681731742010470 ) ) ;
#624 = DIRECTION ( 'NONE',  ( 0.000000000000000000, -0.000000000000000000, 1.000000000000000000 ) ) ;
#625 = ORIENTED_EDGE ( 'NONE', *, *, #114, .F. ) ;
#626 = DIRECTION ( 'NONE',  ( 0.000000000000000000, -1.000000000000000000, 0.000000000000000000 ) ) ;
#627 = CARTESIAN_POINT ( 'NONE',  ( 88.14400427749261269, 412.3469771424736336, 382.3808656844058191 ) ) ;
#628 = DIRECTION ( 'NONE',  ( 0.000000000000000000, 1.000000000000000000, 0.000000000000000000 ) ) ;
#629 = EDGE_CURVE ( 'NONE', #11857, #4841, #9698, .T. ) ;
#630 = EDGE_CURVE ( 'NONE', #9247, #4148, #1433, .T. ) ;
#631 = CARTESIAN_POINT ( 'NONE',  ( -154.9399066220875625, 370.0000000000001137, 281.4648045302496939 ) ) ;
#632 = AXIS2_PLACEMENT_3D ( 'NONE', #3693, #7568, #10486 ) ;
#633 = CYLINDRICAL_SURFACE ( 'NONE', #3667, 1.373246468596767134 ) ;
#634 = EDGE_LOOP ( 'NONE', ( #7655, #1381, #5828, #4076 ) ) ;
#635 = EDGE_LOOP ( 'NONE', ( #2244, #6324, #3170, #10305 ) ) ;
#636 =( LENGTH_UNIT ( ) NAMED_UNIT ( * ) SI_UNIT ( .MILLI., .METRE. ) );
#637 = VERTEX_POINT ( 'NONE', #5303 ) ;
#638 = ORIENTED_EDGE ( 'NONE', *, *, #5458, .F. ) ;
#639 = DIRECTION ( 'NONE',  ( -0.6193384587389315632, 0.000000000000000000, -0.7851241134539715949 ) ) ;
#640 = AXIS2_PLACEMENT_3D ( 'NONE', #8566, #10461, #10525 ) ;
#641 = LINE ( 'NONE', #5714, #2659 ) ;
#642 = VECTOR ( 'NONE', #6742, 1000.000000000000000 ) ;
#643 = DIRECTION ( 'NONE',  ( 0.000000000000000000, 0.000000000000000000, -1.000000000000000000 ) ) ;
#644 = VERTEX_POINT ( 'NONE', #10193 ) ;
#645 = PLANE ( 'NONE',  #9631 ) ;
#646 = FACE_OUTER_BOUND ( 'NONE', #11144, .T. ) ;
#647 = LINE ( 'NONE', #7184, #11303 ) ;
#648 = CARTESIAN_POINT ( 'NONE',  ( -151.8249679581558098, 117.0000000000000000, 382.1878655542434444 ) ) ;
#649 = ORIENTED_EDGE ( 'NONE', *, *, #1379, .T. ) ;
#650 = AXIS2_PLACEMENT_3D ( 'NONE', #10731, #10202, #9179 ) ;
#651 = DIRECTION ( 'NONE',  ( -0.7071067811865426878, -0.7044160264027642393, -0.06162841671621044348 ) ) ;
#652 = ORIENTED_EDGE ( 'NONE', *, *, #9911, .T. ) ;
#653 = ORIENTED_EDGE ( 'NONE', *, *, #3748, .F. ) ;
#654 = DIRECTION ( 'NONE',  ( 0.000000000000000000, 0.000000000000000000, 1.000000000000000000 ) ) ;
#655 = LINE ( 'NONE', #11573, #6219 ) ;
#656 = EDGE_LOOP ( 'NONE', ( #7045, #9405, #266, #4803, #11176, #2065, #7571, #10349, #9930, #3251, #2482, #4139, #10503, #7448, #1312, #1782, #8233, #4866 ) ) ;
#657 = EDGE_CURVE ( 'NONE', #3711, #10140, #1492, .T. ) ;
#658 = CARTESIAN_POINT ( 'NONE',  ( 35.27504519909474112, 412.9811648176871586, 380.4439605203514247 ) ) ;
#659 = CARTESIAN_POINT ( 'NONE',  ( -216.1595133790040393, 1.886455040617450745E-16, 285.6659688636612486 ) ) ;
#660 = ORIENTED_EDGE ( 'NONE', *, *, #8793, .F. ) ;
#661 = EDGE_CURVE ( 'NONE', #2871, #11648, #5429, .T. ) ;
#662 = DIRECTION ( 'NONE',  ( 0.000000000000000000, 0.000000000000000000, 1.000000000000000000 ) ) ;
#663 = CARTESIAN_POINT ( 'NONE',  ( -59.26671879462830361, 351.4138399208507053, 362.1453932174324564 ) ) ;
#664 = EDGE_CURVE ( 'NONE', #10522, #3262, #12220, .T. ) ;
#665 = ADVANCED_FACE ( 'NONE', ( #3524 ), #1306, .T. ) ;
#666 = EDGE_LOOP ( 'NONE', ( #9892, #7931, #6473, #6873, #7342 ) ) ;
#667 = ORIENTED_EDGE ( 'NONE', *, *, #2435, .F. ) ;
#668 = DIRECTION ( 'NONE',  ( 0.000000000000000000, 0.000000000000000000, -1.000000000000000000 ) ) ;
#669 = VERTEX_POINT ( 'NONE', #5363 ) ;
#670 = EDGE_CURVE ( 'NONE', #240, #854, #8882, .T. ) ;
#671 = AXIS2_PLACEMENT_3D ( 'NONE', #5159, #6164, #10048 ) ;
#672 = CARTESIAN_POINT ( 'NONE',  ( 63.62321363309411737, -585.1500000000002046, 0.000000000000000000 ) ) ;
#673 = EDGE_LOOP ( 'NONE', ( #4110, #6136, #2002, #8187 ) ) ;
#674 = CARTESIAN_POINT ( 'NONE',  ( 195.7024822690528936, 540.8045058932206075, 263.1601945342568456 ) ) ;
#675 = CARTESIAN_POINT ( 'NONE',  ( -191.8873057370085178, 117.0000000000000000, 277.5473304590434509 ) ) ;
#676 = DIRECTION ( 'NONE',  ( -0.08682659386424761150, 0.9924325091389669673, 0.08682659386424762538 ) ) ;
#677 = DIRECTION ( 'NONE',  ( 0.000000000000000000, -1.000000000000000000, 0.000000000000000000 ) ) ;
#678 = CARTESIAN_POINT ( 'NONE',  ( -139.9999999999999147, -585.1500000000002046, 400.0000000000000000 ) ) ;
#679 = EDGE_LOOP ( 'NONE', ( #7520, #4970, #305, #3712 ) ) ;
#680 = CARTESIAN_POINT ( 'NONE',  ( -138.6532530255041422, 340.0000000000000568, 300.6102691009217551 ) ) ;
#681 = EDGE_CURVE ( 'NONE', #1664, #506, #6182, .T. ) ;
#682 = ORIENTED_EDGE ( 'NONE', *, *, #12233, .T. ) ;
#683 = AXIS2_PLACEMENT_3D ( 'NONE', #7933, #8247, #4369 ) ;
#684 = EDGE_CURVE ( 'NONE', #10880, #579, #9382, .T. ) ;
#685 = CARTESIAN_POINT ( 'NONE',  ( 151.8249679581558667, 117.0000000000000000, 380.2970430871540657 ) ) ;
#686 = CARTESIAN_POINT ( 'NONE',  ( 132.0792540082315156, 666.0000000000001137, 343.8142052428237889 ) ) ;
#687 = CARTESIAN_POINT ( 'NONE',  ( 70.18354552143794933, 117.0000000000000000, 383.8903845222603763 ) ) ;
#688 = CARTESIAN_POINT ( 'NONE',  ( -74.95297405475031383, 365.0000000000000000, 370.8061429881302047 ) ) ;
#689 = VERTEX_POINT ( 'NONE', #11076 ) ;
#690 = DIRECTION ( 'NONE',  ( -0.7625037589850115483, -0.2383113124287892792, 0.6014945850979835917 ) ) ;
#691 = CARTESIAN_POINT ( 'NONE',  ( -41.46524257959468684, 365.0000000000000000, 378.2385419322183111 ) ) ;
#692 = CARTESIAN_POINT ( 'NONE',  ( -159.9882456869716520, 320.0000000000000568, 304.0335863528722484 ) ) ;
#693 = VECTOR ( 'NONE', #8558, 1000.000000000000000 ) ;
#694 = EDGE_CURVE ( 'NONE', #5207, #6877, #8160, .T. ) ;
#695 = EDGE_CURVE ( 'NONE', #12082, #284, #6253, .T. ) ;
#696 = DIRECTION ( 'NONE',  ( 0.000000000000000000, 1.000000000000000000, 0.000000000000000000 ) ) ;
#697 = CARTESIAN_POINT ( 'NONE',  ( 165.7249778217867799, 340.0000000000000568, 287.9079930070868727 ) ) ;
#698 = ORIENTED_EDGE ( 'NONE', *, *, #502, .T. ) ;
#699 = LINE ( 'NONE', #8575, #8692 ) ;
#700 = VERTEX_POINT ( 'NONE', #12095 ) ;
#701 = ORIENTED_EDGE ( 'NONE', *, *, #12263, .T. ) ;
#702 = FACE_OUTER_BOUND ( 'NONE', #4698, .T. ) ;
#703 = VECTOR ( 'NONE', #7533, 1000.000000000000000 ) ;
#704 = CARTESIAN_POINT ( 'NONE',  ( -159.5806371288343826, 554.9742171757176266, 350.9887037974903023 ) ) ;
#705 = FACE_OUTER_BOUND ( 'NONE', #5680, .T. ) ;
#706 = ORIENTED_EDGE ( 'NONE', *, *, #2250, .T. ) ;
#707 = DIRECTION ( 'NONE',  ( 0.000000000000000000, 0.000000000000000000, 1.000000000000000000 ) ) ;
#708 = DIRECTION ( 'NONE',  ( 0.1924154613586764873, -0.9711530084039702304, -0.1408478771513639038 ) ) ;
#709 = EDGE_CURVE ( 'NONE', #4185, #7835, #2586, .T. ) ;
#710 = PLANE ( 'NONE',  #6830 ) ;
#711 = EDGE_CURVE ( 'NONE', #10410, #541, #12219, .T. ) ;
#712 = CARTESIAN_POINT ( 'NONE',  ( -190.1818355124831328, 120.0000000000000000, 313.0569279791224062 ) ) ;
#713 = ORIENTED_EDGE ( 'NONE', *, *, #7537, .F. ) ;
#714 = AXIS2_PLACEMENT_3D ( 'NONE', #3315, #9030, #9927 ) ;
#715 = FACE_OUTER_BOUND ( 'NONE', #4724, .T. ) ;
#716 = ORIENTED_EDGE ( 'NONE', *, *, #3058, .T. ) ;
#717 = CIRCLE ( 'NONE', #2329, 3.093108195208704281 ) ;
#718 = ORIENTED_EDGE ( 'NONE', *, *, #11864, .F. ) ;
#719 = LINE ( 'NONE', #2978, #7308 ) ;
#720 = DIRECTION ( 'NONE',  ( -0.6193384587389297868, 0.000000000000000000, -0.7851241134539729272 ) ) ;
#721 = ORIENTED_EDGE ( 'NONE', *, *, #12002, .T. ) ;
#722 = DIRECTION ( 'NONE',  ( 0.000000000000000000, -0.9961946980917455452, -0.08715574274765781893 ) ) ;
#723 = CARTESIAN_POINT ( 'NONE',  ( -139.0652792990895250, 340.0000000000000000, 299.8329142190151515 ) ) ;
#724 = VECTOR ( 'NONE', #11548, 1000.000000000000000 ) ;
#725 = EDGE_LOOP ( 'NONE', ( #4937, #1720 ) ) ;
#726 = CARTESIAN_POINT ( 'NONE',  ( -211.2418994699609982, 540.1499999999996362, 281.7867510853392332 ) ) ;
#727 = CIRCLE ( 'NONE', #7821, 1.689261981127287982 ) ;
#728 = FACE_OUTER_BOUND ( 'NONE', #8838, .T. ) ;
#729 = CIRCLE ( 'NONE', #5387, 3.093108195208582600 ) ;
#730 = ORIENTED_EDGE ( 'NONE', *, *, #7089, .F. ) ;
#731 = VERTEX_POINT ( 'NONE', #4599 ) ;
#732 = DIRECTION ( 'NONE',  ( 0.000000000000000000, 1.000000000000000000, -0.000000000000000000 ) ) ;
#733 = VERTEX_POINT ( 'NONE', #4668 ) ;
#734 = ADVANCED_FACE ( 'NONE', ( #9614 ), #7718, .T. ) ;
#735 = CIRCLE ( 'NONE', #3147, 8.687236565862122006 ) ;
#736 = CARTESIAN_POINT ( 'NONE',  ( -59.26671879462830361, 355.0000000001174385, 358.6113322206787188 ) ) ;
#737 = ORIENTED_EDGE ( 'NONE', *, *, #3287, .F. ) ;
#738 = CIRCLE ( 'NONE', #5993, 4.450000000000009948 ) ;
#739 = EDGE_CURVE ( 'NONE', #10983, #5453, #1685, .T. ) ;
#740 = CARTESIAN_POINT ( 'NONE',  ( 193.6535585253037937, 546.2498979182763605, 265.7575779441636996 ) ) ;
#741 = CARTESIAN_POINT ( 'NONE',  ( -59.20020431027140262, 348.6241495211186248, 386.3284239788339391 ) ) ;
#742 = CARTESIAN_POINT ( 'NONE',  ( -116.3767717391519767, 377.5518242583233359, 326.4274360680452105 ) ) ;
#743 =( BOUNDED_SURFACE ( )  B_SPLINE_SURFACE ( 3, 2, ( 
 ( #2122, #5110, #5171 ),
 ( #4215, #2194, #8792 ),
 ( #4922, #11836, #4149 ),
 ( #3019, #5047, #11961 ) ),
 .UNSPECIFIED., .F., .F., .T. ) 
 B_SPLINE_SURFACE_WITH_KNOTS ( ( 4, 4 ),
 ( 3, 3 ),
 ( 1.522911557422872875, 1.570796326794896558 ),
 ( 0.000000000000000000, 0.08019004236234633654 ),
 .UNSPECIFIED. ) 
 GEOMETRIC_REPRESENTATION_ITEM ( )  RATIONAL_B_SPLINE_SURFACE ( (
 ( 1.000000000000000000, 0.9773472363822741649, 0.9583275249128075934),
 ( 1.000000000000000000, 0.9770713455051616148, 0.9578199905608286713),
 ( 1.000000000000000000, 0.9767931525444100149, 0.9573082212499406385),
 ( 1.000000000000000000, 0.9765128803757053833, 0.9567926269866942057) ) ) 
 REPRESENTATION_ITEM ( '' )  SURFACE ( )  );
#744 = CIRCLE ( 'NONE', #7659, 90.47470435369004349 ) ;
#745 = CARTESIAN_POINT ( 'NONE',  ( -272.1522564207221535, 489.0205802199568552, 214.6849856545823911 ) ) ;
#746 = EDGE_CURVE ( 'NONE', #10121, #7563, #10997, .T. ) ;
#747 = CARTESIAN_POINT ( 'NONE',  ( -165.0713021149375663, 352.5000000000000000, 331.1634153273903962 ) ) ;
#748 = ORIENTED_EDGE ( 'NONE', *, *, #11712, .F. ) ;
#749 = DIRECTION ( 'NONE',  ( 0.000000000000000000, 0.000000000000000000, -1.000000000000000000 ) ) ;
#750 = ORIENTED_EDGE ( 'NONE', *, *, #11380, .T. ) ;
#751 = AXIS2_PLACEMENT_3D ( 'NONE', #7613, #6723, #9518 ) ;
#752 = CARTESIAN_POINT ( 'NONE',  ( -138.6532530348891612, 370.0000000000001137, 300.6102691058885625 ) ) ;
#753 = DIRECTION ( 'NONE',  ( -1.000000000000000000, 0.000000000000000000, -1.135654640887155121E-15 ) ) ;
#754 = DIRECTION ( 'NONE',  ( -0.07463981325589597038, 0.8531369693832299150, 0.5163198715415888707 ) ) ;
#755 = AXIS2_PLACEMENT_3D ( 'NONE', #10418, #5657, #3632 ) ;
#756 = VERTEX_POINT ( 'NONE', #10326 ) ;
#757 = DIRECTION ( 'NONE',  ( 0.7851241134539713729, 0.000000000000000000, -0.6193384587389316742 ) ) ;
#758 = FACE_OUTER_BOUND ( 'NONE', #9101, .T. ) ;
#759 = FACE_OUTER_BOUND ( 'NONE', #4471, .T. ) ;
#760 = LINE ( 'NONE', #12306, #1984 ) ;
#761 = EDGE_CURVE ( 'NONE', #11260, #2360, #1751, .T. ) ;
#762 = VECTOR ( 'NONE', #7457, 1000.000000000000000 ) ;
#763 = DIRECTION ( 'NONE',  ( 0.000000000000000000, -1.000000000000000000, 0.000000000000000000 ) ) ;
#764 = CIRCLE ( 'NONE', #8676, 0.7656912382572045317 ) ;
#765 = EDGE_CURVE ( 'NONE', #7618, #12309, #5616, .T. ) ;
#766 = DIRECTION ( 'NONE',  ( 1.000000000000000000, 0.000000000000000000, 0.000000000000000000 ) ) ;
#767 = VECTOR ( 'NONE', #3616, 1000.000000000000000 ) ;
#768 = VERTEX_POINT ( 'NONE', #9494 ) ;
#769 = ORIENTED_EDGE ( 'NONE', *, *, #5826, .T. ) ;
#770 = CARTESIAN_POINT ( 'NONE',  ( -62.80334236607136233, 397.5500634567055158, 381.0863034817294306 ) ) ;
#771 = LINE ( 'NONE', #4760, #3448 ) ;
#772 = DIRECTION ( 'NONE',  ( 0.000000000000000000, 1.000000000000000000, 0.000000000000000000 ) ) ;
#773 = AXIS2_PLACEMENT_3D ( 'NONE', #11529, #3416, #2601 ) ;
#774 = EDGE_LOOP ( 'NONE', ( #1337, #3012, #8843, #4313, #9981, #9253, #3117, #5908 ) ) ;
#775 = CARTESIAN_POINT ( 'NONE',  ( -175.6153292763675893, 315.0000000000000568, 303.3980800510637437 ) ) ;
#776 = CARTESIAN_POINT ( 'NONE',  ( -90.19187790580504327, 412.9811648176871586, 380.4439605203514247 ) ) ;
#777 = AXIS2_PLACEMENT_3D ( 'NONE', #814, #6769, #11834 ) ;
#778 = DIRECTION ( 'NONE',  ( -2.897549362954532616E-15, 0.000000000000000000, 1.000000000000000000 ) ) ;
#779 = DIRECTION ( 'NONE',  ( 0.7625037589850115483, 0.2383113124287892515, -0.6014945850979835917 ) ) ;
#780 = ORIENTED_EDGE ( 'NONE', *, *, #7050, .T. ) ;
#781 = VECTOR ( 'NONE', #4908, 1000.000000000000000 ) ;
#782 = CARTESIAN_POINT ( 'NONE',  ( 130.5203249716378480, 120.0000000000000000, 370.3270121559649510 ) ) ;
#783 = ORIENTED_EDGE ( 'NONE', *, *, #6155, .T. ) ;
#784 = ORIENTED_EDGE ( 'NONE', *, *, #4387, .T. ) ;
#785 = ORIENTED_EDGE ( 'NONE', *, *, #1836, .F. ) ;
#786 = AXIS2_PLACEMENT_3D ( 'NONE', #12089, #10058, #5235 ) ;
#787 = ADVANCED_FACE ( 'NONE', ( #6702, #7470 ), #11402, .T. ) ;
#788 = EDGE_CURVE ( 'NONE', #7971, #340, #928, .T. ) ;
#789 = CARTESIAN_POINT ( 'NONE',  ( 101.3506228754718848, 570.1160211952075088, 351.4274360680452105 ) ) ;
#790 = DIRECTION ( 'NONE',  ( -1.000000000000000000, 0.000000000000000000, 0.000000000000000000 ) ) ;
#791 = ORIENTED_EDGE ( 'NONE', *, *, #2691, .T. ) ;
#792 = DIRECTION ( 'NONE',  ( 0.000000000000000000, 0.000000000000000000, 1.000000000000000000 ) ) ;
#793 = CARTESIAN_POINT ( 'NONE',  ( -171.6157891360268195, 117.0000000000000000, 327.9680754845628599 ) ) ;
#794 = VECTOR ( 'NONE', #4580, 1000.000000000000000 ) ;
#795 = VERTEX_POINT ( 'NONE', #4793 ) ;
#796 = DIRECTION ( 'NONE',  ( 1.703841351481210740E-16, -1.000000000000000000, 0.000000000000000000 ) ) ;
#797 = EDGE_CURVE ( 'NONE', #11440, #1763, #1683, .T. ) ;
#798 = ORIENTED_EDGE ( 'NONE', *, *, #5156, .T. ) ;
#799 = CARTESIAN_POINT ( 'NONE',  ( -73.04314379576342731, 378.2161028627631367, 378.3909812711591485 ) ) ;
#800 = EDGE_CURVE ( 'NONE', #8506, #5298, #5554, .T. ) ;
#801 = ORIENTED_EDGE ( 'NONE', *, *, #8733, .F. ) ;
#802 = ORIENTED_EDGE ( 'NONE', *, *, #849, .T. ) ;
#803 = CARTESIAN_POINT ( 'NONE',  ( -128.2187720577362029, 556.3832346651870466, 348.7080680832796133 ) ) ;
#804 = ORIENTED_EDGE ( 'NONE', *, *, #4806, .T. ) ;
#805 = DIRECTION ( 'NONE',  ( -0.000000000000000000, 1.000000000000000000, -0.000000000000000000 ) ) ;
#806 = ORIENTED_EDGE ( 'NONE', *, *, #4737, .F. ) ;
#807 = FACE_OUTER_BOUND ( 'NONE', #2878, .T. ) ;
#808 = FACE_OUTER_BOUND ( 'NONE', #362, .T. ) ;
#809 = PLANE ( 'NONE',  #2774 ) ;
#810 = CIRCLE ( 'NONE', #7290, 0.7656912382572045317 ) ;
#811 = CARTESIAN_POINT ( 'NONE',  ( 63.62321363309411737, -585.1500000000002046, 400.0000000000000000 ) ) ;
#812 = CARTESIAN_POINT ( 'NONE',  ( -199.9999999999998863, -585.1500000000002046, 340.0000000000000000 ) ) ;
#813 = EDGE_CURVE ( 'NONE', #8193, #1919, #867, .T. ) ;
#814 = CARTESIAN_POINT ( 'NONE',  ( -62.78826645942975659, 374.0785508645338382, 385.9443499868726803 ) ) ;
#815 = ORIENTED_EDGE ( 'NONE', *, *, #6122, .F. ) ;
#816 = PLANE ( 'NONE',  #3888 ) ;
#817 = VECTOR ( 'NONE', #12548, 999.9999999999998863 ) ;
#818 = ORIENTED_EDGE ( 'NONE', *, *, #7119, .F. ) ;
#819 = CARTESIAN_POINT ( 'NONE',  ( -134.4132373733341694, 340.0000000000000568, 310.2530072958558094 ) ) ;
#820 = CARTESIAN_POINT ( 'NONE',  ( -139.9999999999999147, -570.1500000000002046, 400.0000000000000000 ) ) ;
#821 = CARTESIAN_POINT ( 'NONE',  ( -133.2375149975243005, 370.0000000000001137, 315.4117178612977455 ) ) ;
#822 = EDGE_CURVE ( 'NONE', #9175, #6626, #5121, .T. ) ;
#823 = ORIENTED_EDGE ( 'NONE', *, *, #7050, .F. ) ;
#824 = CARTESIAN_POINT ( 'NONE',  ( -252.5241535843728684, 494.0205802199568552, 199.2015241861090544 ) ) ;
#825 = VECTOR ( 'NONE', #2407, 1000.000000000000114 ) ;
#826 = CARTESIAN_POINT ( 'NONE',  ( -199.9999999999998863, -585.1500000000002046, 0.000000000000000000 ) ) ;
#827 = EDGE_CURVE ( 'NONE', #4963, #9415, #4536, .T. ) ;
#828 = DIRECTION ( 'NONE',  ( -1.000000000000000000, 0.000000000000000000, -1.981605846146593378E-15 ) ) ;
#829 = CARTESIAN_POINT ( 'NONE',  ( -192.2160546689203215, 340.0000000000000568, 264.0241012336764470 ) ) ;
#830 = EDGE_CURVE ( 'NONE', #6630, #1872, #8418, .T. ) ;
#831 = DIRECTION ( 'NONE',  ( -0.6193384587389306750, 0.000000000000000000, 0.7851241134539721500 ) ) ;
#832 = ORIENTED_EDGE ( 'NONE', *, *, #994, .F. ) ;
#833 = ORIENTED_EDGE ( 'NONE', *, *, #6712, .F. ) ;
#834 = DIRECTION ( 'NONE',  ( -0.7625037589850115483, -0.2383113124287892515, 0.6014945850979835917 ) ) ;
#835 = EDGE_CURVE ( 'NONE', #6356, #4266, #2775, .T. ) ;
#836 = DIRECTION ( 'NONE',  ( 0.000000000000000000, 0.000000000000000000, 1.000000000000000000 ) ) ;
#837 = DIRECTION ( 'NONE',  ( 0.000000000000000000, 1.000000000000000000, 0.000000000000000000 ) ) ;
#838 = EDGE_LOOP ( 'NONE', ( #7396, #10267, #2823, #11474 ) ) ;
#839 = DIRECTION ( 'NONE',  ( 1.000000000000000000, 0.000000000000000000, 0.000000000000000000 ) ) ;
#840 = CIRCLE ( 'NONE', #4062, 1.705470224525384992 ) ;
#841 = AXIS2_PLACEMENT_3D ( 'NONE', #7131, #6361, #2367 ) ;
#842 = FACE_OUTER_BOUND ( 'NONE', #7023, .T. ) ;
#843 = LINE ( 'NONE', #10545, #5415 ) ;
#844 = DIRECTION ( 'NONE',  ( -0.6159316213005268104, -3.592757177872428179E-16, 0.7877996178484122369 ) ) ;
#845 = VERTEX_POINT ( 'NONE', #1815 ) ;
#846 = PLANE ( 'NONE',  #9705 ) ;
#847 = ORIENTED_EDGE ( 'NONE', *, *, #11287, .T. ) ;
#848 = CIRCLE ( 'NONE', #1049, 3.093108195208626121 ) ;
#849 = EDGE_CURVE ( 'NONE', #11301, #1985, #3833, .T. ) ;
#850 = EDGE_LOOP ( 'NONE', ( #3328, #957, #4519, #7684, #8265 ) ) ;
#851 = EDGE_LOOP ( 'NONE', ( #31, #6463, #6162, #7164 ) ) ;
#852 = CARTESIAN_POINT ( 'NONE',  ( 130.5203249716378480, 120.0000000000000000, 368.2120121559649988 ) ) ;
#853 = CARTESIAN_POINT ( 'NONE',  ( -59.26671879462830361, 350.3307626208624015, 376.8913562029470654 ) ) ;
#854 = VERTEX_POINT ( 'NONE', #6508 ) ;
#855 = CARTESIAN_POINT ( 'NONE',  ( -174.9943130982813955, 117.0000000000000000, 290.9472914527384546 ) ) ;
#856 = DIRECTION ( 'NONE',  ( -0.000000000000000000, 1.000000000000000000, -0.000000000000000000 ) ) ;
#857 = EDGE_LOOP ( 'NONE', ( #9234, #51, #9217, #5711 ) ) ;
#858 = DIRECTION ( 'NONE',  ( 0.000000000000000000, 0.000000000000000000, 1.000000000000000000 ) ) ;
#859 = CIRCLE ( 'NONE', #9568, 1.100437036551937808 ) ;
#860 = EDGE_CURVE ( 'NONE', #8903, #8018, #3583, .T. ) ;
#861 = CARTESIAN_POINT ( 'NONE',  ( -195.7024822690793826, 89.99999999999997158, 263.1601945342233648 ) ) ;
#862 = EDGE_CURVE ( 'NONE', #280, #1354, #4077, .T. ) ;
#863 = ORIENTED_EDGE ( 'NONE', *, *, #2606, .F. ) ;
#864 = ORIENTED_EDGE ( 'NONE', *, *, #5565, .T. ) ;
#865 = CARTESIAN_POINT ( 'NONE',  ( -173.8375568145663124, 370.0000000000001137, 270.4181253767313819 ) ) ;
#866 = ORIENTED_EDGE ( 'NONE', *, *, #8085, .T. ) ;
#867 = LINE ( 'NONE', #7592, #6751 ) ;
#868 = ORIENTED_EDGE ( 'NONE', *, *, #10178, .T. ) ;
#869 = DIRECTION ( 'NONE',  ( -0.000000000000000000, 1.000000000000000000, -0.000000000000000000 ) ) ;
#870 = DIRECTION ( 'NONE',  ( 0.6193384587389310081, 0.000000000000000000, -0.7851241134539720390 ) ) ;
#871 = CARTESIAN_POINT ( 'NONE',  ( 192.9877427735605124, 120.0000000000000000, 351.4274360680452673 ) ) ;
#872 = CARTESIAN_POINT ( 'NONE',  ( -139.9999999999999147, -585.1500000000002046, 340.0000000000000000 ) ) ;
#873 = DIRECTION ( 'NONE',  ( -0.7625037589850115483, -0.2383113124287892515, 0.6014945850979835917 ) ) ;
#874 = ORIENTED_EDGE ( 'NONE', *, *, #2211, .T. ) ;
#875 = PLANE ( 'NONE',  #2267 ) ;
#876 = EDGE_LOOP ( 'NONE', ( #10676, #10334, #8553, #10912 ) ) ;
#877 = CLOSED_SHELL ( 'NONE', ( #9388, #4681, #10972, #2318, #3683, #10239, #6825, #10143, #3365, #9847, #158, #12261, #12391, #12196, #2136, #7805, #1398, #6500, #4582, #2693, #5060, #4697, #8397, #11416, #5626, #8510, #2440, #5872, #2886, #4177, #10730, #7972, #5073, #5544, #8022, #4552, #12031, #9201, #5618, #3551, #12252, #6449, #1116, #5442, #8448, #6261, #12450, #11335, #3474, #3030, #5923, #3603, #108, #2328, #4852, #4571, #9671, #12347, #3575, #8580, #10831, #8795, #6870, #10113, #2070, #5310, #10754, #4338, #2008, #2789, #2492, #11621, #12423, #12367, #10510, #4420, #2357, #575, #7820, #1067, #7141, #11713, #4667, #10596, #11268, #2656, #7253, #11467, #1048, #11671, #2129, #6632, #8471, #2163, #2618, #3930, #10457, #5122, #11563, #10290, #7572, #1370, #9296, #12139, #7739, #5150, #5665, #5078, #10884, #8638, #11232, #11002, #1294, #12303, #5991, #2585, #8729, #4776, #734, #8577, #1000, #3386, #8185, #7847, #9817, #1092, #3022, #11913, #2567, #954, #7796, #3751, #5733, #1830, #12097, #8884, #2663, #6041, #10939, #6557, #2629, #8839, #10750, #9128, #9233, #9816, #9983, #1330, #6627, #4255, #11016, #4152, #3500, #3276, #11535, #896, #3526, #11950, #1941, #3843, #12149, #4914, #337, #12072, #7024, #3869, #1345, #8346, #11333, #6384, #1626, #6371, #5942, #4932, #7182, #12482, #9741, #10504, #11438, #11140, #11819, #9351, #4711, #4321, #1165, #1602, #6645, #33, #1435, #6733, #10063, #7833, #11343, #7948, #10176, #6315, #7985, #8743, #8118, #12020, #4464, #6939, #9731, #389, #2566, #10094, #1711, #5382, #7066, #6223, #1625, #364, #11775, #2025, #4641, #6124, #9267, #10214, #9788, #7799, #10281, #4127, #11624, #11043, #6482, #5254, #1123, #11644, #3961, #11436, #11688, #6194, #9507, #8847, #8351, #2708, #3801, #1431, #4956, #8496, #921, #2501, #7333, #7696, #11465, #906, #11204, #10810, #10623, #7922, #5405, #7416, #6551, #3044, #11014, #8591, #4081, #1175, #9345, #6475, #6741, #9171 ) ) ;
#878 = CARTESIAN_POINT ( 'NONE',  ( -180.0068870314168237, 554.6195392065706073, 324.9541949374440151 ) ) ;
#879 = CARTESIAN_POINT ( 'NONE',  ( 66.12448390330172288, 345.0000000000000000, 385.9443499868726803 ) ) ;
#880 = CARTESIAN_POINT ( 'NONE',  ( 130.5203249716378480, 120.0000000000000000, 360.6470121559650011 ) ) ;
#881 = ORIENTED_EDGE ( 'NONE', *, *, #5735, .F. ) ;
#882 = CARTESIAN_POINT ( 'NONE',  ( -178.0962465139282358, 554.6453351793459206, 327.3864995417210366 ) ) ;
#883 = LINE ( 'NONE', #12304, #263 ) ;
#884 = CARTESIAN_POINT ( 'NONE',  ( 84.00168052530510465, 365.0000000000000000, 363.3737440440420414 ) ) ;
#885 = CARTESIAN_POINT ( 'NONE',  ( 116.3767717391520620, 120.0000000000002132, 326.4274360680452105 ) ) ;
#886 = DIRECTION ( 'NONE',  ( -8.143149021380130749E-14, 0.9758204948378663701, 0.2185734701522162593 ) ) ;
#887 = VECTOR ( 'NONE', #4625, 1000.000000000000000 ) ;
#888 = DIRECTION ( 'NONE',  ( -0.7071067811866894592, 0.000000000000000000, -0.7071067811864055752 ) ) ;
#889 = ORIENTED_EDGE ( 'NONE', *, *, #1524, .T. ) ;
#890 = EDGE_CURVE ( 'NONE', #5268, #6248, #1885, .T. ) ;
#891 =( BOUNDED_CURVE ( )  B_SPLINE_CURVE ( 3, ( #2197, #7913, #6954, #6898 ),
 .UNSPECIFIED., .F., .T. ) 
 B_SPLINE_CURVE_WITH_KNOTS ( ( 4, 4 ),
 ( 3.141592653589793116, 4.712388980384689674 ),
 .UNSPECIFIED. ) 
 CURVE ( )  GEOMETRIC_REPRESENTATION_ITEM ( )  RATIONAL_B_SPLINE_CURVE ( ( 1.000000000000000000, 0.8047378541243649375, 0.8047378541243649375, 1.000000000000000000 ) ) 
 REPRESENTATION_ITEM ( '' )  );
#892 = ORIENTED_EDGE ( 'NONE', *, *, #9473, .F. ) ;
#893 = PRODUCT ( 'su sebili', 'su sebili', '', ( #6006 ) ) ;
#894 = CARTESIAN_POINT ( 'NONE',  ( 63.62321363309397526, -585.1500000000002046, -4.414747292256631652E-14 ) ) ;
#895 = B_SPLINE_CURVE_WITH_KNOTS ( 'NONE', 2,
 ( #7534, #5366, #3403 ),
 .UNSPECIFIED., .F., .F.,
 ( 3, 3 ),
 ( 0.2281005506883931333, 0.3568024759965912063 ),
 .UNSPECIFIED. ) ;
#896 = ADVANCED_FACE ( 'NONE', ( #3010 ), #6819, .F. ) ;
#897 = LINE ( 'NONE', #1655, #5683 ) ;
#898 = DIRECTION ( 'NONE',  ( -0.000000000000000000, -1.000000000000000000, 0.000000000000000000 ) ) ;
#899 = ORIENTED_EDGE ( 'NONE', *, *, #620, .T. ) ;
#900 = AXIS2_PLACEMENT_3D ( 'NONE', #6382, #7405, #9431 ) ;
#901 = EDGE_CURVE ( 'NONE', #399, #7079, #2707, .T. ) ;
#902 = DIRECTION ( 'NONE',  ( -0.000000000000000000, 1.000000000000000000, -0.000000000000000000 ) ) ;
#903 = CARTESIAN_POINT ( 'NONE',  ( -21.30323522931121261, 117.0000000000000000, 384.8487875627029098 ) ) ;
#904 = CARTESIAN_POINT ( 'NONE',  ( -132.0792540082313735, 120.0000000000000000, 343.8142052428237889 ) ) ;
#905 = PLANE ( 'NONE',  #11179 ) ;
#906 = ADVANCED_FACE ( 'NONE', ( #5036 ), #6884, .F. ) ;
#907 = ORIENTED_EDGE ( 'NONE', *, *, #3658, .F. ) ;
#908 = CARTESIAN_POINT ( 'NONE',  ( -66.20020431027140262, 385.0000000000000000, 379.9883152027368283 ) ) ;
#909 = EDGE_LOOP ( 'NONE', ( #10188, #7509 ) ) ;
#910 = AXIS2_PLACEMENT_3D ( 'NONE', #11833, #5107, #8093 ) ;
#911 = EDGE_LOOP ( 'NONE', ( #12448, #11339, #5636, #10930 ) ) ;
#912 = CARTESIAN_POINT ( 'NONE',  ( -173.8375568172954218, 340.0000000000000568, 270.4181253755400576 ) ) ;
#913 = VERTEX_POINT ( 'NONE', #11765 ) ;
#914 = DIRECTION ( 'NONE',  ( -0.000000000000000000, -1.000000000000000000, -0.000000000000000000 ) ) ;
#915 = DIRECTION ( 'NONE',  ( -1.000000000000000000, -0.000000000000000000, -0.000000000000000000 ) ) ;
#916 = LINE ( 'NONE', #8775, #1716 ) ;
#917 = EDGE_CURVE ( 'NONE', #5613, #9415, #7901, .T. ) ;
#918 = AXIS2_PLACEMENT_3D ( 'NONE', #12083, #11133, #5978 ) ;
#919 = EDGE_LOOP ( 'NONE', ( #2624, #1473, #496, #1886 ) ) ;
#920 = CARTESIAN_POINT ( 'NONE',  ( -194.9614902168539743, 558.8468564293651752, 264.0995366982323844 ) ) ;
#921 = ADVANCED_FACE ( 'NONE', ( #8904 ), #6940, .T. ) ;
#922 = AXIS2_PLACEMENT_3D ( 'NONE', #516, #2186, #12197 ) ;
#923 = ORIENTED_EDGE ( 'NONE', *, *, #3907, .T. ) ;
#924 = DIRECTION ( 'NONE',  ( 0.6193384587389308971, 0.000000000000000000, -0.7851241134539720390 ) ) ;
#925 = ORIENTED_EDGE ( 'NONE', *, *, #5395, .T. ) ;
#926 = EDGE_CURVE ( 'NONE', #1522, #5990, #4137, .T. ) ;
#927 = AXIS2_PLACEMENT_3D ( 'NONE', #598, #11195, #8407 ) ;
#928 = LINE ( 'NONE', #12349, #1074 ) ;
#929 = DIRECTION ( 'NONE',  ( -0.7625037589850115483, -0.2383113124287892515, 0.6014945850979835917 ) ) ;
#930 = ORIENTED_EDGE ( 'NONE', *, *, #10657, .T. ) ;
#931 = CARTESIAN_POINT ( 'NONE',  ( 61.64283596514925279, 376.0859873310966464, 377.9443499868726803 ) ) ;
#932 = AXIS2_PLACEMENT_3D ( 'NONE', #5399, #2228, #9270 ) ;
#933 = CC_DESIGN_DATE_AND_TIME_ASSIGNMENT ( #11730, #1014, ( #11340 ) ) ;
#934 = CARTESIAN_POINT ( 'NONE',  ( 42.48496570340527967, 117.0000000000000000, 368.8290452823253531 ) ) ;
#935 = CARTESIAN_POINT ( 'NONE',  ( -216.5706838466720967, 546.0454798236199849, 283.5185303840722781 ) ) ;
#936 = DIRECTION ( 'NONE',  ( 1.000000000000000000, 0.000000000000000000, 0.000000000000000000 ) ) ;
#937 = CARTESIAN_POINT ( 'NONE',  ( -199.9999999999998863, -570.1500000000002046, 400.0000000000000000 ) ) ;
#938 = ORIENTED_EDGE ( 'NONE', *, *, #5989, .F. ) ;
#939 = DIRECTION ( 'NONE',  ( -0.000000000000000000, 1.000000000000000000, -0.000000000000000000 ) ) ;
#940 = VECTOR ( 'NONE', #225, 1000.000000000000000 ) ;
#941 = VERTEX_POINT ( 'NONE', #9743 ) ;
#942 = AXIS2_PLACEMENT_3D ( 'NONE', #3865, #6849, #12500 ) ;
#943 = CARTESIAN_POINT ( 'NONE',  ( -136.1948344576598799, 370.0000000000001137, 305.2559512890150586 ) ) ;
#944 = EDGE_CURVE ( 'NONE', #2485, #733, #11585, .T. ) ;
#945 = CARTESIAN_POINT ( 'NONE',  ( 248.5985330171028806, 120.0000000000000000, 196.1048318924140119 ) ) ;
#946 = AXIS2_PLACEMENT_3D ( 'NONE', #3041, #6858, #11622 ) ;
#947 = CARTESIAN_POINT ( 'NONE',  ( -50.51394905014938530, 370.0000000000000000, 370.8061429881302047 ) ) ;
#948 = EDGE_LOOP ( 'NONE', ( #4634, #4664, #7291, #3046 ) ) ;
#949 = CARTESIAN_POINT ( 'NONE',  ( 0.000000000000000000, 447.6530411536430165, 401.4274360680452105 ) ) ;
#950 = CARTESIAN_POINT ( 'NONE',  ( 59.34243920159818231, 345.0000000000000000, 375.9443499868726235 ) ) ;
#951 = CYLINDRICAL_SURFACE ( 'NONE', #8459, 5.000000000000004441 ) ;
#952 = LINE ( 'NONE', #11424, #2600 ) ;
#953 = LINE ( 'NONE', #9521, #10759 ) ;
#954 = ADVANCED_FACE ( 'NONE', ( #5920 ), #6360, .T. ) ;
#955 = VECTOR ( 'NONE', #7919, 1000.000000000000000 ) ;
#956 = SHAPE_DEFINITION_REPRESENTATION ( #7688, #2384 ) ;
#957 = ORIENTED_EDGE ( 'NONE', *, *, #4998, .F. ) ;
#958 = DIRECTION ( 'NONE',  ( -0.000000000000000000, 1.000000000000000000, -0.000000000000000000 ) ) ;
#959 = DIRECTION ( 'NONE',  ( 0.000000000000000000, 1.000000000000000000, -0.000000000000000000 ) ) ;
#960 = CARTESIAN_POINT ( 'NONE',  ( 171.6157891360268763, 117.0000000000000000, 351.4274360680452673 ) ) ;
#961 = FACE_OUTER_BOUND ( 'NONE', #4517, .T. ) ;
#962 = ORIENTED_EDGE ( 'NONE', *, *, #5864, .F. ) ;
#963 = DIRECTION ( 'NONE',  ( 0.7625037589850115483, 0.2383113124287892515, -0.6014945850979835917 ) ) ;
#964 = VECTOR ( 'NONE', #6365, 1000.000000000000000 ) ;
#965 = DIRECTION ( 'NONE',  ( 0.7851241134539720390, 0.000000000000000000, 0.6193384587389308971 ) ) ;
#966 = AXIS2_PLACEMENT_3D ( 'NONE', #5137, #4948, #6080 ) ;
#967 = EDGE_CURVE ( 'NONE', #8018, #10513, #5934, .T. ) ;
#968 = EDGE_CURVE ( 'NONE', #1800, #8157, #4100, .T. ) ;
#969 = CARTESIAN_POINT ( 'NONE',  ( -168.1915472663334867, 500.7070571008912339, 316.2447010997172470 ) ) ;
#970 = ORIENTED_EDGE ( 'NONE', *, *, #1618, .F. ) ;
#971 = DIRECTION ( 'NONE',  ( -0.000000000000000000, 1.000000000000000000, -0.000000000000000000 ) ) ;
#972 = ORIENTED_EDGE ( 'NONE', *, *, #695, .F. ) ;
#973 = ORIENTED_EDGE ( 'NONE', *, *, #12161, .F. ) ;
#974 = AXIS2_PLACEMENT_3D ( 'NONE', #2572, #9028, #3380 ) ;
#975 = DIRECTION ( 'NONE',  ( 0.000000000000000000, -0.000000000000000000, -1.000000000000000000 ) ) ;
#976 = VECTOR ( 'NONE', #2857, 1000.000000000000114 ) ;
#977 = ORIENTED_EDGE ( 'NONE', *, *, #8739, .F. ) ;
#978 = FACE_OUTER_BOUND ( 'NONE', #11412, .T. ) ;
#979 = CARTESIAN_POINT ( 'NONE',  ( -191.8873057370085178, 117.0000000000000000, 277.5473304590434509 ) ) ;
#980 = DIRECTION ( 'NONE',  ( 0.000000000000000000, -0.000000000000000000, -1.000000000000000000 ) ) ;
#981 = AXIS2_PLACEMENT_3D ( 'NONE', #9089, #6229, #11188 ) ;
#982 = EDGE_LOOP ( 'NONE', ( #8718, #4486 ) ) ;
#983 = DIRECTION ( 'NONE',  ( -1.387778780781444492E-15, 0.000000000000000000, 1.000000000000000000 ) ) ;
#984 = CARTESIAN_POINT ( 'NONE',  ( -158.8259534563381123, 500.5668799549637242, 330.3892917517573551 ) ) ;
#985 = VECTOR ( 'NONE', #2014, 1000.000000000000114 ) ;
#986 = ORIENTED_EDGE ( 'NONE', *, *, #6671, .T. ) ;
#987 = VECTOR ( 'NONE', #12106, 1000.000000000000000 ) ;
#988 = LINE ( 'NONE', #8726, #7872 ) ;
#989 = ORIENTED_EDGE ( 'NONE', *, *, #12138, .T. ) ;
#990 = VECTOR ( 'NONE', #1087, 1000.000000000000000 ) ;
#991 = CARTESIAN_POINT ( 'NONE',  ( -66.20020431027141683, 350.8979939905720471, 361.9808941191034819 ) ) ;
#992 = FACE_OUTER_BOUND ( 'NONE', #9380, .T. ) ;
#993 = EDGE_LOOP ( 'NONE', ( #4377, #7069 ) ) ;
#994 = EDGE_CURVE ( 'NONE', #5787, #11194, #2241, .T. ) ;
#995 = CARTESIAN_POINT ( 'NONE',  ( 102.6377551370874812, 570.1499999999996362, 350.7192593457868952 ) ) ;
#996 = DIRECTION ( 'NONE',  ( 0.6468129065327616889, -0.1564344650402308967, -0.7464323961955414699 ) ) ;
#997 = CARTESIAN_POINT ( 'NONE',  ( -139.9999999999999716, 120.0000000000000000, 400.0000000000000000 ) ) ;
#998 = CARTESIAN_POINT ( 'NONE',  ( -191.8873057370085178, 117.0000000000000000, 351.4274360680451537 ) ) ;
#999 = LINE ( 'NONE', #1179, #7262 ) ;
#1000 = ADVANCED_FACE ( 'NONE', ( #8088 ), #2303, .F. ) ;
#1001 = EDGE_LOOP ( 'NONE', ( #5663, #5857, #6800, #1448 ) ) ;
#1002 = DIRECTION ( 'NONE',  ( -0.7863899488082344291, 0.000000000000000000, 0.6177304010758921660 ) ) ;
#1003 = ORIENTED_EDGE ( 'NONE', *, *, #9953, .T. ) ;
#1004 = LINE ( 'NONE', #7081, #10704 ) ;
#1005 = PLANE ( 'NONE',  #4233 ) ;
#1006 = LINE ( 'NONE', #3790, #9031 ) ;
#1007 = DIRECTION ( 'NONE',  ( 0.000000000000000000, 0.000000000000000000, -1.000000000000000000 ) ) ;
#1008 = CARTESIAN_POINT ( 'NONE',  ( 0.000000000000000000, 345.0000000000000000, 385.9443499868726803 ) ) ;
#1009 = DIRECTION ( 'NONE',  ( 0.7851241134539713729, 0.000000000000000000, -0.6193384587389316742 ) ) ;
#1010 = AXIS2_PLACEMENT_3D ( 'NONE', #960, #4825, #6788 ) ;
#1011 = CARTESIAN_POINT ( 'NONE',  ( -195.7024822690794394, 540.1499999999996362, 263.1601945342232511 ) ) ;
#1012 = EDGE_CURVE ( 'NONE', #11655, #8384, #6234, .T. ) ;
#1013 = EDGE_CURVE ( 'NONE', #11824, #5048, #7766, .T. ) ;
#1014 = DATE_TIME_ROLE ( 'classification_date' ) ;
#1015 = ORIENTED_EDGE ( 'NONE', *, *, #1560, .T. ) ;
#1016 = ORIENTED_EDGE ( 'NONE', *, *, #11104, .F. ) ;
#1017 = CARTESIAN_POINT ( 'NONE',  ( 2.081899558550500674E-14, 580.1499999999997499, 175.7695561956705319 ) ) ;
#1018 = DIRECTION ( 'NONE',  ( -0.6203463926187213762, 0.000000000000000000, 0.7843279627585255653 ) ) ;
#1019 = DIRECTION ( 'NONE',  ( -0.000000000000000000, 1.000000000000000000, -0.000000000000000000 ) ) ;
#1020 = EDGE_CURVE ( 'NONE', #8576, #1234, #6105, .T. ) ;
#1021 = ORIENTED_EDGE ( 'NONE', *, *, #9304, .F. ) ;
#1022 = EDGE_CURVE ( 'NONE', #8324, #6636, #8019, .T. ) ;
#1023 = CARTESIAN_POINT ( 'NONE',  ( 111.3767717391520620, 442.6530411536430165, 351.4274360680452105 ) ) ;
#1024 = DIRECTION ( 'NONE',  ( -0.000000000000000000, 1.000000000000000000, -0.000000000000000000 ) ) ;
#1025 = CARTESIAN_POINT ( 'NONE',  ( 0.000000000000000000, -169.9805043914711860, 362.4264068711929099 ) ) ;
#1026 = VECTOR ( 'NONE', #10903, 1000.000000000000000 ) ;
#1027 = ORIENTED_EDGE ( 'NONE', *, *, #1301, .F. ) ;
#1028 = CARTESIAN_POINT ( 'NONE',  ( -85.99406992148851714, 365.0000000000000000, 365.3661334402255534 ) ) ;
#1029 = ORIENTED_EDGE ( 'NONE', *, *, #7442, .T. ) ;
#1030 = EDGE_LOOP ( 'NONE', ( #4049, #12024, #7881, #2820 ) ) ;
#1031 = VECTOR ( 'NONE', #8608, 1000.000000000000000 ) ;
#1032 = LINE ( 'NONE', #134, #10888 ) ;
#1033 = ORIENTED_EDGE ( 'NONE', *, *, #2371, .F. ) ;
#1034 = DIRECTION ( 'NONE',  ( -1.000000000000000000, 0.000000000000000000, 0.000000000000000000 ) ) ;
#1035 = DIRECTION ( 'NONE',  ( 0.000000000000000000, 0.000000000000000000, -1.000000000000000000 ) ) ;
#1036 = DIRECTION ( 'NONE',  ( -0.000000000000000000, 1.000000000000000000, -0.000000000000000000 ) ) ;
#1037 = CARTESIAN_POINT ( 'NONE',  ( 174.9943130982814523, 117.0000000000000000, 368.2120121559649988 ) ) ;
#1038 = DIRECTION ( 'NONE',  ( 0.000000000000000000, 1.000000000000000000, 0.000000000000000000 ) ) ;
#1039 = DIRECTION ( 'NONE',  ( 0.000000000000000000, 0.000000000000000000, 1.000000000000000000 ) ) ;
#1040 = CIRCLE ( 'NONE', #6917, 5.000000000000004441 ) ;
#1041 = ORIENTED_EDGE ( 'NONE', *, *, #2068, .T. ) ;
#1042 = DIRECTION ( 'NONE',  ( 0.000000000000000000, -1.000000000000000000, 0.000000000000000000 ) ) ;
#1043 = VERTEX_POINT ( 'NONE', #9027 ) ;
#1044 = EDGE_CURVE ( 'NONE', #6397, #6293, #3379, .T. ) ;
#1045 = CARTESIAN_POINT ( 'NONE',  ( -59.20020431027140262, 354.8586249811227162, 358.1839072261502679 ) ) ;
#1046 = CARTESIAN_POINT ( 'NONE',  ( -195.7024822690794394, 4.314818936427879620E-14, 263.1601945342233648 ) ) ;
#1047 = EDGE_LOOP ( 'NONE', ( #3127, #1748 ) ) ;
#1048 = ADVANCED_FACE ( 'NONE', ( #6297 ), #334, .F. ) ;
#1049 = AXIS2_PLACEMENT_3D ( 'NONE', #6523, #12297, #8502 ) ;
#1050 = CARTESIAN_POINT ( 'NONE',  ( 101.4741398813535511, 570.1385330575475336, 350.9576952742891081 ) ) ;
#1051 = DIRECTION ( 'NONE',  ( -0.000000000000000000, 1.000000000000000000, -0.000000000000000000 ) ) ;
#1052 = CARTESIAN_POINT ( 'NONE',  ( -59.20020431027140262, 377.5518242583233359, 355.6679359893877290 ) ) ;
#1053 = EDGE_CURVE ( 'NONE', #240, #10117, #1355, .T. ) ;
#1054 = CARTESIAN_POINT ( 'NONE',  ( -143.7660069451176525, 117.0000000000000000, 369.2830108560940516 ) ) ;
#1055 = EDGE_CURVE ( 'NONE', #9905, #2420, #4063, .T. ) ;
#1056 = LINE ( 'NONE', #8851, #8278 ) ;
#1057 = ORIENTED_EDGE ( 'NONE', *, *, #3388, .T. ) ;
#1058 = FACE_OUTER_BOUND ( 'NONE', #1624, .T. ) ;
#1059 = EDGE_CURVE ( 'NONE', #8916, #12201, #5224, .T. ) ;
#1060 = AXIS2_PLACEMENT_3D ( 'NONE', #1621, #11143, #3324 ) ;
#1061 = CARTESIAN_POINT ( 'NONE',  ( -194.2612671389678951, 554.3744885695475659, 306.7870874959874641 ) ) ;
#1062 = CARTESIAN_POINT ( 'NONE',  ( -149.6759378812392924, 501.0359390972631672, 339.8469053554869674 ) ) ;
#1063 = CARTESIAN_POINT ( 'NONE',  ( -116.3767717391519767, 120.0000000000002132, 326.4274360680452105 ) ) ;
#1064 = DIRECTION ( 'NONE',  ( -0.000000000000000000, 0.000000000000000000, -1.000000000000000000 ) ) ;
#1065 = CARTESIAN_POINT ( 'NONE',  ( 0.000000000000000000, 442.6530411536430165, 392.5570525041796373 ) ) ;
#1066 = CARTESIAN_POINT ( 'NONE',  ( 188.7538232997221428, 357.5000000000000000, 303.6097127950929462 ) ) ;
#1067 = ADVANCED_FACE ( 'NONE', ( #10931 ), #10115, .F. ) ;
#1068 = DIRECTION ( 'NONE',  ( 0.08715574274765820750, 0.9961946980917455452, 0.000000000000000000 ) ) ;
#1069 =( BOUNDED_CURVE ( )  B_SPLINE_CURVE ( 3, ( #10625, #803, #4665, #8612 ),
 .UNSPECIFIED., .F., .F. ) 
 B_SPLINE_CURVE_WITH_KNOTS ( ( 4, 4 ),
 ( 4.712388980384688786, 5.615285478790054796 ),
 .UNSPECIFIED. ) 
 CURVE ( )  GEOMETRIC_REPRESENTATION_ITEM ( )  RATIONAL_B_SPLINE_CURVE ( ( 1.000000000000000000, 0.9332108131830720854, 0.9332108131830720854, 1.000000000000000000 ) ) 
 REPRESENTATION_ITEM ( '' )  );
#1070 = EDGE_CURVE ( 'NONE', #10725, #8697, #2504, .T. ) ;
#1071 = VERTEX_POINT ( 'NONE', #11129 ) ;
#1072 = CARTESIAN_POINT ( 'NONE',  ( -192.9877427735604556, 117.0000000000000000, 332.2694703950617168 ) ) ;
#1073 = DIRECTION ( 'NONE',  ( -1.000000000000000000, 0.000000000000000000, 6.938893903907230350E-16 ) ) ;
#1074 = VECTOR ( 'NONE', #9363, 1000.000000000000000 ) ;
#1075 = DIRECTION ( 'NONE',  ( 0.000000000000000000, 0.000000000000000000, -1.000000000000000000 ) ) ;
#1076 = CARTESIAN_POINT ( 'NONE',  ( -189.6281028363495125, 550.1499999999997499, 278.9337051713582696 ) ) ;
#1077 = CARTESIAN_POINT ( 'NONE',  ( -139.5011983720589512, 370.0000000000001137, 299.0691970202899483 ) ) ;
#1078 = EDGE_LOOP ( 'NONE', ( #127, #1057 ) ) ;
#1079 = EDGE_CURVE ( 'NONE', #7778, #4959, #12383, .T. ) ;
#1080 = CARTESIAN_POINT ( 'NONE',  ( 0.000000000000000000, 90.00000000000000000, 0.000000000000000000 ) ) ;
#1081 = CARTESIAN_POINT ( 'NONE',  ( 176.3135992134150740, 385.0000000000000000, 313.8540661615337513 ) ) ;
#1082 = AXIS2_PLACEMENT_3D ( 'NONE', #2017, #2966, #1007 ) ;
#1083 = LINE ( 'NONE', #4890, #5223 ) ;
#1084 = CARTESIAN_POINT ( 'NONE',  ( 140.0000000000001705, -570.1500000000002046, 400.0000000000000000 ) ) ;
#1085 = EDGE_LOOP ( 'NONE', ( #73, #7109, #5374, #1695 ) ) ;
#1086 = ORIENTED_EDGE ( 'NONE', *, *, #3392, .T. ) ;
#1087 = DIRECTION ( 'NONE',  ( -0.000000000000000000, 1.000000000000000000, -0.000000000000000000 ) ) ;
#1088 = VERTEX_POINT ( 'NONE', #4203 ) ;
#1089 = ORIENTED_EDGE ( 'NONE', *, *, #2278, .T. ) ;
#1090 = FACE_OUTER_BOUND ( 'NONE', #2317, .T. ) ;
#1091 = VERTEX_POINT ( 'NONE', #7323 ) ;
#1092 = ADVANCED_FACE ( 'NONE', ( #3249 ), #11060, .F. ) ;
#1093 = CARTESIAN_POINT ( 'NONE',  ( -101.6007906379336703, 570.1499999999996362, 350.4760366840108645 ) ) ;
#1094 = DIRECTION ( 'NONE',  ( 0.6193384587389317852, 0.000000000000000000, 0.7851241134539713729 ) ) ;
#1095 = ORIENTED_EDGE ( 'NONE', *, *, #5315, .F. ) ;
#1096 = VECTOR ( 'NONE', #1809, 1000.000000000000000 ) ;
#1097 = LINE ( 'NONE', #7770, #11976 ) ;
#1098 = DIRECTION ( 'NONE',  ( -0.6193384587389385576, 0.000000000000000000, -0.7851241134539660438 ) ) ;
#1099 = VERTEX_POINT ( 'NONE', #10243 ) ;
#1100 = CARTESIAN_POINT ( 'NONE',  ( 101.7259631302511309, 570.1499999999997499, 350.0000000000000000 ) ) ;
#1101 = EDGE_LOOP ( 'NONE', ( #2366, #7286, #962, #6363, #4414, #2887 ) ) ;
#1102 = B_SPLINE_CURVE_WITH_KNOTS ( 'NONE', 3,
 ( #5039, #11063, #1231, #3252 ),
 .UNSPECIFIED., .F., .F.,
 ( 4, 4 ),
 ( 0.000000000000000000, 1.000000000000000000 ),
 .UNSPECIFIED. ) ;
#1103 = CARTESIAN_POINT ( 'NONE',  ( -169.6390229934413014, 288.3188014526811003, 303.3980800510659606 ) ) ;
#1104 = CARTESIAN_POINT ( 'NONE',  ( -130.5203249716377911, 120.0000000000000000, 368.2120121559648851 ) ) ;
#1106 = ORIENTED_EDGE ( 'NONE', *, *, #11119, .F. ) ;
#1105 = VECTOR ( 'NONE', #5229, 1000.000000000000000 ) ;
#1107 = CARTESIAN_POINT ( 'NONE',  ( -184.7914757890939086, 500.3781751045193005, 295.0709706735284499 ) ) ;
#1108 = DIRECTION ( 'NONE',  ( 0.000000000000000000, 0.000000000000000000, -1.000000000000000000 ) ) ;
#1109 = CYLINDRICAL_SURFACE ( 'NONE', #6585, 25.44093595064286717 ) ;
#1110 = DIRECTION ( 'NONE',  ( 0.000000000000000000, 0.000000000000000000, 1.000000000000000000 ) ) ;
#1111 = AXIS2_PLACEMENT_3D ( 'NONE', #1968, #10843, #182 ) ;
#1112 = EDGE_CURVE ( 'NONE', #388, #12134, #1419, .T. ) ;
#1113 = DIRECTION ( 'NONE',  ( -0.7851241134539714839, -5.551115123125783935E-17, 0.6193384587389317852 ) ) ;
#1114 = VERTEX_POINT ( 'NONE', #10994 ) ;
#1115 = CARTESIAN_POINT ( 'NONE',  ( -116.3767717391519767, 377.5518242583233359, 401.4274360680452105 ) ) ;
#1116 = ADVANCED_FACE ( 'NONE', ( #1670 ), #5475, .T. ) ;
#1117 = VECTOR ( 'NONE', #5743, 1000.000000000000114 ) ;
#1118 = ADVANCED_FACE ( 'NONE', ( #1733 ), #8472, .T. ) ;
#1119 = AXIS2_PLACEMENT_3D ( 'NONE', #10085, #436, #8244 ) ;
#1120 = DIRECTION ( 'NONE',  ( 0.7071067811864052421, 0.000000000000000000, -0.7071067811866899033 ) ) ;
#1121 = FACE_OUTER_BOUND ( 'NONE', #10809, .T. ) ;
#1122 = DIRECTION ( 'NONE',  ( 0.7625037589850115483, 0.2383113124287892515, -0.6014945850979835917 ) ) ;
#1123 = ADVANCED_FACE ( 'NONE', ( #9348 ), #3700, .F. ) ;
#1124 = DIRECTION ( 'NONE',  ( -1.000000000000000000, 0.000000000000000000, 0.000000000000000000 ) ) ;
#1125 = FACE_OUTER_BOUND ( 'NONE', #9303, .T. ) ;
#1126 = CARTESIAN_POINT ( 'NONE',  ( 188.7538232997221428, 352.5000000000000000, 303.6097127950929462 ) ) ;
#1127 = AXIS2_PLACEMENT_3D ( 'NONE', #2903, #11724, #2850 ) ;
#1128 = CARTESIAN_POINT ( 'NONE',  ( 21.30323522931127656, 117.0000000000000000, 384.8487875627029098 ) ) ;
#1129 = VECTOR ( 'NONE', #320, 1000.000000000000000 ) ;
#1130 = ORIENTED_EDGE ( 'NONE', *, *, #2204, .T. ) ;
#1131 = CARTESIAN_POINT ( 'NONE',  ( 140.0000000000001705, -585.1500000000002046, 340.0000000000000000 ) ) ;
#1132 = DIRECTION ( 'NONE',  ( -0.7625037589850115483, -0.2383113124287892792, 0.6014945850979835917 ) ) ;
#1133 = LINE ( 'NONE', #3094, #11568 ) ;
#1134 = CARTESIAN_POINT ( 'NONE',  ( 66.12448390330172288, 383.0054035202313685, 382.6229516748982746 ) ) ;
#1135 = CARTESIAN_POINT ( 'NONE',  ( -42.48496570340520861, 117.0000000000000000, 371.2683589063772160 ) ) ;
#1136 = VERTEX_POINT ( 'NONE', #12333 ) ;
#1137 = EDGE_CURVE ( 'NONE', #9547, #12235, #6624, .T. ) ;
#1138 = AXIS2_PLACEMENT_3D ( 'NONE', #7927, #10837, #560 ) ;
#1139 = DIRECTION ( 'NONE',  ( -1.000000000000000000, 0.000000000000000000, 0.000000000000000000 ) ) ;
#1140 = EDGE_CURVE ( 'NONE', #11172, #4075, #9751, .T. ) ;
#1141 = DIRECTION ( 'NONE',  ( 1.000000000000000000, 0.000000000000000000, 0.000000000000000000 ) ) ;
#1142 = CARTESIAN_POINT ( 'NONE',  ( -151.8249679581558098, 117.0000000000000000, 380.2970430871539520 ) ) ;
#1143 = EDGE_CURVE ( 'NONE', #9325, #11934, #11744, .T. ) ;
#1144 =( BOUNDED_CURVE ( )  B_SPLINE_CURVE ( 3, ( #104, #1959, #4099, #2075 ),
 .UNSPECIFIED., .F., .F. ) 
 B_SPLINE_CURVE_WITH_KNOTS ( ( 4, 4 ),
 ( 4.762650115759108793, 6.325850246007437505 ),
 .UNSPECIFIED. ) 
 CURVE ( )  GEOMETRIC_REPRESENTATION_ITEM ( )  RATIONAL_B_SPLINE_CURVE ( ( 1.000000000000000000, 0.8065248903853492468, 0.8065248903853492468, 1.000000000000000000 ) ) 
 REPRESENTATION_ITEM ( '' )  );
#1145 = AXIS2_PLACEMENT_3D ( 'NONE', #2202, #9638, #8691 ) ;
#1146 = DIRECTION ( 'NONE',  ( -0.000000000000000000, -0.8555234017384713008, -0.5177641442566626173 ) ) ;
#1147 = ORIENTED_EDGE ( 'NONE', *, *, #10192, .T. ) ;
#1148 = EDGE_LOOP ( 'NONE', ( #11327, #4538, #10629, #573, #11111, #11685 ) ) ;
#1149 = DIRECTION ( 'NONE',  ( 0.000000000000000000, 0.000000000000000000, 1.000000000000000000 ) ) ;
#1150 = ORIENTED_EDGE ( 'NONE', *, *, #1299, .T. ) ;
#1151 = ORIENTED_EDGE ( 'NONE', *, *, #171, .F. ) ;
#1152 = CARTESIAN_POINT ( 'NONE',  ( 200.0000000000001705, -570.1500000000002046, 0.000000000000000000 ) ) ;
#1153 = ORIENTED_EDGE ( 'NONE', *, *, #9801, .F. ) ;
#1154 = CARTESIAN_POINT ( 'NONE',  ( 111.3767717391520620, 442.6530411536430165, 392.5570525041796373 ) ) ;
#1155 = VECTOR ( 'NONE', #3749, 1000.000000000000000 ) ;
#1156 = PLANE ( 'NONE',  #11506 ) ;
#1157 = DIRECTION ( 'NONE',  ( -0.000000000000000000, 1.000000000000000000, -0.000000000000000000 ) ) ;
#1158 = CARTESIAN_POINT ( 'NONE',  ( -66.20020431027140262, 350.3307626208624015, 376.8913562029470654 ) ) ;
#1159 = ORIENTED_EDGE ( 'NONE', *, *, #3461, .T. ) ;
#1160 = CIRCLE ( 'NONE', #3171, 10.00000000000000888 ) ;
#1161 = DIRECTION ( 'NONE',  ( -0.6193384587389315632, 0.000000000000000000, -0.7851241134539715949 ) ) ;
#1162 = CIRCLE ( 'NONE', #10688, 25.44093595064286717 ) ;
#1163 = EDGE_LOOP ( 'NONE', ( #1568, #3536, #9365, #8305, #10537 ) ) ;
#1164 = EDGE_CURVE ( 'NONE', #10673, #11524, #11447, .T. ) ;
#1165 = ADVANCED_FACE ( 'NONE', ( #12454 ), #3759, .F. ) ;
#1166 = AXIS2_PLACEMENT_3D ( 'NONE', #5386, #5327, #3285 ) ;
#1167 = CARTESIAN_POINT ( 'NONE',  ( -66.20020431027141683, 349.7463941653630854, 367.3287789599734197 ) ) ;
#1168 = CARTESIAN_POINT ( 'NONE',  ( -66.20020431027140262, 343.9926239642709902, 377.5617482014901043 ) ) ;
#1169 = ORIENTED_EDGE ( 'NONE', *, *, #4775, .F. ) ;
#1170 = CARTESIAN_POINT ( 'NONE',  ( 66.12448390330172288, 356.9106833265976206, 359.0020664014754743 ) ) ;
#1171 = DIRECTION ( 'NONE',  ( -1.000000000000000000, 0.000000000000000000, 0.000000000000000000 ) ) ;
#1172 = CARTESIAN_POINT ( 'NONE',  ( 188.4763652879578615, 117.0000000000000000, 311.3514577545972202 ) ) ;
#1173 = AXIS2_PLACEMENT_3D ( 'NONE', #5095, #6039, #9921 ) ;
#1174 = ORIENTED_EDGE ( 'NONE', *, *, #7119, .T. ) ;
#1175 = ADVANCED_FACE ( 'NONE', ( #1803 ), #10723, .F. ) ;
#1176 = EDGE_CURVE ( 'NONE', #4386, #336, #719, .T. ) ;
#1177 = CARTESIAN_POINT ( 'NONE',  ( -208.3092259242607724, 544.1125798692543185, 285.5044480652846914 ) ) ;
#1178 = VECTOR ( 'NONE', #2897, 1000.000000000000000 ) ;
#1179 = CARTESIAN_POINT ( 'NONE',  ( 84.01670086485232503, 365.1716832666299410, 363.3587237044947642 ) ) ;
#1180 = EDGE_LOOP ( 'NONE', ( #5166, #7751, #3410, #8330 ) ) ;
#1181 = FACE_OUTER_BOUND ( 'NONE', #8281, .T. ) ;
#1182 = ORIENTED_EDGE ( 'NONE', *, *, #5186, .F. ) ;
#1183 = AXIS2_PLACEMENT_3D ( 'NONE', #8451, #8515, #1842 ) ;
#1184 = LINE ( 'NONE', #5050, #8071 ) ;
#1185 = ORIENTED_EDGE ( 'NONE', *, *, #4243, .F. ) ;
#1186 = CARTESIAN_POINT ( 'NONE',  ( -159.5806371288343826, 554.9742171757176266, 350.9887037974903023 ) ) ;
#1187 = CARTESIAN_POINT ( 'NONE',  ( -50.51394905014938530, 370.0000000000000000, 366.3296056465372885 ) ) ;
#1188 = DIRECTION ( 'NONE',  ( 0.2571383543738348099, 0.9448466723902517739, 0.2028413971135684946 ) ) ;
#1189 = CARTESIAN_POINT ( 'NONE',  ( -66.20020431027140262, 350.0000000000001137, 372.6876302304743263 ) ) ;
#1190 = ORIENTED_EDGE ( 'NONE', *, *, #4927, .F. ) ;
#1191 = CARTESIAN_POINT ( 'NONE',  ( 59.34243920159818231, 345.0000000000000000, 0.000000000000000000 ) ) ;
#1192 = CARTESIAN_POINT ( 'NONE',  ( 42.48496570340527967, 117.0000000000000000, 368.8290452823253531 ) ) ;
#1193 = CALENDAR_DATE ( 2022, 29, 1 ) ;
#1194 = ORIENTED_EDGE ( 'NONE', *, *, #1044, .F. ) ;
#1195 = PLANE ( 'NONE',  #7738 ) ;
#1196 = CARTESIAN_POINT ( 'NONE',  ( 190.1818355124832465, 117.0000000000000000, 277.5473304590436214 ) ) ;
#1197 = CARTESIAN_POINT ( 'NONE',  ( 171.6157891360269332, 117.0000000000000000, 290.9472914527386251 ) ) ;
#1198 = PLANE ( 'NONE',  #8112 ) ;
#1199 = DIRECTION ( 'NONE',  ( -1.000000000000000000, -0.000000000000000000, -0.000000000000000000 ) ) ;
#1200 = ORIENTED_EDGE ( 'NONE', *, *, #1207, .F. ) ;
#1201 = EDGE_CURVE ( 'NONE', #8953, #6883, #9772, .T. ) ;
#1202 = CARTESIAN_POINT ( 'NONE',  ( 151.8249679581558667, 120.0000000000000000, 380.2970430871540657 ) ) ;
#1203 = LINE ( 'NONE', #8765, #11281 ) ;
#1204 = VECTOR ( 'NONE', #1509, 1000.000000000000114 ) ;
#1205 = FACE_OUTER_BOUND ( 'NONE', #374, .T. ) ;
#1206 = EDGE_CURVE ( 'NONE', #5654, #3897, #4586, .T. ) ;
#1207 = EDGE_CURVE ( 'NONE', #3848, #7414, #7386, .T. ) ;
#1208 = DIRECTION ( 'NONE',  ( -0.000000000000000000, 1.000000000000000000, -0.000000000000000000 ) ) ;
#1209 = ORIENTED_EDGE ( 'NONE', *, *, #3599, .F. ) ;
#1210 = ORIENTED_EDGE ( 'NONE', *, *, #6252, .T. ) ;
#1211 = CARTESIAN_POINT ( 'NONE',  ( -85.17062379273913564, 365.0000000000000000, 363.3737440440420414 ) ) ;
#1212 = ORIENTED_EDGE ( 'NONE', *, *, #9882, .T. ) ;
#1213 = EDGE_CURVE ( 'NONE', #9934, #10991, #10945, .T. ) ;
#1214 = ORIENTED_EDGE ( 'NONE', *, *, #6807, .T. ) ;
#1215 = FACE_OUTER_BOUND ( 'NONE', #8017, .T. ) ;
#1216 = ORIENTED_EDGE ( 'NONE', *, *, #7325, .T. ) ;
#1217 =( BOUNDED_CURVE ( )  B_SPLINE_CURVE ( 3, ( #6016, #5074, #2982, #6856 ),
 .UNSPECIFIED., .F., .T. ) 
 B_SPLINE_CURVE_WITH_KNOTS ( ( 4, 4 ),
 ( 3.809492481979323220, 4.712388980384690562 ),
 .UNSPECIFIED. ) 
 CURVE ( )  GEOMETRIC_REPRESENTATION_ITEM ( )  RATIONAL_B_SPLINE_CURVE ( ( 1.000000000000000000, 0.9332108131830718634, 0.9332108131830718634, 1.000000000000000000 ) ) 
 REPRESENTATION_ITEM ( '' )  );
#1218 = CARTESIAN_POINT ( 'NONE',  ( -210.1170885327782116, 541.3716124668708289, 281.5352294406421834 ) ) ;
#1219 = DIRECTION ( 'NONE',  ( -0.000000000000000000, 1.000000000000000000, -0.000000000000000000 ) ) ;
#1220 = AXIS2_PLACEMENT_3D ( 'NONE', #9898, #8935, #4238 ) ;
#1221 = LINE ( 'NONE', #11639, #3676 ) ;
#1222 = CARTESIAN_POINT ( 'NONE',  ( -195.1917433146444978, 543.3721565844382440, 263.8076490288522677 ) ) ;
#1223 = EDGE_CURVE ( 'NONE', #563, #3629, #1701, .T. ) ;
#1224 = ORIENTED_EDGE ( 'NONE', *, *, #360, .F. ) ;
#1225 = FACE_OUTER_BOUND ( 'NONE', #634, .T. ) ;
#1226 = EDGE_LOOP ( 'NONE', ( #10851, #9408, #6867, #2503, #4144, #9052, #12389, #119, #6855, #6637, #3463, #6458, #8033, #7639, #5355, #986, #9457, #1130, #7261, #8360, #82, #11366 ) ) ;
#1227 = VERTEX_POINT ( 'NONE', #11325 ) ;
#1228 = DIRECTION ( 'NONE',  ( -1.000000000000000000, 0.000000000000000000, 0.000000000000000000 ) ) ;
#1229 = CARTESIAN_POINT ( 'NONE',  ( -59.20020431027140262, 349.0481541527283866, 356.7522560851938351 ) ) ;
#1230 = ORIENTED_EDGE ( 'NONE', *, *, #526, .T. ) ;
#1231 = CARTESIAN_POINT ( 'NONE',  ( -61.57788063317600802, 350.0000000000000000, 367.2715862585909008 ) ) ;
#1232 = DIRECTION ( 'NONE',  ( 0.6193384587389316742, 0.000000000000000000, 0.7851241134539713729 ) ) ;
#1233 = LINE ( 'NONE', #11830, #7403 ) ;
#1234 = VERTEX_POINT ( 'NONE', #5537 ) ;
#1235 = EDGE_CURVE ( 'NONE', #7618, #10179, #2694, .T. ) ;
#1236 = EDGE_CURVE ( 'NONE', #7047, #8911, #4872, .T. ) ;
#1237 = LINE ( 'NONE', #5296, #7177 ) ;
#1238 = VECTOR ( 'NONE', #8544, 1000.000000000000000 ) ;
#1239 = LINE ( 'NONE', #5108, #6502 ) ;
#1240 = ORIENTED_EDGE ( 'NONE', *, *, #1558, .T. ) ;
#1241 = CARTESIAN_POINT ( 'NONE',  ( 131.8187301371596050, 120.0000000000000000, 335.1700527001624437 ) ) ;
#1242 = ORIENTED_EDGE ( 'NONE', *, *, #11562, .T. ) ;
#1243 = VECTOR ( 'NONE', #6266, 1000.000000000000114 ) ;
#1244 = CIRCLE ( 'NONE', #1647, 3.093108195208626121 ) ;
#1245 = CARTESIAN_POINT ( 'NONE',  ( 64.38932890234278261, 376.0859873310966464, 377.9443499868726803 ) ) ;
#1246 = ORIENTED_EDGE ( 'NONE', *, *, #2956, .F. ) ;
#1247 = FACE_OUTER_BOUND ( 'NONE', #6847, .T. ) ;
#1248 = CARTESIAN_POINT ( 'NONE',  ( -130.5203249716377911, 120.0000000000000000, 368.2120121559648851 ) ) ;
#1249 = EDGE_CURVE ( 'NONE', #4460, #1587, #2213, .T. ) ;
#1250 = CARTESIAN_POINT ( 'NONE',  ( 130.5203249716378480, 120.0000000000000000, 366.0970121559649897 ) ) ;
#1251 = EDGE_CURVE ( 'NONE', #5016, #7603, #8056, .T. ) ;
#1252 = FACE_BOUND ( 'NONE', #557, .T. ) ;
#1253 = VERTEX_POINT ( 'NONE', #3218 ) ;
#1254 = LINE ( 'NONE', #169, #365 ) ;
#1255 = AXIS2_PLACEMENT_3D ( 'NONE', #7541, #1696, #11656 ) ;
#1256 = DIRECTION ( 'NONE',  ( 0.6193384587389321183, 0.000000000000000000, 0.7851241134539710398 ) ) ;
#1257 = VERTEX_POINT ( 'NONE', #8875 ) ;
#1258 = DIRECTION ( 'NONE',  ( -0.7625037589850115483, -0.2383113124287892792, 0.6014945850979835917 ) ) ;
#1259 = PLANE ( 'NONE',  #10470 ) ;
#1260 = DIRECTION ( 'NONE',  ( 0.08682659386424762538, 0.9924325091389669673, 0.08682659386424761150 ) ) ;
#1261 = FACE_OUTER_BOUND ( 'NONE', #143, .T. ) ;
#1262 = CARTESIAN_POINT ( 'NONE',  ( 2.081899558550500674E-14, 570.1499999999997499, 85.29485184198051684 ) ) ;
#1263 = VERTEX_POINT ( 'NONE', #11854 ) ;
#1264 = DIRECTION ( 'NONE',  ( 1.000000000000000000, 0.000000000000000000, 0.000000000000000000 ) ) ;
#1265 = CARTESIAN_POINT ( 'NONE',  ( -59.26671879462830361, 377.5518242583233359, 357.2715862585909008 ) ) ;
#1266 = DIRECTION ( 'NONE',  ( 0.000000000000000000, 0.000000000000000000, 1.000000000000000000 ) ) ;
#1267 = CARTESIAN_POINT ( 'NONE',  ( -154.9399066220875625, 340.0000000000000568, 281.4648045302496939 ) ) ;
#1268 = ORIENTED_EDGE ( 'NONE', *, *, #2914, .F. ) ;
#1269 = ORIENTED_EDGE ( 'NONE', *, *, #10240, .T. ) ;
#1270 = CARTESIAN_POINT ( 'NONE',  ( 87.60967213434086887, 383.4664177933577207, 362.5815879599392133 ) ) ;
#1271 = ORIENTED_EDGE ( 'NONE', *, *, #423, .T. ) ;
#1272 = EDGE_CURVE ( 'NONE', #4820, #11897, #5069, .T. ) ;
#1273 = VECTOR ( 'NONE', #5490, 1000.000000000000114 ) ;
#1274 = VERTEX_POINT ( 'NONE', #11735 ) ;
#1275 = EDGE_CURVE ( 'NONE', #2434, #1043, #11796, .T. ) ;
#1276 = FACE_OUTER_BOUND ( 'NONE', #6215, .T. ) ;
#1277 = EDGE_LOOP ( 'NONE', ( #11876, #2299, #2884, #11508 ) ) ;
#1278 = DIRECTION ( 'NONE',  ( 0.000000000000000000, -1.000000000000000000, 0.000000000000000000 ) ) ;
#1279 = EDGE_CURVE ( 'NONE', #605, #3262, #7033, .T. ) ;
#1280 = DIRECTION ( 'NONE',  ( 0.000000000000000000, 0.000000000000000000, 1.000000000000000000 ) ) ;
#1281 = B_SPLINE_CURVE_WITH_KNOTS ( 'NONE', 3,
 ( #3476, #8241, #4362, #2470 ),
 .UNSPECIFIED., .F., .F.,
 ( 4, 4 ),
 ( 0.4487228954519673629, 0.5909767064725846009 ),
 .UNSPECIFIED. ) ;
#1282 = DIRECTION ( 'NONE',  ( -0.000000000000000000, 1.000000000000000000, -0.000000000000000000 ) ) ;
#1283 = DIRECTION ( 'NONE',  ( 1.000000000000000000, 0.000000000000000000, 0.000000000000000000 ) ) ;
#1284 = VERTEX_POINT ( 'NONE', #10839 ) ;
#1285 = CARTESIAN_POINT ( 'NONE',  ( -130.5085508143365587, 90.00000000000000000, 298.1594624209304243 ) ) ;
#1286 = ORIENTED_EDGE ( 'NONE', *, *, #7745, .T. ) ;
#1287 = AXIS2_PLACEMENT_3D ( 'NONE', #9127, #8181, #9960 ) ;
#1288 = ORIENTED_EDGE ( 'NONE', *, *, #12315, .T. ) ;
#1289 =( BOUNDED_CURVE ( )  B_SPLINE_CURVE ( 3, ( #1807, #19, #6808, #10430 ),
 .UNSPECIFIED., .F., .T. ) 
 B_SPLINE_CURVE_WITH_KNOTS ( ( 4, 4 ),
 ( 1.686291696466984957, 2.238696155184427994 ),
 .UNSPECIFIED. ) 
 CURVE ( )  GEOMETRIC_REPRESENTATION_ITEM ( )  RATIONAL_B_SPLINE_CURVE ( ( 1.000000000000000000, 0.9747320269892274514, 0.9747320269892274514, 1.000000000000000000 ) ) 
 REPRESENTATION_ITEM ( '' )  );
#1290 = DIRECTION ( 'NONE',  ( 0.000000000000000000, 0.000000000000000000, 1.000000000000000000 ) ) ;
#1291 = CARTESIAN_POINT ( 'NONE',  ( -41.46524257959468684, 365.0000000000000000, 378.2385419322183111 ) ) ;
#1292 = VERTEX_POINT ( 'NONE', #178 ) ;
#1293 = CYLINDRICAL_SURFACE ( 'NONE', #12060, 5.000000000000007105 ) ;
#1294 = ADVANCED_FACE ( 'NONE', ( #2334 ), #1198, .T. ) ;
#1295 = CARTESIAN_POINT ( 'NONE',  ( 39.47285318341127436, 365.0000000000000000, 376.2461525360348560 ) ) ;
#1296 = ORIENTED_EDGE ( 'NONE', *, *, #10908, .F. ) ;
#1297 = CIRCLE ( 'NONE', #4744, 0.7656912382571490205 ) ;
#1298 = CARTESIAN_POINT ( 'NONE',  ( -190.6860293981694667, 545.0976778293958205, 277.5925908868691749 ) ) ;
#1299 = EDGE_CURVE ( 'NONE', #2509, #7363, #7100, .T. ) ;
#1300 = CARTESIAN_POINT ( 'NONE',  ( -191.5603466453486305, 550.1499999999997499, 268.4111046198163422 ) ) ;
#1301 = EDGE_CURVE ( 'NONE', #6946, #4252, #2233, .T. ) ;
#1302 = EDGE_LOOP ( 'NONE', ( #1808, #11689, #8399, #6270 ) ) ;
#1303 = CARTESIAN_POINT ( 'NONE',  ( 165.7249778217860978, 353.0301142945487527, 284.9893852171235835 ) ) ;
#1304 = EDGE_LOOP ( 'NONE', ( #977, #6314, #9782, #11846 ) ) ;
#1305 = AXIS2_PLACEMENT_3D ( 'NONE', #10320, #12401, #2643 ) ;
#1306 = CYLINDRICAL_SURFACE ( 'NONE', #9588, 90.47470435369001507 ) ;
#1307 = ORIENTED_EDGE ( 'NONE', *, *, #9132, .T. ) ;
#1308 = CYLINDRICAL_SURFACE ( 'NONE', #8316, 1.219656812025959880 ) ;
#1309 = CARTESIAN_POINT ( 'NONE',  ( -75.48879919395864135, 375.7797539217215785, 378.1778283584246765 ) ) ;
#1310 = DIRECTION ( 'NONE',  ( 0.000000000000000000, 0.000000000000000000, -1.000000000000000000 ) ) ;
#1311 = LINE ( 'NONE', #3334, #10472 ) ;
#1312 = ORIENTED_EDGE ( 'NONE', *, *, #3912, .T. ) ;
#1313 = DIRECTION ( 'NONE',  ( 0.000000000000000000, 0.000000000000000000, 1.000000000000000000 ) ) ;
#1314 = ORIENTED_EDGE ( 'NONE', *, *, #601, .T. ) ;
#1315 = CIRCLE ( 'NONE', #922, 1.219656812025959880 ) ;
#1316 = EDGE_LOOP ( 'NONE', ( #2580, #6527, #8453, #10825 ) ) ;
#1317 = ADVANCED_FACE ( 'NONE', ( #1261 ), #4171, .T. ) ;
#1318 = ADVANCED_FACE ( 'NONE', ( #10962 ), #6012, .F. ) ;
#1319 = CARTESIAN_POINT ( 'NONE',  ( -103.5354979033994454, 570.0167564080398961, 351.4274360680452105 ) ) ;
#1320 = LINE ( 'NONE', #8933, #10056 ) ;
#1321 = DIRECTION ( 'NONE',  ( 0.000000000000000000, 0.000000000000000000, -1.000000000000000000 ) ) ;
#1322 = DIRECTION ( 'NONE',  ( 0.000000000000000000, -0.9961946980917455452, -0.08715574274765781893 ) ) ;
#1323 = CIRCLE ( 'NONE', #102, 3.093108195208548405 ) ;
#1324 = LINE ( 'NONE', #5193, #9223 ) ;
#1325 = ORIENTED_EDGE ( 'NONE', *, *, #4301, .F. ) ;
#1326 = CARTESIAN_POINT ( 'NONE',  ( -70.18354552143789249, 120.0000000000000000, 383.8903845222603195 ) ) ;
#1327 = DIRECTION ( 'NONE',  ( 0.1924154613586765150, -0.9711530084039703414, -0.1408478771513629324 ) ) ;
#1328 = AXIS2_PLACEMENT_3D ( 'NONE', #3347, #5070, #6074 ) ;
#1329 = DIRECTION ( 'NONE',  ( 0.000000000000000000, 0.000000000000000000, 1.000000000000000000 ) ) ;
#1330 = ADVANCED_FACE ( 'NONE', ( #2274 ), #4108, .F. ) ;
#1331 = CARTESIAN_POINT ( 'NONE',  ( 0.000000000000000000, 377.5518242583233359, 355.6679359893877290 ) ) ;
#1332 = AXIS2_PLACEMENT_3D ( 'NONE', #3366, #2487, #4447 ) ;
#1333 = ORIENTED_EDGE ( 'NONE', *, *, #1836, .T. ) ;
#1334 = ORIENTED_EDGE ( 'NONE', *, *, #3907, .F. ) ;
#1335 = ORIENTED_EDGE ( 'NONE', *, *, #1789, .F. ) ;
#1336 = CARTESIAN_POINT ( 'NONE',  ( -175.1311997525218089, 352.5000000000000000, 324.1304959033155342 ) ) ;
#1337 = ORIENTED_EDGE ( 'NONE', *, *, #3952, .T. ) ;
#1338 = ORIENTED_EDGE ( 'NONE', *, *, #4126, .F. ) ;
#1339 = AXIS2_PLACEMENT_3D ( 'NONE', #6460, #2533, #4431 ) ;
#1340 = LINE ( 'NONE', #12132, #5588 ) ;
#1341 = CARTESIAN_POINT ( 'NONE',  ( 59.34243920159818231, 377.5518242583233359, 401.4274360680452105 ) ) ;
#1342 = EDGE_LOOP ( 'NONE', ( #2418, #3637, #9995, #11419 ) ) ;
#1343 = VECTOR ( 'NONE', #8198, 1000.000000000000000 ) ;
#1344 = CARTESIAN_POINT ( 'NONE',  ( -59.20020431027140262, 385.0000000000000000, 385.9443499868726803 ) ) ;
#1345 = ADVANCED_FACE ( 'NONE', ( #11027 ), #371, .F. ) ;
#1346 = CARTESIAN_POINT ( 'NONE',  ( -160.1039966089688562, 500.8166844330152117, 326.5405763478875087 ) ) ;
#1347 = CARTESIAN_POINT ( 'NONE',  ( -199.9999999999999716, 120.0000000000000000, 252.5327249503624500 ) ) ;
#1348 = PLANE ( 'NONE',  #9131 ) ;
#1349 = EDGE_CURVE ( 'NONE', #9692, #5519, #10782, .T. ) ;
#1350 = ORIENTED_EDGE ( 'NONE', *, *, #79, .F. ) ;
#1351 = FACE_BOUND ( 'NONE', #2949, .T. ) ;
#1352 = ORIENTED_EDGE ( 'NONE', *, *, #9909, .T. ) ;
#1353 = CIRCLE ( 'NONE', #11071, 25.34415947953466741 ) ;
#1354 = VERTEX_POINT ( 'NONE', #1134 ) ;
#1355 = LINE ( 'NONE', #7263, #5288 ) ;
#1356 = DIRECTION ( 'NONE',  ( 0.000000000000000000, 0.000000000000000000, -1.000000000000000000 ) ) ;
#1357 = VECTOR ( 'NONE', #12137, 1000.000000000000227 ) ;
#1358 = VERTEX_POINT ( 'NONE', #5007 ) ;
#1359 = DIRECTION ( 'NONE',  ( 0.000000000000000000, -0.5177641442566625063, 0.8555234017384715228 ) ) ;
#1360 = PLANE ( 'NONE',  #6582 ) ;
#1361 = VERTEX_POINT ( 'NONE', #7929 ) ;
#1362 = CARTESIAN_POINT ( 'NONE',  ( -194.7601202998196186, 543.2788340180151181, 272.4279398593809560 ) ) ;
#1363 = AXIS2_PLACEMENT_3D ( 'NONE', #7642, #7708, #7519 ) ;
#1364 = VECTOR ( 'NONE', #7180, 1000.000000000000000 ) ;
#1365 = CARTESIAN_POINT ( 'NONE',  ( -66.20020431027140262, 360.0000000000000000, 357.2715862585909008 ) ) ;
#1366 = VECTOR ( 'NONE', #2685, 1000.000000000000000 ) ;
#1367 = ORIENTED_EDGE ( 'NONE', *, *, #3024, .T. ) ;
#1368 = CARTESIAN_POINT ( 'NONE',  ( 111.4464948675895926, 117.0000000000000000, 369.2830108560941085 ) ) ;
#1369 = ORIENTED_EDGE ( 'NONE', *, *, #1691, .T. ) ;
#1370 = ADVANCED_FACE ( 'NONE', ( #3095 ), #11237, .T. ) ;
#1371 = CARTESIAN_POINT ( 'NONE',  ( -116.3767717391519767, 377.5518242583233359, 326.4274360680452105 ) ) ;
#1373 = B_SPLINE_CURVE_WITH_KNOTS ( 'NONE', 2,
 ( #4974, #10870, #2182 ),
 .UNSPECIFIED., .F., .F.,
 ( 3, 3 ),
 ( 0.000000000000000000, 0.07685992466073147955 ),
 .UNSPECIFIED. ) ;
#1372 = CIRCLE ( 'NONE', #8480, 1.219656812025959880 ) ;
#1374 = ORIENTED_EDGE ( 'NONE', *, *, #2676, .T. ) ;
#1375 = FACE_OUTER_BOUND ( 'NONE', #11098, .T. ) ;
#1376 = LINE ( 'NONE', #5178, #4163 ) ;
#1377 = AXIS2_PLACEMENT_3D ( 'NONE', #9452, #3857, #1897 ) ;
#1378 = CARTESIAN_POINT ( 'NONE',  ( -59.26671879462830361, 383.0054035202313685, 379.8138106224483295 ) ) ;
#1379 = EDGE_CURVE ( 'NONE', #4201, #3711, #4303, .T. ) ;
#1380 = LINE ( 'NONE', #3269, #10067 ) ;
#1381 = ORIENTED_EDGE ( 'NONE', *, *, #7282, .F. ) ;
#1382 = CARTESIAN_POINT ( 'NONE',  ( -87.93320427264475825, 387.1644070557969712, 378.1852868871911255 ) ) ;
#1383 = ORIENTED_EDGE ( 'NONE', *, *, #11792, .T. ) ;
#1384 = VECTOR ( 'NONE', #10946, 999.9999999999998863 ) ;
#1385 = VECTOR ( 'NONE', #873, 1000.000000000000114 ) ;
#1386 = ORIENTED_EDGE ( 'NONE', *, *, #2939, .F. ) ;
#1387 = DIRECTION ( 'NONE',  ( 0.7625037589850115483, 0.2383113124287892515, -0.6014945850979835917 ) ) ;
#1388 = LINE ( 'NONE', #3343, #2777 ) ;
#1389 = DIRECTION ( 'NONE',  ( -0.000000000000000000, -1.000000000000000000, 0.000000000000000000 ) ) ;
#1390 = CARTESIAN_POINT ( 'NONE',  ( 125.9916358788170925, 340.0000000000000568, 280.6241326817795994 ) ) ;
#1391 = AXIS2_PLACEMENT_3D ( 'NONE', #66, #3104, #7818 ) ;
#1392 = LINE ( 'NONE', #5131, #4967 ) ;
#1393 = ORIENTED_EDGE ( 'NONE', *, *, #6609, .F. ) ;
#1394 = CARTESIAN_POINT ( 'NONE',  ( 280.0034975552618448, 447.7225322203747737, 220.8783702419712824 ) ) ;
#1395 = DIRECTION ( 'NONE',  ( 1.000000000000000000, 0.000000000000000000, -0.000000000000000000 ) ) ;
#1396 = CARTESIAN_POINT ( 'NONE',  ( -59.26671879462830361, 385.0000000000000000, 379.9883152027368283 ) ) ;
#1397 = ADVANCED_FACE ( 'NONE', ( #5259 ), #5671, .F. ) ;
#1398 = ADVANCED_FACE ( 'NONE', ( #6603 ), #6476, .F. ) ;
#1399 = DIRECTION ( 'NONE',  ( 0.000000000000000000, 0.000000000000000000, 1.000000000000000000 ) ) ;
#1400 = VERTEX_POINT ( 'NONE', #8643 ) ;
#1401 = VERTEX_POINT ( 'NONE', #3559 ) ;
#1402 = VERTEX_POINT ( 'NONE', #3806 ) ;
#1403 = CARTESIAN_POINT ( 'NONE',  ( -183.3631709588175625, 357.5000000000000000, 314.5935898537258595 ) ) ;
#1404 = ORIENTED_EDGE ( 'NONE', *, *, #10142, .T. ) ;
#1405 = VERTEX_POINT ( 'NONE', #10477 ) ;
#1406 = EDGE_CURVE ( 'NONE', #11021, #12512, #7912, .T. ) ;
#1407 = DIRECTION ( 'NONE',  ( -0.7851241134539720390, 0.000000000000000000, -0.6193384587389308971 ) ) ;
#1408 = VECTOR ( 'NONE', #2534, 1000.000000000000000 ) ;
#1409 = FACE_OUTER_BOUND ( 'NONE', #247, .T. ) ;
#1410 = ORIENTED_EDGE ( 'NONE', *, *, #1949, .T. ) ;
#1411 = FACE_OUTER_BOUND ( 'NONE', #6193, .T. ) ;
#1412 = LINE ( 'NONE', #5280, #12104 ) ;
#1413 = CARTESIAN_POINT ( 'NONE',  ( -199.7718372159985449, 120.0000000000000000, 254.2619190393384372 ) ) ;
#1414 = EDGE_LOOP ( 'NONE', ( #10747, #1029, #7941, #3289 ) ) ;
#1415 = AXIS2_PLACEMENT_3D ( 'NONE', #9879, #6717, #10581 ) ;
#1416 = FACE_OUTER_BOUND ( 'NONE', #610, .T. ) ;
#1417 = VERTEX_POINT ( 'NONE', #9394 ) ;
#1418 = VERTEX_POINT ( 'NONE', #7436 ) ;
#1419 = LINE ( 'NONE', #9288, #419 ) ;
#1420 = LINE ( 'NONE', #6362, #3810 ) ;
#1421 = ORIENTED_EDGE ( 'NONE', *, *, #4061, .F. ) ;
#1422 = DIRECTION ( 'NONE',  ( 0.7877996178484113488, 0.000000000000000000, 0.6159316213005278096 ) ) ;
#1423 = CARTESIAN_POINT ( 'NONE',  ( -156.9153129388496382, 500.5926759277388101, 332.8215963560342630 ) ) ;
#1424 = VERTEX_POINT ( 'NONE', #7501 ) ;
#1425 = CARTESIAN_POINT ( 'NONE',  ( 70.18354552143799197, 117.0000000000000000, 369.2830108560941085 ) ) ;
#1426 = DIRECTION ( 'NONE',  ( 0.7625037589850115483, 0.2383113124287892515, -0.6014945850979835917 ) ) ;
#1427 = VERTEX_POINT ( 'NONE', #10357 ) ;
#1428 = VERTEX_POINT ( 'NONE', #8520 ) ;
#1429 = FACE_OUTER_BOUND ( 'NONE', #2415, .T. ) ;
#1430 = ORIENTED_EDGE ( 'NONE', *, *, #12521, .T. ) ;
#1431 = ADVANCED_FACE ( 'NONE', ( #6732, #11430 ), #9334, .T. ) ;
#1432 = EDGE_CURVE ( 'NONE', #1963, #331, #897, .T. ) ;
#1433 = LINE ( 'NONE', #4220, #4211 ) ;
#1434 = VERTEX_POINT ( 'NONE', #704 ) ;
#1435 = ADVANCED_FACE ( 'NONE', ( #4567 ), #5585, .T. ) ;
#1436 = EDGE_CURVE ( 'NONE', #1858, #9160, #3854, .T. ) ;
#1437 = DIRECTION ( 'NONE',  ( -0.7625037589850115483, -0.2383113124287892515, 0.6014945850979835917 ) ) ;
#1438 = AXIS2_PLACEMENT_3D ( 'NONE', #5600, #8535, #654 ) ;
#1439 = DIRECTION ( 'NONE',  ( 0.6984011233338509594, -0.1564344650402308967, 0.6984011233335696289 ) ) ;
#1440 = LINE ( 'NONE', #6186, #8402 ) ;
#1441 = DIRECTION ( 'NONE',  ( 0.000000000000000000, 1.000000000000000000, 0.000000000000000000 ) ) ;
#1442 = ORIENTED_EDGE ( 'NONE', *, *, #9438, .F. ) ;
#1443 = EDGE_CURVE ( 'NONE', #4791, #3679, #8919, .T. ) ;
#1444 = CARTESIAN_POINT ( 'NONE',  ( 21.30323522931127656, 117.0000000000000000, 384.8487875627029098 ) ) ;
#1445 = ORIENTED_EDGE ( 'NONE', *, *, #4613, .T. ) ;
#1446 = CARTESIAN_POINT ( 'NONE',  ( -59.20020431027140262, 354.9999999999999432, 355.6679359893877290 ) ) ;
#1447 = AXIS2_PLACEMENT_3D ( 'NONE', #8803, #50, #1256 ) ;
#1448 = ORIENTED_EDGE ( 'NONE', *, *, #10929, .T. ) ;
#1449 = DIRECTION ( 'NONE',  ( -0.6193384587389317852, 0.000000000000000000, -0.7851241134539713729 ) ) ;
#1450 = DIRECTION ( 'NONE',  ( 0.000000000000000000, -0.000000000000000000, 1.000000000000000000 ) ) ;
#1451 = CARTESIAN_POINT ( 'NONE',  ( 70.18354552143794933, 120.0000000000000000, 384.8487875627029666 ) ) ;
#1452 = DIRECTION ( 'NONE',  ( 0.6193384587389297868, 0.000000000000000000, 0.7851241134539729272 ) ) ;
#1453 = VERTEX_POINT ( 'NONE', #11369 ) ;
#1454 = DIRECTION ( 'NONE',  ( -0.6177089183133548378, -0.008339822323401165430, -0.7863626005856072521 ) ) ;
#1455 = CARTESIAN_POINT ( 'NONE',  ( 130.5203249716378480, 117.0000000000000000, 364.5620121559650215 ) ) ;
#1456 = EDGE_CURVE ( 'NONE', #10670, #8204, #2679, .T. ) ;
#1457 = DIRECTION ( 'NONE',  ( 0.000000000000000000, 1.000000000000000000, -0.000000000000000000 ) ) ;
#1458 = CIRCLE ( 'NONE', #8564, 1.705470224525384992 ) ;
#1459 = DIRECTION ( 'NONE',  ( 0.000000000000000000, 1.000000000000000000, 0.000000000000000000 ) ) ;
#1460 = EDGE_CURVE ( 'NONE', #700, #5491, #10413, .T. ) ;
#1461 = EDGE_LOOP ( 'NONE', ( #11090, #4828, #2831, #6110, #380 ) ) ;
#1462 = VERTEX_POINT ( 'NONE', #10598 ) ;
#1463 = ORIENTED_EDGE ( 'NONE', *, *, #6779, .T. ) ;
#1464 = CYLINDRICAL_SURFACE ( 'NONE', #3819, 4.476537341592923269 ) ;
#1465 = ORIENTED_EDGE ( 'NONE', *, *, #6640, .T. ) ;
#1466 = VERTEX_POINT ( 'NONE', #2739 ) ;
#1467 = LINE ( 'NONE', #512, #7214 ) ;
#1468 = CARTESIAN_POINT ( 'NONE',  ( 39.47285318341127436, 365.0000000000000000, 376.2461525360348560 ) ) ;
#1469 = ORIENTED_EDGE ( 'NONE', *, *, #10519, .T. ) ;
#1470 = PLANE ( 'NONE',  #5578 ) ;
#1471 = PLANE ( 'NONE',  #2165 ) ;
#1472 = CARTESIAN_POINT ( 'NONE',  ( 116.3767717391520335, 120.0000000000000000, 331.4274360680452105 ) ) ;
#1473 = ORIENTED_EDGE ( 'NONE', *, *, #3885, .T. ) ;
#1474 = DIRECTION ( 'NONE',  ( -0.7625037589850115483, -0.2383113124287892515, 0.6014945850979835917 ) ) ;
#1475 = VERTEX_POINT ( 'NONE', #12501 ) ;
#1476 = VECTOR ( 'NONE', #2861, 1000.000000000000114 ) ;
#1477 = EDGE_LOOP ( 'NONE', ( #2239, #649, #10150, #9375 ) ) ;
#1478 = EDGE_CURVE ( 'NONE', #5903, #3185, #641, .T. ) ;
#1479 = DIRECTION ( 'NONE',  ( 0.000000000000000000, -0.000000000000000000, -1.000000000000000000 ) ) ;
#1480 = CARTESIAN_POINT ( 'NONE',  ( 70.18354552143799197, 117.0000000000000000, 369.2830108560941085 ) ) ;
#1481 = VERTEX_POINT ( 'NONE', #3684 ) ;
#1482 = CARTESIAN_POINT ( 'NONE',  ( -184.7914757890938802, 500.3781751045193005, 295.0709706735284499 ) ) ;
#1483 = PLANE ( 'NONE',  #3993 ) ;
#1484 = VERTEX_POINT ( 'NONE', #1846 ) ;
#1485 = CARTESIAN_POINT ( 'NONE',  ( -196.5314105426549247, 540.2761133351153831, 270.1825073951878835 ) ) ;
#1486 = VECTOR ( 'NONE', #4242, 1000.000000000000000 ) ;
#1487 = DIRECTION ( 'NONE',  ( 1.000000000000000000, 0.000000000000000000, 0.000000000000000000 ) ) ;
#1488 = ORIENTED_EDGE ( 'NONE', *, *, #2153, .F. ) ;
#1489 = ORIENTED_EDGE ( 'NONE', *, *, #10203, .F. ) ;
#1490 = DIRECTION ( 'NONE',  ( -1.000000000000000000, 0.000000000000000000, 0.000000000000000000 ) ) ;
#1491 = ORIENTED_EDGE ( 'NONE', *, *, #12361, .F. ) ;
#1492 = LINE ( 'NONE', #609, #6451 ) ;
#1493 = ORIENTED_EDGE ( 'NONE', *, *, #12416, .T. ) ;
#1494 = CARTESIAN_POINT ( 'NONE',  ( -189.3724808414119138, 554.7597163524981170, 310.8096042854041343 ) ) ;
#1495 = EDGE_CURVE ( 'NONE', #6442, #11777, #771, .T. ) ;
#1496 = LINE ( 'NONE', #3528, #4381 ) ;
#1497 = DIRECTION ( 'NONE',  ( 0.6193384587389310081, 0.000000000000000000, -0.7851241134539720390 ) ) ;
#1498 = DIRECTION ( 'NONE',  ( 0.000000000000000000, 0.000000000000000000, 1.000000000000000000 ) ) ;
#1499 = EDGE_CURVE ( 'NONE', #2420, #5990, #9536, .T. ) ;
#1500 = EDGE_CURVE ( 'NONE', #8767, #1864, #7928, .T. ) ;
#1501 = LINE ( 'NONE', #10200, #2813 ) ;
#1502 = EDGE_LOOP ( 'NONE', ( #6785, #5322, #3552, #1086 ) ) ;
#1503 = DIRECTION ( 'NONE',  ( 0.000000000000000000, 0.9961946980917455452, 0.08715574274765820750 ) ) ;
#1504 = EDGE_CURVE ( 'NONE', #8429, #53, #237, .T. ) ;
#1505 = ORIENTED_EDGE ( 'NONE', *, *, #3310, .T. ) ;
#1506 = CARTESIAN_POINT ( 'NONE',  ( 151.8249679581558667, 117.0000000000000000, 382.1878655542435581 ) ) ;
#1507 = CARTESIAN_POINT ( 'NONE',  ( -177.0287412513492598, 554.9789710167461863, 326.5444071225839480 ) ) ;
#1508 = EDGE_CURVE ( 'NONE', #12156, #10256, #56, .T. ) ;
#1509 = DIRECTION ( 'NONE',  ( -0.7625037589850115483, -0.2383113124287892515, 0.6014945850979835917 ) ) ;
#1510 = FACE_OUTER_BOUND ( 'NONE', #7196, .T. ) ;
#1511 = ORIENTED_EDGE ( 'NONE', *, *, #1201, .F. ) ;
#1512 = DIRECTION ( 'NONE',  ( -0.6193384587389274554, 0.000000000000000000, -0.7851241134539747035 ) ) ;
#1513 = CARTESIAN_POINT ( 'NONE',  ( 66.12448390330172288, 345.0000000000000000, 355.6679359893877290 ) ) ;
#1514 = DIRECTION ( 'NONE',  ( 0.000000000000000000, 1.000000000000000000, -0.000000000000000000 ) ) ;
#1515 = CYLINDRICAL_SURFACE ( 'NONE', #6653, 1.463400710226769874 ) ;
#1516 = AXIS2_PLACEMENT_3D ( 'NONE', #4574, #6611, #8458 ) ;
#1517 = ORIENTED_EDGE ( 'NONE', *, *, #5503, .T. ) ;
#1518 = ORIENTED_EDGE ( 'NONE', *, *, #5666, .T. ) ;
#1519 = ORIENTED_EDGE ( 'NONE', *, *, #9273, .T. ) ;
#1520 = CARTESIAN_POINT ( 'NONE',  ( -184.2681163089596339, 554.5357078472217154, 319.5190981231311866 ) ) ;
#1521 = VERTEX_POINT ( 'NONE', #7748 ) ;
#1522 = VERTEX_POINT ( 'NONE', #11795 ) ;
#1523 = LINE ( 'NONE', #5397, #6803 ) ;
#1524 = EDGE_CURVE ( 'NONE', #11637, #8429, #1133, .T. ) ;
#1525 = DIRECTION ( 'NONE',  ( -0.000000000000000000, -0.08715574274765820750, 0.9961946980917455452 ) ) ;
#1526 = CIRCLE ( 'NONE', #1742, 2.113496831015027055 ) ;
#1527 = LINE ( 'NONE', #2351, #6836 ) ;
#1528 = VERTEX_POINT ( 'NONE', #11734 ) ;
#1529 = CARTESIAN_POINT ( 'NONE',  ( 21.30323522931127656, 120.0000000000000000, 383.8903845222603195 ) ) ;
#1530 = DIRECTION ( 'NONE',  ( -0.6193384587389385576, 0.000000000000000000, -0.7851241134539660438 ) ) ;
#1531 = CARTESIAN_POINT ( 'NONE',  ( -130.5203249716377911, 117.0000000000000000, 370.3255089869799122 ) ) ;
#1532 = DIRECTION ( 'NONE',  ( -1.000000000000000000, 0.000000000000000000, 0.000000000000000000 ) ) ;
#1533 = CLOSED_SHELL ( 'NONE', ( #7772, #4865, #311, #7545, #4572, #10552, #1688, #11839, #6893, #8543, #1873, #2787, #5005, #8799, #9367, #12207, #787, #462, #3649 ) ) ;
#1534 = VECTOR ( 'NONE', #10463, 1000.000000000000000 ) ;
#1535 = ORIENTED_EDGE ( 'NONE', *, *, #2225, .T. ) ;
#1536 = LINE ( 'NONE', #11056, #10921 ) ;
#1537 = EDGE_LOOP ( 'NONE', ( #7233, #11522, #1333, #12357 ) ) ;
#1538 = B_SPLINE_CURVE_WITH_KNOTS ( 'NONE', 3,
 ( #12051, #10021, #11101, #11229 ),
 .UNSPECIFIED., .F., .F.,
 ( 4, 4 ),
 ( 0.6153310052447810152, 0.7534681227297469475 ),
 .UNSPECIFIED. ) ;
#1539 = AXIS2_PLACEMENT_3D ( 'NONE', #11243, #10981, #9268 ) ;
#1540 = VERTEX_POINT ( 'NONE', #1197 ) ;
#1541 = AXIS2_PLACEMENT_3D ( 'NONE', #9191, #2280, #1329 ) ;
#1542 = CARTESIAN_POINT ( 'NONE',  ( -173.8375568172954218, 340.0000000000000568, 270.4181253755400576 ) ) ;
#1543 = DIRECTION ( 'NONE',  ( -0.6177089183133548378, -0.008339822323400875731, -0.7863626005856072521 ) ) ;
#1544 = VERTEX_POINT ( 'NONE', #5891 ) ;
#1545 = FACE_OUTER_BOUND ( 'NONE', #6938, .T. ) ;
#1546 = PLANE ( 'NONE',  #1777 ) ;
#1547 = ORIENTED_EDGE ( 'NONE', *, *, #3287, .T. ) ;
#1548 = CARTESIAN_POINT ( 'NONE',  ( -210.3449822296476839, 542.3427863337458348, 282.9237567777944378 ) ) ;
#1549 = EDGE_CURVE ( 'NONE', #7363, #6665, #6912, .T. ) ;
#1550 = CARTESIAN_POINT ( 'NONE',  ( -61.09150759268329978, 340.0000000000000568, 61.09150759270781350 ) ) ;
#1551 = CIRCLE ( 'NONE', #10674, 16.70248815446700874 ) ;
#1552 = EDGE_CURVE ( 'NONE', #11808, #1405, #7032, .T. ) ;
#1553 = ORIENTED_EDGE ( 'NONE', *, *, #12435, .F. ) ;
#1554 = VERTEX_POINT ( 'NONE', #6011 ) ;
#1555 = DIRECTION ( 'NONE',  ( 0.000000000000000000, 0.000000000000000000, 1.000000000000000000 ) ) ;
#1556 = ORIENTED_EDGE ( 'NONE', *, *, #10882, .F. ) ;
#1557 = DIRECTION ( 'NONE',  ( 0.000000000000000000, 0.000000000000000000, -1.000000000000000000 ) ) ;
#1558 = EDGE_CURVE ( 'NONE', #12392, #1401, #9719, .T. ) ;
#1559 = ORIENTED_EDGE ( 'NONE', *, *, #4104, .F. ) ;
#1560 = EDGE_CURVE ( 'NONE', #1462, #6883, #9771, .T. ) ;
#1561 = DIRECTION ( 'NONE',  ( 0.000000000000000000, 1.000000000000000000, 0.000000000000000000 ) ) ;
#1562 = FACE_OUTER_BOUND ( 'NONE', #3605, .T. ) ;
#1563 = VECTOR ( 'NONE', #12458, 1000.000000000000000 ) ;
#1564 = LINE ( 'NONE', #5435, #2097 ) ;
#1565 = PLANE ( 'NONE',  #5614 ) ;
#1566 = CIRCLE ( 'NONE', #4598, 4.450000000000009948 ) ;
#1567 = DIRECTION ( 'NONE',  ( -1.000000000000000000, 0.000000000000000000, 0.000000000000000000 ) ) ;
#1568 = ORIENTED_EDGE ( 'NONE', *, *, #10892, .T. ) ;
#1569 = LINE ( 'NONE', #12108, #4285 ) ;
#1570 = CIRCLE ( 'NONE', #6437, 0.9584030404425902816 ) ;
#1571 = VERTEX_POINT ( 'NONE', #5006 ) ;
#1572 = LINE ( 'NONE', #558, #4690 ) ;
#1573 = DIRECTION ( 'NONE',  ( 0.000000000000000000, 0.000000000000000000, -1.000000000000000000 ) ) ;
#1574 = PLANE ( 'NONE',  #10336 ) ;
#1575 = LINE ( 'NONE', #6462, #12480 ) ;
#1576 = ORIENTED_EDGE ( 'NONE', *, *, #10960, .F. ) ;
#1577 = DIRECTION ( 'NONE',  ( 0.000000000000000000, 0.000000000000000000, -1.000000000000000000 ) ) ;
#1578 = DIRECTION ( 'NONE',  ( -0.000000000000000000, 1.000000000000000000, -0.000000000000000000 ) ) ;
#1579 = LINE ( 'NONE', #2477, #10264 ) ;
#1580 = AXIS2_PLACEMENT_3D ( 'NONE', #9677, #4016, #2945 ) ;
#1581 = PLANE ( 'NONE',  #2802 ) ;
#1582 = ORIENTED_EDGE ( 'NONE', *, *, #8898, .T. ) ;
#1583 = AXIS2_PLACEMENT_3D ( 'NONE', #8740, #39, #5930 ) ;
#1584 = CYLINDRICAL_SURFACE ( 'NONE', #3052, 1.211688060526509902 ) ;
#1585 = ORIENTED_EDGE ( 'NONE', *, *, #9697, .T. ) ;
#1586 = EDGE_LOOP ( 'NONE', ( #3933, #6797, #4468, #6692 ) ) ;
#1587 = VERTEX_POINT ( 'NONE', #2920 ) ;
#1588 = AXIS2_PLACEMENT_3D ( 'NONE', #9137, #382, #9197 ) ;
#1589 = ORIENTED_EDGE ( 'NONE', *, *, #4524, .T. ) ;
#1590 = DIRECTION ( 'NONE',  ( 1.000000000000000000, 0.000000000000000000, 0.000000000000000000 ) ) ;
#1591 = EDGE_CURVE ( 'NONE', #8101, #941, #7080, .T. ) ;
#1592 = DIRECTION ( 'NONE',  ( -0.6193384587389315632, 0.000000000000000000, -0.7851241134539715949 ) ) ;
#1593 = CYLINDRICAL_SURFACE ( 'NONE', #6391, 4.476537341592923269 ) ;
#1594 = EDGE_LOOP ( 'NONE', ( #4708, #4762, #12208, #3401, #543 ) ) ;
#1595 = EDGE_CURVE ( 'NONE', #11011, #11655, #184, .T. ) ;
#1596 = EDGE_CURVE ( 'NONE', #3183, #1858, #4940, .T. ) ;
#1597 = DIRECTION ( 'NONE',  ( 0.000000000000000000, 1.000000000000000000, 0.000000000000000000 ) ) ;
#1598 = CYLINDRICAL_SURFACE ( 'NONE', #4792, 5.101225832984668251 ) ;
#1599 = LINE ( 'NONE', #7315, #3176 ) ;
#1600 = CC_DESIGN_APPROVAL ( #11244, ( #11340 ) ) ;
#1601 = PLANE ( 'NONE',  #10765 ) ;
#1602 = ADVANCED_FACE ( 'NONE', ( #8934 ), #8809, .T. ) ;
#1603 = ORIENTED_EDGE ( 'NONE', *, *, #5503, .F. ) ;
#1604 = DIRECTION ( 'NONE',  ( 0.000000000000000000, 1.000000000000000000, 0.000000000000000000 ) ) ;
#1605 = ORIENTED_EDGE ( 'NONE', *, *, #3858, .T. ) ;
#1606 = EDGE_LOOP ( 'NONE', ( #2421, #4749, #2703, #10415 ) ) ;
#1607 = CARTESIAN_POINT ( 'NONE',  ( 0.000000000000000000, 370.0000000000000000, 0.000000000000000000 ) ) ;
#1608 = CARTESIAN_POINT ( 'NONE',  ( -62.15928903933924943, 401.0367236874960213, 381.3913467254902798 ) ) ;
#1609 = CIRCLE ( 'NONE', #3807, 10.00000000000000888 ) ;
#1610 = ORIENTED_EDGE ( 'NONE', *, *, #6413, .F. ) ;
#1611 = CYLINDRICAL_SURFACE ( 'NONE', #11041, 60.00000000000000000 ) ;
#1612 = DIRECTION ( 'NONE',  ( 0.7625037589850115483, 0.2383113124287892792, -0.6014945850979835917 ) ) ;
#1613 = EDGE_LOOP ( 'NONE', ( #3205, #7999, #3702, #10906 ) ) ;
#1614 = DIRECTION ( 'NONE',  ( -0.000000000000000000, 1.000000000000000000, -0.000000000000000000 ) ) ;
#1615 = EDGE_CURVE ( 'NONE', #5787, #8944, #11553, .T. ) ;
#1616 = CIRCLE ( 'NONE', #9725, 25.44093595064286717 ) ;
#1617 = PLANE ( 'NONE',  #1851 ) ;
#1618 = EDGE_CURVE ( 'NONE', #8953, #7819, #8874, .T. ) ;
#1619 = ORIENTED_EDGE ( 'NONE', *, *, #4648, .F. ) ;
#1620 = ORIENTED_EDGE ( 'NONE', *, *, #8318, .T. ) ;
#1621 = CARTESIAN_POINT ( 'NONE',  ( -169.2590525289124912, 500.3734212634909113, 317.0867935188544493 ) ) ;
#1622 = VERTEX_POINT ( 'NONE', #10722 ) ;
#1623 = CARTESIAN_POINT ( 'NONE',  ( -242.3065724584799909, 340.0000000000000568, 242.3065724582994847 ) ) ;
#1624 = EDGE_LOOP ( 'NONE', ( #5250, #6448, #10225 ) ) ;
#1625 = ADVANCED_FACE ( 'NONE', ( #3156 ), #10902, .F. ) ;
#1626 = ADVANCED_FACE ( 'NONE', ( #3866 ), #10658, .T. ) ;
#1627 = DIRECTION ( 'NONE',  ( -0.000000000000000000, 1.000000000000000000, -0.000000000000000000 ) ) ;
#1628 = CARTESIAN_POINT ( 'NONE',  ( 176.3135992134150740, 385.0000000000000000, 322.7540661615337854 ) ) ;
#1629 = CARTESIAN_POINT ( 'NONE',  ( -62.80334236607136233, 397.6372191994531704, 380.0901087836376746 ) ) ;
#1630 = FACE_OUTER_BOUND ( 'NONE', #11835, .T. ) ;
#1631 = CARTESIAN_POINT ( 'NONE',  ( -130.5203249716377911, 117.0000000000000000, 368.2120121559648851 ) ) ;
#1632 = AXIS2_PLACEMENT_3D ( 'NONE', #8581, #12438, #3742 ) ;
#1633 = ORIENTED_EDGE ( 'NONE', *, *, #9516, .T. ) ;
#1634 = DIRECTION ( 'NONE',  ( -0.7851241134539720390, -0.000000000000000000, -0.6193384587389308971 ) ) ;
#1635 = EDGE_LOOP ( 'NONE', ( #7464, #10027, #3533, #10976 ) ) ;
#1636 = CARTESIAN_POINT ( 'NONE',  ( -37.70961026099361391, 385.1539588257066384, 363.6028905178080208 ) ) ;
#1637 = DIRECTION ( 'NONE',  ( -0.000000000000000000, 1.000000000000000000, -0.000000000000000000 ) ) ;
#1638 = EDGE_CURVE ( 'NONE', #2162, #11516, #8304, .T. ) ;
#1639 = DIRECTION ( 'NONE',  ( 0.000000000000000000, 0.000000000000000000, -1.000000000000000000 ) ) ;
#1640 = EDGE_CURVE ( 'NONE', #9160, #5410, #11026, .T. ) ;
#1641 = CARTESIAN_POINT ( 'NONE',  ( -151.8249679581558098, 117.0000000000000000, 381.2424543206986982 ) ) ;
#1642 = EDGE_LOOP ( 'NONE', ( #5587, #6686, #3106, #7431 ) ) ;
#1643 = DIRECTION ( 'NONE',  ( -0.000000000000000000, 1.000000000000000000, -0.000000000000000000 ) ) ;
#1644 = CARTESIAN_POINT ( 'NONE',  ( -173.3050511171541075, 117.0000000000000000, 290.9472914527384546 ) ) ;
#1645 = DIRECTION ( 'NONE',  ( -0.000000000000000000, 1.000000000000000000, -0.000000000000000000 ) ) ;
#1646 = LINE ( 'NONE', #12494, #3802 ) ;
#1647 = AXIS2_PLACEMENT_3D ( 'NONE', #9535, #779, #11317 ) ;
#1648 = CARTESIAN_POINT ( 'NONE',  ( -193.8532287686615803, 558.4496937548274218, 253.3708087693992184 ) ) ;
#1649 = VERTEX_POINT ( 'NONE', #10014 ) ;
#1650 = CARTESIAN_POINT ( 'NONE',  ( -66.20020431027140262, 383.0054035202313685, 379.8138106224483295 ) ) ;
#1651 = ORIENTED_EDGE ( 'NONE', *, *, #4087, .F. ) ;
#1652 = EDGE_LOOP ( 'NONE', ( #6014, #3831 ) ) ;
#1653 = DIRECTION ( 'NONE',  ( 0.07463981325589597038, -0.8531369693832299150, -0.5163198715415888707 ) ) ;
#1654 = VECTOR ( 'NONE', #4033, 1000.000000000000000 ) ;
#1655 = CARTESIAN_POINT ( 'NONE',  ( -168.5062826962636393, 555.1466337354437428, 337.4146007512094911 ) ) ;
#1656 = AXIS2_PLACEMENT_3D ( 'NONE', #1025, #3931, #1973 ) ;
#1657 = DIRECTION ( 'NONE',  ( 0.7625037589850115483, 0.2383113124287892792, -0.6014945850979835917 ) ) ;
#1658 = ORIENTED_EDGE ( 'NONE', *, *, #2654, .F. ) ;
#1659 = CARTESIAN_POINT ( 'NONE',  ( 0.000000000000000000, 365.0000000000000000, 0.000000000000000000 ) ) ;
#1660 = DIRECTION ( 'NONE',  ( -0.000000000000000000, 1.000000000000000000, -0.000000000000000000 ) ) ;
#1661 = CARTESIAN_POINT ( 'NONE',  ( -193.6232282608479807, 377.5518242583233359, 359.0020664014754743 ) ) ;
#1662 = EDGE_CURVE ( 'NONE', #6536, #4200, #10961, .T. ) ;
#1663 = DIRECTION ( 'NONE',  ( 0.000000000000000000, -0.000000000000000000, -1.000000000000000000 ) ) ;
#1664 = VERTEX_POINT ( 'NONE', #6199 ) ;
#1665 = VECTOR ( 'NONE', #6263, 1000.000000000000000 ) ;
#1666 = CARTESIAN_POINT ( 'NONE',  ( -66.20020431027140262, 351.4138399208507053, 362.1453932174322858 ) ) ;
#1667 = VERTEX_POINT ( 'NONE', #4170 ) ;
#1668 = EDGE_CURVE ( 'NONE', #5009, #11440, #9058, .T. ) ;
#1669 = ORIENTED_EDGE ( 'NONE', *, *, #11660, .T. ) ;
#1670 = FACE_OUTER_BOUND ( 'NONE', #9312, .T. ) ;
#1671 = DIRECTION ( 'NONE',  ( 0.000000000000000000, 0.000000000000000000, -1.000000000000000000 ) ) ;
#1672 = ORIENTED_EDGE ( 'NONE', *, *, #11136, .F. ) ;
#1673 = EDGE_CURVE ( 'NONE', #7486, #3428, #434, .T. ) ;
#1674 = CARTESIAN_POINT ( 'NONE',  ( -66.20020431027140262, 383.0054035202313685, -0.000000000000000000 ) ) ;
#1675 = CARTESIAN_POINT ( 'NONE',  ( 63.62321363309411737, -585.1500000000002046, 400.0000000000000000 ) ) ;
#1676 = VERTEX_POINT ( 'NONE', #370 ) ;
#1677 = DIRECTION ( 'NONE',  ( 0.6193384587389310081, 0.000000000000000000, -0.7851241134539720390 ) ) ;
#1678 = FACE_OUTER_BOUND ( 'NONE', #1342, .T. ) ;
#1679 = ORIENTED_EDGE ( 'NONE', *, *, #4867, .F. ) ;
#1680 = VERTEX_POINT ( 'NONE', #561 ) ;
#1681 = DIRECTION ( 'NONE',  ( 0.000000000000000000, 1.000000000000000000, 0.000000000000000000 ) ) ;
#1682 = ORIENTED_EDGE ( 'NONE', *, *, #5302, .T. ) ;
#1683 = CIRCLE ( 'NONE', #10597, 7.564999999999988844 ) ;
#1684 = EDGE_CURVE ( 'NONE', #10670, #12380, #2472, .T. ) ;
#1685 = LINE ( 'NONE', #3591, #4923 ) ;
#1686 = ORIENTED_EDGE ( 'NONE', *, *, #8144, .T. ) ;
#1687 = CARTESIAN_POINT ( 'NONE',  ( 190.8915157496544168, 564.7731919144325730, 269.2589693965290394 ) ) ;
#1688 = ADVANCED_FACE ( 'NONE', ( #4302 ), #9310, .T. ) ;
#1689 = DIRECTION ( 'NONE',  ( 0.000000000000000000, 0.000000000000000000, 1.000000000000000000 ) ) ;
#1690 = VECTOR ( 'NONE', #4175, 1000.000000000000114 ) ;
#1691 = EDGE_CURVE ( 'NONE', #6098, #10790, #6133, .T. ) ;
#1692 = CARTESIAN_POINT ( 'NONE',  ( -59.20020431027140262, 385.0000000000000000, 385.9443499868726803 ) ) ;
#1693 = LINE ( 'NONE', #2592, #6635 ) ;
#1694 = LINE ( 'NONE', #678, #4629 ) ;
#1695 = ORIENTED_EDGE ( 'NONE', *, *, #187, .T. ) ;
#1696 = DIRECTION ( 'NONE',  ( -0.7851241134539720390, -0.000000000000000000, -0.6193384587389311191 ) ) ;
#1697 = ORIENTED_EDGE ( 'NONE', *, *, #8352, .F. ) ;
#1698 = AXIS2_PLACEMENT_3D ( 'NONE', #10389, #12222, #550 ) ;
#1699 = DIRECTION ( 'NONE',  ( 0.000000000000000000, 0.000000000000000000, 1.000000000000000000 ) ) ;
#1700 = CARTESIAN_POINT ( 'NONE',  ( 190.7868687004567505, 120.0000000000000000, 332.2694703950618873 ) ) ;
#1701 =( BOUNDED_CURVE ( )  B_SPLINE_CURVE ( 3, ( #2637, #3640, #7515, #10370 ),
 .UNSPECIFIED., .F., .F. ) 
 B_SPLINE_CURVE_WITH_KNOTS ( ( 4, 4 ),
 ( 0.000000000000000000, 1.570796326794896558 ),
 .UNSPECIFIED. ) 
 CURVE ( )  GEOMETRIC_REPRESENTATION_ITEM ( )  RATIONAL_B_SPLINE_CURVE ( ( 1.000000000000000000, 0.8047378541243649375, 0.8047378541243649375, 1.000000000000000000 ) ) 
 REPRESENTATION_ITEM ( '' )  );
#1702 = CARTESIAN_POINT ( 'NONE',  ( -191.8873057370085178, 117.0000000000000000, 277.5473304590434509 ) ) ;
#1703 = VERTEX_POINT ( 'NONE', #5191 ) ;
#1704 = LINE ( 'NONE', #882, #10649 ) ;
#1705 = FACE_OUTER_BOUND ( 'NONE', #2803, .T. ) ;
#1706 = DIRECTION ( 'NONE',  ( -0.000000000000000000, -1.000000000000000000, -0.000000000000000000 ) ) ;
#1707 = AXIS2_PLACEMENT_3D ( 'NONE', #4145, #4210, #9098 ) ;
#1708 = DIRECTION ( 'NONE',  ( -1.000000000000000000, -0.000000000000000000, -0.000000000000000000 ) ) ;
#1709 = DIRECTION ( 'NONE',  ( 0.000000000000000000, 1.000000000000000000, 0.000000000000000000 ) ) ;
#1710 = EDGE_CURVE ( 'NONE', #5371, #6950, #5129, .T. ) ;
#1711 = ADVANCED_FACE ( 'NONE', ( #301 ), #3277, .F. ) ;
#1712 = PLANE ( 'NONE',  #7883 ) ;
#1713 = ORIENTED_EDGE ( 'NONE', *, *, #181, .F. ) ;
#1714 = VERTEX_POINT ( 'NONE', #7099 ) ;
#1715 = CARTESIAN_POINT ( 'NONE',  ( 192.4757493626966607, 2.385377892073696199E-14, 369.0911623835049227 ) ) ;
#1716 = VECTOR ( 'NONE', #2827, 1000.000000000000000 ) ;
#1717 = CARTESIAN_POINT ( 'NONE',  ( 0.000000000000000000, -570.1500000000002046, 400.0000000000000000 ) ) ;
#1718 = DIRECTION ( 'NONE',  ( 0.000000000000000000, -0.5177641442566629504, 0.8555234017384711898 ) ) ;
#1719 = EDGE_CURVE ( 'NONE', #5441, #5849, #3433, .T. ) ;
#1720 = ORIENTED_EDGE ( 'NONE', *, *, #1558, .F. ) ;
#1721 = EDGE_CURVE ( 'NONE', #2195, #5599, #810, .T. ) ;
#1722 = FACE_OUTER_BOUND ( 'NONE', #7317, .T. ) ;
#1723 = AXIS2_PLACEMENT_3D ( 'NONE', #1659, #10360, #5718 ) ;
#1724 = PLANE ( 'NONE',  #10295 ) ;
#1725 = LINE ( 'NONE', #2925, #8053 ) ;
#1726 = DIRECTION ( 'NONE',  ( 1.000000000000000000, 0.000000000000000000, 0.000000000000000000 ) ) ;
#1727 = EDGE_LOOP ( 'NONE', ( #866, #6886, #8001, #3740 ) ) ;
#1728 = VECTOR ( 'NONE', #10151, 1000.000000000000000 ) ;
#1729 = PLANE ( 'NONE',  #2196 ) ;
#1730 = EDGE_LOOP ( 'NONE', ( #1463, #4221, #6507, #701, #10487, #10875, #4164, #4594, #9799, #7280 ) ) ;
#1731 = VECTOR ( 'NONE', #12504, 1000.000000000000000 ) ;
#1732 = VERTEX_POINT ( 'NONE', #11161 ) ;
#1733 = FACE_OUTER_BOUND ( 'NONE', #9258, .T. ) ;
#1734 = DIRECTION ( 'NONE',  ( -0.7625037589850115483, -0.2383113124287892515, 0.6014945850979835917 ) ) ;
#1735 = ORIENTED_EDGE ( 'NONE', *, *, #901, .T. ) ;
#1736 = EDGE_CURVE ( 'NONE', #2430, #5298, #10148, .T. ) ;
#1737 = CARTESIAN_POINT ( 'NONE',  ( -168.5062826962636962, 555.1466337354437428, 337.4146007512094911 ) ) ;
#1738 = DIRECTION ( 'NONE',  ( 0.000000000000000000, 0.000000000000000000, 1.000000000000000000 ) ) ;
#1739 = AXIS2_PLACEMENT_3D ( 'NONE', #10087, #3221, #10276 ) ;
#1740 = EDGE_LOOP ( 'NONE', ( #6231, #7302, #10157, #7336 ) ) ;
#1741 = CARTESIAN_POINT ( 'NONE',  ( -195.7024822690794110, 370.0000000000001137, 263.1601945342232511 ) ) ;
#1742 = AXIS2_PLACEMENT_3D ( 'NONE', #11028, #6269, #10905 ) ;
#1743 = CARTESIAN_POINT ( 'NONE',  ( -59.26671879462830361, 350.0000000000000000, 372.6876302304712567 ) ) ;
#1744 = VECTOR ( 'NONE', #8579, 1000.000000000000000 ) ;
#1745 = VERTEX_POINT ( 'NONE', #8113 ) ;
#1746 = ORIENTED_EDGE ( 'NONE', *, *, #10068, .F. ) ;
#1747 = CARTESIAN_POINT ( 'NONE',  ( -165.0713021149375663, 352.5000000000000000, 331.1634153273903962 ) ) ;
#1748 = ORIENTED_EDGE ( 'NONE', *, *, #6015, .F. ) ;
#1749 = EDGE_CURVE ( 'NONE', #1544, #2268, #11981, .T. ) ;
#1750 = AXIS2_PLACEMENT_3D ( 'NONE', #8798, #12549, #3851 ) ;
#1751 = LINE ( 'NONE', #4729, #12014 ) ;
#1752 = EDGE_LOOP ( 'NONE', ( #9949, #6964 ) ) ;
#1753 = EDGE_CURVE ( 'NONE', #11301, #1985, #12154, .T. ) ;
#1754 = AXIS2_PLACEMENT_3D ( 'NONE', #9122, #2271, #11979 ) ;
#1755 = CARTESIAN_POINT ( 'NONE',  ( 200.0000000000090097, 541.5377882248311607, 257.7123093739638762 ) ) ;
#1756 = PLANE ( 'NONE',  #10423 ) ;
#1757 = CARTESIAN_POINT ( 'NONE',  ( -90.80594641541433987, 420.0000000000000000, 0.000000000000000000 ) ) ;
#1758 = CARTESIAN_POINT ( 'NONE',  ( -150.7434431438182969, 500.7023032598628447, 340.6889977746241129 ) ) ;
#1759 = EDGE_CURVE ( 'NONE', #5094, #7073, #10083, .T. ) ;
#1760 = VECTOR ( 'NONE', #4931, 1000.000000000000000 ) ;
#1761 = LINE ( 'NONE', #812, #4999 ) ;
#1762 = DIRECTION ( 'NONE',  ( 0.000000000000000000, 0.000000000000000000, 1.000000000000000000 ) ) ;
#1763 = VERTEX_POINT ( 'NONE', #4551 ) ;
#1764 = DIRECTION ( 'NONE',  ( -1.000000000000000000, 0.000000000000000000, -1.345302556188584538E-15 ) ) ;
#1765 = EDGE_CURVE ( 'NONE', #7841, #8523, #1616, .T. ) ;
#1766 = ORIENTED_EDGE ( 'NONE', *, *, #9176, .T. ) ;
#1767 = AXIS2_PLACEMENT_3D ( 'NONE', #745, #677, #4606 ) ;
#1768 = CARTESIAN_POINT ( 'NONE',  ( 143.7660069451177094, 117.0000000000000000, 368.2120121559649988 ) ) ;
#1769 = CARTESIAN_POINT ( 'NONE',  ( -170.1021877838220178, 500.6812611281160343, 313.8123964954402254 ) ) ;
#1770 = CARTESIAN_POINT ( 'NONE',  ( 0.000000000000000000, 442.6530411536430165, 392.5570525041796373 ) ) ;
#1771 = VECTOR ( 'NONE', #11757, 1000.000000000000000 ) ;
#1772 = ORIENTED_EDGE ( 'NONE', *, *, #10885, .T. ) ;
#1773 = CARTESIAN_POINT ( 'NONE',  ( -172.4477361990315956, 500.5974297687673129, 310.8057735107076383 ) ) ;
#1774 = DIRECTION ( 'NONE',  ( 0.000000000000000000, 1.000000000000000000, 0.000000000000000000 ) ) ;
#1775 = DIRECTION ( 'NONE',  ( -0.000000000000000000, -1.000000000000000000, 0.000000000000000000 ) ) ;
#1776 = CARTESIAN_POINT ( 'NONE',  ( 116.3767717391520620, 122.5955177615596341, 198.8577225089181582 ) ) ;
#1777 = AXIS2_PLACEMENT_3D ( 'NONE', #1423, #1612, #12270 ) ;
#1778 = CARTESIAN_POINT ( 'NONE',  ( 199.9999999999999716, 570.1499999999997499, 380.0000000000000000 ) ) ;
#1779 = AXIS2_PLACEMENT_3D ( 'NONE', #4899, #5848, #6986 ) ;
#1780 = DIRECTION ( 'NONE',  ( 0.6193384587389313412, 0.000000000000000000, -0.7851241134539717059 ) ) ;
#1781 = AXIS2_PLACEMENT_3D ( 'NONE', #6207, #10469, #5762 ) ;
#1782 = ORIENTED_EDGE ( 'NONE', *, *, #9412, .T. ) ;
#1783 = ORIENTED_EDGE ( 'NONE', *, *, #7567, .F. ) ;
#1784 = LINE ( 'NONE', #1715, #3571 ) ;
#1785 = CARTESIAN_POINT ( 'NONE',  ( -195.7024822690796668, 546.0078643762687989, 263.1601945342234217 ) ) ;
#1786 = DIRECTION ( 'NONE',  ( 0.000000000000000000, 0.000000000000000000, -1.000000000000000000 ) ) ;
#1787 = CIRCLE ( 'NONE', #11711, 3.093108195208548405 ) ;
#1788 = ORIENTED_EDGE ( 'NONE', *, *, #3202, .T. ) ;
#1789 = EDGE_CURVE ( 'NONE', #768, #6142, #11480, .T. ) ;
#1790 = EDGE_CURVE ( 'NONE', #3480, #1714, #4493, .T. ) ;
#1791 = CARTESIAN_POINT ( 'NONE',  ( -74.95297405475031383, 365.0000000000000000, 370.8061429881302047 ) ) ;
#1792 = CARTESIAN_POINT ( 'NONE',  ( -171.6157891360268195, 120.0000000000000000, 327.9680754845628599 ) ) ;
#1793 = VECTOR ( 'NONE', #7663, 1000.000000000000000 ) ;
#1794 = FACE_OUTER_BOUND ( 'NONE', #850, .T. ) ;
#1795 = DIRECTION ( 'NONE',  ( 0.000000000000000000, 0.000000000000000000, -1.000000000000000000 ) ) ;
#1796 = VERTEX_POINT ( 'NONE', #1769 ) ;
#1797 = AXIS2_PLACEMENT_3D ( 'NONE', #5647, #8639, #9522 ) ;
#1798 = FACE_OUTER_BOUND ( 'NONE', #3248, .T. ) ;
#1799 = ORIENTED_EDGE ( 'NONE', *, *, #4254, .F. ) ;
#1800 = VERTEX_POINT ( 'NONE', #820 ) ;
#1801 = VERTEX_POINT ( 'NONE', #5696 ) ;
#1802 = AXIS2_PLACEMENT_3D ( 'NONE', #7335, #1426, #3197 ) ;
#1803 = FACE_OUTER_BOUND ( 'NONE', #3695, .T. ) ;
#1804 = CARTESIAN_POINT ( 'NONE',  ( 102.8717205707466178, 117.0000000000000000, 382.1878655542435013 ) ) ;
#1805 = ORIENTED_EDGE ( 'NONE', *, *, #10277, .T. ) ;
#1806 = CARTESIAN_POINT ( 'NONE',  ( -170.8568714563180606, 555.0885983488699367, 334.4118085411734000 ) ) ;
#1807 = CARTESIAN_POINT ( 'NONE',  ( -103.5354979033994454, 570.0167564080398961, 351.4274360680452105 ) ) ;
#1808 = ORIENTED_EDGE ( 'NONE', *, *, #9737, .T. ) ;
#1809 = DIRECTION ( 'NONE',  ( 1.000000000000000000, 0.000000000000000000, 0.000000000000000000 ) ) ;
#1810 = CARTESIAN_POINT ( 'NONE',  ( 39.95364384931041712, 382.2776525479376915, 361.8621453137576509 ) ) ;
#1811 = VERTEX_POINT ( 'NONE', #10462 ) ;
#1812 = VERTEX_POINT ( 'NONE', #3789 ) ;
#1813 = CARTESIAN_POINT ( 'NONE',  ( -179.2292455028815539, 370.0000000000001137, 268.0645730771903459 ) ) ;
#1814 = ORIENTED_EDGE ( 'NONE', *, *, #2981, .T. ) ;
#1815 = CARTESIAN_POINT ( 'NONE',  ( -159.9882456869716520, 320.0000000000000568, 314.2360380188416116 ) ) ;
#1816 = EDGE_LOOP ( 'NONE', ( #5109, #3770, #5439, #4173 ) ) ;
#1817 = CARTESIAN_POINT ( 'NONE',  ( 196.0349479694945956, 555.1845202263426700, 252.4489001698926245 ) ) ;
#1818 = FACE_OUTER_BOUND ( 'NONE', #9373, .T. ) ;
#1819 = CARTESIAN_POINT ( 'NONE',  ( -215.8953643721058313, 547.0616598326927260, 284.7772297111412172 ) ) ;
#1820 = VECTOR ( 'NONE', #2015, 1000.000000000000000 ) ;
#1821 = LINE ( 'NONE', #11773, #5753 ) ;
#1822 = DIRECTION ( 'NONE',  ( 0.6203463926187218203, 0.000000000000000000, -0.7843279627585253433 ) ) ;
#1823 = EDGE_CURVE ( 'NONE', #11629, #7729, #10341, .T. ) ;
#1824 = CLOSED_SHELL ( 'NONE', ( #7666, #665, #9362, #3775, #7800, #5883 ) ) ;
#1825 = ORIENTED_EDGE ( 'NONE', *, *, #926, .F. ) ;
#1826 = CARTESIAN_POINT ( 'NONE',  ( -21.30323522931121261, 117.0000000000000000, 383.8903845222603195 ) ) ;
#1827 = EDGE_CURVE ( 'NONE', #11571, #8647, #5634, .T. ) ;
#1828 = VECTOR ( 'NONE', #11078, 1000.000000000000000 ) ;
#1829 = ORIENTED_EDGE ( 'NONE', *, *, #4475, .F. ) ;
#1830 = ADVANCED_FACE ( 'NONE', ( #7547 ), #3669, .T. ) ;
#1831 = FACE_OUTER_BOUND ( 'NONE', #2660, .T. ) ;
#1832 = DIRECTION ( 'NONE',  ( 0.000000000000000000, -1.000000000000000000, 0.000000000000000000 ) ) ;
#1833 = CARTESIAN_POINT ( 'NONE',  ( 34.66097668948545163, 420.0000000000000000, 0.000000000000000000 ) ) ;
#1834 = ORIENTED_EDGE ( 'NONE', *, *, #4995, .F. ) ;
#1835 = CARTESIAN_POINT ( 'NONE',  ( -59.26671879462830361, 352.7778575094077951, 381.2573938590627449 ) ) ;
#1836 = EDGE_CURVE ( 'NONE', #2195, #10673, #4683, .T. ) ;
#1837 = AXIS2_PLACEMENT_3D ( 'NONE', #6134, #4047, #9059 ) ;
#1838 = CARTESIAN_POINT ( 'NONE',  ( 184.1336726557594261, 353.0301142945487527, 303.3980800510895506 ) ) ;
#1839 = FACE_OUTER_BOUND ( 'NONE', #4657, .T. ) ;
#1840 = DIRECTION ( 'NONE',  ( -0.6193384587389308971, 0.000000000000000000, 0.7851241134539720390 ) ) ;
#1841 = CARTESIAN_POINT ( 'NONE',  ( -167.3215075787352646, 340.0000000000000000, 273.5368941962372560 ) ) ;
#1842 = DIRECTION ( 'NONE',  ( 0.000000000000000000, -0.000000000000000000, -1.000000000000000000 ) ) ;
#1843 = ORIENTED_EDGE ( 'NONE', *, *, #1595, .F. ) ;
#1844 = ORIENTED_EDGE ( 'NONE', *, *, #9697, .F. ) ;
#1845 = CARTESIAN_POINT ( 'NONE',  ( -163.0871827338810647, 500.4830485956148891, 324.9541949374443561 ) ) ;
#1846 = CARTESIAN_POINT ( 'NONE',  ( 174.9943130982814523, 117.0000000000000000, 367.1410134558358322 ) ) ;
#1847 = EDGE_CURVE ( 'NONE', #2529, #12335, #4448, .T. ) ;
#1848 = CARTESIAN_POINT ( 'NONE',  ( -173.5202818064555572, 500.2895899041421899, 311.6516967045411661 ) ) ;
#1849 = VERTEX_POINT ( 'NONE', #12299 ) ;
#1850 = CARTESIAN_POINT ( 'NONE',  ( 0.000000000000000000, -570.1500000000002046, 0.000000000000000000 ) ) ;
#1851 = AXIS2_PLACEMENT_3D ( 'NONE', #6634, #8411, #2645 ) ;
#1852 = EDGE_CURVE ( 'NONE', #12350, #388, #3539, .T. ) ;
#1853 = DIRECTION ( 'NONE',  ( 0.000000000000000000, 1.000000000000000000, 0.000000000000000000 ) ) ;
#1854 = DIRECTION ( 'NONE',  ( -0.7851241134539720390, 0.000000000000000000, -0.6193384587389308971 ) ) ;
#1855 = FACE_OUTER_BOUND ( 'NONE', #379, .T. ) ;
#1856 = ORIENTED_EDGE ( 'NONE', *, *, #3694, .F. ) ;
#1857 = CYLINDRICAL_SURFACE ( 'NONE', #2818, 72.35470789463238361 ) ;
#1858 = VERTEX_POINT ( 'NONE', #1700 ) ;
#1859 = AXIS2_PLACEMENT_3D ( 'NONE', #621, #1387, #12112 ) ;
#1860 = AXIS2_PLACEMENT_3D ( 'NONE', #11698, #8833, #10745 ) ;
#1861 = CC_DESIGN_DATE_AND_TIME_ASSIGNMENT ( #6907, #3980, ( #7127 ) ) ;
#1862 = ORIENTED_EDGE ( 'NONE', *, *, #8763, .F. ) ;
#1863 = CYLINDRICAL_SURFACE ( 'NONE', #556, 1.219656812025959880 ) ;
#1864 = VERTEX_POINT ( 'NONE', #4747 ) ;
#1865 = CARTESIAN_POINT ( 'NONE',  ( 0.000000000000000000, -585.1500000000002046, 400.0000000000000000 ) ) ;
#1866 = DIRECTION ( 'NONE',  ( 0.000000000000000000, 1.000000000000000000, 0.000000000000000000 ) ) ;
#1867 = CARTESIAN_POINT ( 'NONE',  ( 132.0792540082315156, 120.0000000000000000, 343.8142052428237889 ) ) ;
#1868 = AXIS2_PLACEMENT_3D ( 'NONE', #6116, #8978, #3133 ) ;
#1869 = CARTESIAN_POINT ( 'NONE',  ( -190.7139890110129841, 548.8283159899575594, 269.4840168182217894 ) ) ;
#1870 = VERTEX_POINT ( 'NONE', #9511 ) ;
#1871 = FACE_OUTER_BOUND ( 'NONE', #9481, .T. ) ;
#1872 = VERTEX_POINT ( 'NONE', #6525 ) ;
#1873 = ADVANCED_FACE ( 'NONE', ( #8567 ), #1574, .F. ) ;
#1874 = DIRECTION ( 'NONE',  ( 0.000000000000000000, 0.000000000000000000, -1.000000000000000000 ) ) ;
#1875 = CARTESIAN_POINT ( 'NONE',  ( -131.5879672915080505, 355.0000000000000000, 334.1202411419354803 ) ) ;
#1876 = VERTEX_POINT ( 'NONE', #10398 ) ;
#1877 = CARTESIAN_POINT ( 'NONE',  ( 196.9739027461575915, 420.0000000000000000, 307.7293187483178372 ) ) ;
#1878 = CARTESIAN_POINT ( 'NONE',  ( -161.1715018715478607, 500.4830485956148891, 327.3826687670247111 ) ) ;
#1879 = CARTESIAN_POINT ( 'NONE',  ( -210.3329953806763513, 550.1059218611312644, 293.0346761907165387 ) ) ;
#1880 = ADVANCED_FACE ( 'NONE', ( #5507 ), #3609, .T. ) ;
#1881 = DIRECTION ( 'NONE',  ( -0.000000000000000000, -0.000000000000000000, -1.000000000000000000 ) ) ;
#1882 = PLANE ( 'NONE',  #10505 ) ;
#1883 = VERTEX_POINT ( 'NONE', #6395 ) ;
#1884 = PLANE ( 'NONE',  #6109 ) ;
#1885 = CIRCLE ( 'NONE', #2496, 3.093108195208765121 ) ;
#1886 = ORIENTED_EDGE ( 'NONE', *, *, #12329, .F. ) ;
#1887 = CLOSED_SHELL ( 'NONE', ( #12320, #8706, #3812, #1397, #10313, #10118, #3455, #52, #7017, #4003, #6862, #7373, #7189, #3088 ) ) ;
#1888 = LINE ( 'NONE', #7731, #32 ) ;
#1889 = CARTESIAN_POINT ( 'NONE',  ( -163.9303179887904776, 500.7908884602400121, 321.6797979140303596 ) ) ;
#1890 = CARTESIAN_POINT ( 'NONE',  ( 250.2597728766411365, 501.6802010741481013, 195.6625824155594273 ) ) ;
#1891 = ADVANCED_FACE ( 'NONE', ( #5569 ), #5445, .F. ) ;
#1892 = ORIENTED_EDGE ( 'NONE', *, *, #10707, .F. ) ;
#1893 = LINE ( 'NONE', #8507, #4151 ) ;
#1894 = EDGE_CURVE ( 'NONE', #6153, #10354, #9378, .T. ) ;
#1895 = CARTESIAN_POINT ( 'NONE',  ( 59.34243920159818231, 345.0000000000000000, 375.9443499868726235 ) ) ;
#1896 = CARTESIAN_POINT ( 'NONE',  ( 195.7024822690794963, 120.0000000000000000, 263.1601945342231375 ) ) ;
#1897 = DIRECTION ( 'NONE',  ( 0.000000000000000000, 0.000000000000000000, -1.000000000000000000 ) ) ;
#1898 = EDGE_CURVE ( 'NONE', #405, #6771, #4620, .T. ) ;
#1899 = CARTESIAN_POINT ( 'NONE',  ( -160.4756791443362260, 339.9999999999999432, 277.1269687149546144 ) ) ;
#1900 = TOROIDAL_SURFACE ( 'NONE', #683, 82.47470435369000086, 8.000000000000000000 ) ;
#1901 = COORDINATED_UNIVERSAL_TIME_OFFSET ( 3, 0, .AHEAD. ) ;
#1902 = ORIENTED_EDGE ( 'NONE', *, *, #8286, .F. ) ;
#1903 = ORIENTED_EDGE ( 'NONE', *, *, #813, .T. ) ;
#1904 = B_SPLINE_SURFACE_WITH_KNOTS ( 'NONE', 3, 1, ( 
 ( #341, #7074 ),
 ( #11958, #2310 ),
 ( #9991, #1298 ),
 ( #9869, #2190 ),
 ( #6172, #6243 ),
 ( #6053, #5167 ),
 ( #1177, #5043 ),
 ( #4086, #10122 ),
 ( #10057, #1362 ),
 ( #5232, #8541 ),
 ( #1548, #2577 ),
 ( #602, #12213 ),
 ( #12272, #5420 ),
 ( #10186, #4659 ),
 ( #6435, #4405 ),
 ( #3582, #9295 ),
 ( #12340, #1485 ),
 ( #726, #4469 ) ),
 .UNSPECIFIED., .F., .F., .F.,
 ( 4, 2, 2, 2, 2, 2, 2, 2, 4 ),
 ( 2, 2 ),
 ( 0.000000000000000000, 0.1250000000000000000, 0.2500000000000000000, 0.3750000000000000000, 0.5000000000000000000, 0.6250000000000000000, 0.7500000000000000000, 0.8750000000000000000, 1.000000000000000000 ),
 ( 0.000000000000000000, 1.000000000000000000 ),
 .UNSPECIFIED. ) ;
#1905 = CARTESIAN_POINT ( 'NONE',  ( -155.8478076762706337, 500.9263117651391326, 331.9795039368970606 ) ) ;
#1906 = DIRECTION ( 'NONE',  ( 0.000000000000000000, -0.000000000000000000, 1.000000000000000000 ) ) ;
#1907 = DIRECTION ( 'NONE',  ( 1.000000000000000000, 0.000000000000000000, 0.000000000000000000 ) ) ;
#1908 = ORIENTED_EDGE ( 'NONE', *, *, #12435, .T. ) ;
#1909 = CIRCLE ( 'NONE', #9406, 5.101225832984668251 ) ;
#1910 = CARTESIAN_POINT ( 'NONE',  ( 111.3767717391520620, 447.6530411536430165, 401.4274360680452105 ) ) ;
#1911 = CARTESIAN_POINT ( 'NONE',  ( 200.0000000000001705, -570.1500000000002046, 340.0000000000000000 ) ) ;
#1912 = LINE ( 'NONE', #11378, #3791 ) ;
#1913 = LINE ( 'NONE', #8766, #9364 ) ;
#1914 = VERTEX_POINT ( 'NONE', #8797 ) ;
#1915 = CARTESIAN_POINT ( 'NONE',  ( -111.3767717391519483, 442.6530411536431302, 392.5570525041796941 ) ) ;
#1916 = VERTEX_POINT ( 'NONE', #6899 ) ;
#1917 = AXIS2_PLACEMENT_3D ( 'NONE', #9417, #8348, #662 ) ;
#1918 = EDGE_CURVE ( 'NONE', #1434, #9166, #3970, .T. ) ;
#1919 = VERTEX_POINT ( 'NONE', #8686 ) ;
#1920 = CARTESIAN_POINT ( 'NONE',  ( 116.3767717391520620, 377.5518242583233359, 356.5812468100336332 ) ) ;
#1921 = ORIENTED_EDGE ( 'NONE', *, *, #9185, .F. ) ;
#1922 = CARTESIAN_POINT ( 'NONE',  ( 165.0713021149375663, 357.5000000000000000, 331.1634153273903962 ) ) ;
#1923 = ADVANCED_FACE ( 'NONE', ( #8746 ), #8922, .T. ) ;
#1924 = CARTESIAN_POINT ( 'NONE',  ( 74.75501464662400508, 380.0582785066275164, 378.5521507562208967 ) ) ;
#1925 = CARTESIAN_POINT ( 'NONE',  ( -31.94280956065898636, 451.0687924501321504, 357.8360898174734075 ) ) ;
#1926 = CARTESIAN_POINT ( 'NONE',  ( -36.93073935700689248, 416.8296090012182162, 382.7730451548061410 ) ) ;
#1927 = CARTESIAN_POINT ( 'NONE',  ( -191.8023801875379206, 548.1010762560928242, 268.1042830950807456 ) ) ;
#1928 = CIRCLE ( 'NONE', #3746, 2.114999999999978009 ) ;
#1929 = VERTEX_POINT ( 'NONE', #44 ) ;
#1930 = FACE_OUTER_BOUND ( 'NONE', #3322, .T. ) ;
#1931 = ORIENTED_EDGE ( 'NONE', *, *, #5185, .T. ) ;
#1932 = AXIS2_PLACEMENT_3D ( 'NONE', #1394, #6137, #5381 ) ;
#1933 = CARTESIAN_POINT ( 'NONE',  ( 188.4763652879578615, 117.0000000000000000, 277.5473304590436214 ) ) ;
#1934 = FACE_OUTER_BOUND ( 'NONE', #2150, .T. ) ;
#1935 = ORIENTED_EDGE ( 'NONE', *, *, #601, .F. ) ;
#1936 = CARTESIAN_POINT ( 'NONE',  ( -36.93073935700689248, 416.8296090012182162, 382.7730451548061410 ) ) ;
#1937 = VECTOR ( 'NONE', #3561, 1000.000000000000114 ) ;
#1938 = CARTESIAN_POINT ( 'NONE',  ( -200.0000000000000284, 570.1499999999997499, 380.0000000000000000 ) ) ;
#1939 = DIRECTION ( 'NONE',  ( 0.000000000000000000, -1.000000000000000000, 0.000000000000000000 ) ) ;
#1940 = EDGE_CURVE ( 'NONE', #9119, #12243, #8099, .T. ) ;
#1941 = ADVANCED_FACE ( 'NONE', ( #1121 ), #1005, .T. ) ;
#1942 = CARTESIAN_POINT ( 'NONE',  ( 14.47175039158928556, 120.0000000000000000, 368.8290452823252963 ) ) ;
#1943 = CARTESIAN_POINT ( 'NONE',  ( -172.7675119738065064, 555.0628023760948508, 331.9795039368966059 ) ) ;
#1944 = ORIENTED_EDGE ( 'NONE', *, *, #3056, .F. ) ;
#1945 = CARTESIAN_POINT ( 'NONE',  ( 130.5203249716378480, 117.0000000000000000, 360.6470121559650011 ) ) ;
#1946 = AXIS2_PLACEMENT_3D ( 'NONE', #5877, #1122, #9760 ) ;
#1947 = ADVANCED_FACE ( 'NONE', ( #2902 ), #10767, .F. ) ;
#1948 = ORIENTED_EDGE ( 'NONE', *, *, #3973, .T. ) ;
#1949 = EDGE_CURVE ( 'NONE', #2699, #8732, #5858, .T. ) ;
#1950 = VECTOR ( 'NONE', #834, 1000.000000000000114 ) ;
#1951 = CARTESIAN_POINT ( 'NONE',  ( -167.3215075925851067, 370.0000000000001137, 273.5368941889740881 ) ) ;
#1952 = PLANE ( 'NONE',  #6696 ) ;
#1953 = AXIS2_PLACEMENT_3D ( 'NONE', #243, #3928, #7877 ) ;
#1954 = PLANE ( 'NONE',  #6190 ) ;
#1955 = CARTESIAN_POINT ( 'NONE',  ( -248.5985330171027385, 120.0000000000000000, 196.1048318924143246 ) ) ;
#1956 = PLANE ( 'NONE',  #9182 ) ;
#1957 = FACE_OUTER_BOUND ( 'NONE', #5829, .T. ) ;
#1958 = B_SPLINE_CURVE_WITH_KNOTS ( 'NONE', 2,
 ( #6625, #6555, #10426 ),
 .UNSPECIFIED., .F., .F.,
 ( 3, 3 ),
 ( 0.5835334691274108865, 0.6009144237629098217 ),
 .UNSPECIFIED. ) ;
#1959 = CARTESIAN_POINT ( 'NONE',  ( 90.38941842308967978, 415.2390632621638815, 381.8104443050700638 ) ) ;
#1960 = CARTESIAN_POINT ( 'NONE',  ( -185.3083443355145050, 340.0000000000000568, 266.1033846755267405 ) ) ;
#1961 = AXIS2_PLACEMENT_3D ( 'NONE', #3406, #1441, #7151 ) ;
#1962 = ORIENTED_EDGE ( 'NONE', *, *, #6875, .T. ) ;
#1963 = VERTEX_POINT ( 'NONE', #7732 ) ;
#1964 = PLANE ( 'NONE',  #3968 ) ;
#1965 = CARTESIAN_POINT ( 'NONE',  ( -70.18354552143789249, 117.0000000000000000, 383.8903845222603195 ) ) ;
#1966 = CARTESIAN_POINT ( 'NONE',  ( -143.3829173689865684, 370.0000000000001137, 292.2807152864012892 ) ) ;
#1967 = ORIENTED_EDGE ( 'NONE', *, *, #9235, .F. ) ;
#1968 = CARTESIAN_POINT ( 'NONE',  ( -130.5203249716377911, 120.0000000000000000, 368.2120121559648851 ) ) ;
#1969 = CYLINDRICAL_SURFACE ( 'NONE', #6195, 4.450000000000009948 ) ;
#1970 = CIRCLE ( 'NONE', #12506, 60.00000000000000000 ) ;
#1971 = DIRECTION ( 'NONE',  ( 0.000000000000000000, 0.000000000000000000, 1.000000000000000000 ) ) ;
#1972 = VECTOR ( 'NONE', #9084, 1000.000000000000114 ) ;
#1973 = DIRECTION ( 'NONE',  ( 0.000000000000000000, -0.000000000000000000, -1.000000000000000000 ) ) ;
#1974 = EDGE_CURVE ( 'NONE', #10440, #7244, #3638, .T. ) ;
#1975 = ORIENTED_EDGE ( 'NONE', *, *, #9021, .T. ) ;
#1976 = DIRECTION ( 'NONE',  ( 0.000000000000000000, -0.000000000000000000, -1.000000000000000000 ) ) ;
#1977 = ORIENTED_EDGE ( 'NONE', *, *, #7178, .T. ) ;
#1978 = EDGE_CURVE ( 'NONE', #12056, #6142, #6838, .T. ) ;
#1979 = EDGE_LOOP ( 'NONE', ( #10980, #9285, #2349, #6608 ) ) ;
#1980 = VECTOR ( 'NONE', #11811, 1000.000000000000000 ) ;
#1981 = EDGE_CURVE ( 'NONE', #5410, #10458, #6264, .T. ) ;
#1982 = ADVANCED_FACE ( 'NONE', ( #5876 ), #1952, .T. ) ;
#1983 = LINE ( 'NONE', #5085, #4408 ) ;
#1984 = VECTOR ( 'NONE', #10588, 1000.000000000000000 ) ;
#1985 = VERTEX_POINT ( 'NONE', #11782 ) ;
#1986 = CARTESIAN_POINT ( 'NONE',  ( -50.51394905014938530, 365.0000000000000000, 366.3296056465372885 ) ) ;
#1987 = CARTESIAN_POINT ( 'NONE',  ( 42.48496570340527967, 120.0000000000000000, 371.2683589063772729 ) ) ;
#1988 = ADVANCED_FACE ( 'NONE', ( #5816 ), #5052, .T. ) ;
#1989 = CARTESIAN_POINT ( 'NONE',  ( -63.62321363309397526, -585.1500000000002046, 400.0000000000000000 ) ) ;
#1990 = FACE_OUTER_BOUND ( 'NONE', #12251, .T. ) ;
#1991 = VECTOR ( 'NONE', #11525, 1000.000000000000000 ) ;
#1992 = DIRECTION ( 'NONE',  ( -0.6203463926187218203, -0.000000000000000000, 0.7843279627585253433 ) ) ;
#1993 = FACE_OUTER_BOUND ( 'NONE', #1502, .T. ) ;
#1994 = AXIS2_PLACEMENT_3D ( 'NONE', #7145, #10258, #1557 ) ;
#1995 = ORIENTED_EDGE ( 'NONE', *, *, #1552, .T. ) ;
#1996 = VECTOR ( 'NONE', #8234, 999.9999999999998863 ) ;
#1997 = DIRECTION ( 'NONE',  ( -0.6193384587389316742, 0.000000000000000000, -0.7851241134539714839 ) ) ;
#1998 = EDGE_LOOP ( 'NONE', ( #3189, #6746, #6388, #11200 ) ) ;
#1999 = CIRCLE ( 'NONE', #3009, 3.093108195208626121 ) ;
#2000 = DIRECTION ( 'NONE',  ( -0.2185734701522162038, 0.9758204948378663701, -8.133531090881525451E-14 ) ) ;
#2001 = CARTESIAN_POINT ( 'NONE',  ( 154.2515135522192509, 315.0000000000000568, 324.7618957752811184 ) ) ;
#2002 = ORIENTED_EDGE ( 'NONE', *, *, #2691, .F. ) ;
#2003 = CARTESIAN_POINT ( 'NONE',  ( -59.20020431027140262, 354.8586249811227162, 358.1839072261502679 ) ) ;
#2004 = ADVANCED_FACE ( 'NONE', ( #7674 ), #3081, .F. ) ;
#2005 = LINE ( 'NONE', #9562, #9815 ) ;
#2006 = CARTESIAN_POINT ( 'NONE',  ( -216.8541978072706229, 545.4703231737047417, 282.9312486270516729 ) ) ;
#2007 = DIRECTION ( 'NONE',  ( 0.000000000000000000, 0.000000000000000000, 1.000000000000000000 ) ) ;
#2008 = ADVANCED_FACE ( 'NONE', ( #10826 ), #2131, .T. ) ;
#2009 = DIRECTION ( 'NONE',  ( -0.7625037589850115483, -0.2383113124287892792, 0.6014945850979835917 ) ) ;
#2010 = VERTEX_POINT ( 'NONE', #1889 ) ;
#2011 = FACE_OUTER_BOUND ( 'NONE', #6329, .T. ) ;
#2012 = EDGE_CURVE ( 'NONE', #6978, #1676, #9633, .T. ) ;
#2013 = AXIS2_PLACEMENT_3D ( 'NONE', #7915, #11602, #164 ) ;
#2014 = DIRECTION ( 'NONE',  ( -0.7851241134539721500, -0.000000000000000000, -0.6193384587389308971 ) ) ;
#2015 = DIRECTION ( 'NONE',  ( 0.000000000000000000, 0.000000000000000000, -1.000000000000000000 ) ) ;
#2016 = LINE ( 'NONE', #1890, #8442 ) ;
#2017 = CARTESIAN_POINT ( 'NONE',  ( -50.51394905014938530, 370.0000000000000000, 370.8061429881302047 ) ) ;
#2018 = DIRECTION ( 'NONE',  ( -1.000000000000000000, -0.000000000000000000, -0.000000000000000000 ) ) ;
#2019 = CLOSED_SHELL ( 'NONE', ( #1988, #8180, #3424, #11450, #1923, #3256, #9041 ) ) ;
#2020 = CYLINDRICAL_SURFACE ( 'NONE', #5838, 5.000000000000004441 ) ;
#2021 = VECTOR ( 'NONE', #11149, 1000.000000000000000 ) ;
#2022 = DIRECTION ( 'NONE',  ( -1.000000000000000000, 0.000000000000000000, -1.981605846146593378E-15 ) ) ;
#2023 = PERSON_AND_ORGANIZATION_ROLE ( 'design_supplier' ) ;
#2024 = VERTEX_POINT ( 'NONE', #4810 ) ;
#2025 = ADVANCED_FACE ( 'NONE', ( #10890 ), #1308, .F. ) ;
#2026 = LINE ( 'NONE', #174, #9559 ) ;
#2027 = CARTESIAN_POINT ( 'NONE',  ( -190.1818355124831328, 117.0000000000000000, 313.0569279791224062 ) ) ;
#2028 = DIRECTION ( 'NONE',  ( 0.000000000000000000, 1.000000000000000000, 0.000000000000000000 ) ) ;
#2029 = DIRECTION ( 'NONE',  ( 0.000000000000000000, 0.000000000000000000, 1.000000000000000000 ) ) ;
#2030 = CARTESIAN_POINT ( 'NONE',  ( 63.87115989019968509, 402.9660550741079987, 380.5563215124602152 ) ) ;
#2031 = EDGE_LOOP ( 'NONE', ( #8999, #7866 ) ) ;
#2032 = LINE ( 'NONE', #1910, #10438 ) ;
#2033 = FACE_OUTER_BOUND ( 'NONE', #8606, .T. ) ;
#2034 = DIRECTION ( 'NONE',  ( 1.000000000000000000, 0.000000000000000000, 0.000000000000000000 ) ) ;
#2035 = DIRECTION ( 'NONE',  ( 0.7625037589850115483, 0.2383113124287892515, -0.6014945850979835917 ) ) ;
#2036 = EDGE_LOOP ( 'NONE', ( #6373, #1200, #10737, #10842 ) ) ;
#2037 = ORIENTED_EDGE ( 'NONE', *, *, #5567, .F. ) ;
#2038 = DIRECTION ( 'NONE',  ( 0.000000000000000000, 1.000000000000000000, 0.000000000000000000 ) ) ;
#2039 = EDGE_LOOP ( 'NONE', ( #4950, #5981, #8899, #298 ) ) ;
#2040 = EDGE_LOOP ( 'NONE', ( #8354, #5488, #5056, #8755 ) ) ;
#2041 = AXIS2_PLACEMENT_3D ( 'NONE', #11490, #1709, #12308 ) ;
#2042 = VECTOR ( 'NONE', #6103, 1000.000000000000000 ) ;
#2043 = EDGE_CURVE ( 'NONE', #1763, #11440, #5675, .T. ) ;
#2044 = LINE ( 'NONE', #2933, #3604 ) ;
#2045 = ORIENTED_EDGE ( 'NONE', *, *, #8124, .T. ) ;
#2046 = FACE_OUTER_BOUND ( 'NONE', #6404, .T. ) ;
#2047 = ADVANCED_FACE ( 'NONE', ( #1375 ), #11966, .F. ) ;
#2048 = DIRECTION ( 'NONE',  ( -0.000000000000000000, -1.000000000000000000, 0.000000000000000000 ) ) ;
#2049 = CARTESIAN_POINT ( 'NONE',  ( -196.5314105426548679, 540.1499999999996362, 270.1825073951878835 ) ) ;
#2050 = CARTESIAN_POINT ( 'NONE',  ( -183.2945361897729413, 567.1149888135075798, 257.8324963616012724 ) ) ;
#2051 = EDGE_CURVE ( 'NONE', #5268, #1796, #9112, .T. ) ;
#2052 = CIRCLE ( 'NONE', #11581, 4.450000000000009948 ) ;
#2053 = ORIENTED_EDGE ( 'NONE', *, *, #10010, .F. ) ;
#2054 = DIRECTION ( 'NONE',  ( -1.000000000000000000, -0.000000000000000000, -0.000000000000000000 ) ) ;
#2055 = ORIENTED_EDGE ( 'NONE', *, *, #493, .T. ) ;
#2056 = EDGE_CURVE ( 'NONE', #11866, #10819, #11907, .T. ) ;
#2057 = CARTESIAN_POINT ( 'NONE',  ( -190.7868687004565800, 120.0000000000000000, 332.2694703950617168 ) ) ;
#2058 = FACE_OUTER_BOUND ( 'NONE', #1001, .T. ) ;
#2059 = ORIENTED_EDGE ( 'NONE', *, *, #9473, .T. ) ;
#2060 = LINE ( 'NONE', #10755, #6274 ) ;
#2061 = CARTESIAN_POINT ( 'NONE',  ( -200.0000000000000284, 540.1499999999996362, 30.00000000000002842 ) ) ;
#2062 = CARTESIAN_POINT ( 'NONE',  ( -215.3268372260108379, 547.7228371680860164, 285.7598987811078359 ) ) ;
#2063 = CARTESIAN_POINT ( 'NONE',  ( -195.5443506364432551, 554.6500890203740255, 302.9422028668143412 ) ) ;
#2064 = CARTESIAN_POINT ( 'NONE',  ( 42.48496570340527967, 117.0000000000000000, 370.0487020943513130 ) ) ;
#2065 = ORIENTED_EDGE ( 'NONE', *, *, #6801, .F. ) ;
#2066 = PLANE ( 'NONE',  #2882 ) ;
#2067 = AXIS2_PLACEMENT_3D ( 'NONE', #7394, #2765, #2702 ) ;
#2068 = EDGE_CURVE ( 'NONE', #4963, #3118, #481, .T. ) ;
#2069 = CARTESIAN_POINT ( 'NONE',  ( -111.3767717391519767, 447.6530411536430165, 351.4274360680452105 ) ) ;
#2070 = ADVANCED_FACE ( 'NONE', ( #3266 ), #10948, .T. ) ;
#2071 = CARTESIAN_POINT ( 'NONE',  ( -173.3050511171541075, 117.0000000000000000, 290.9472914527384546 ) ) ;
#2072 = DIRECTION ( 'NONE',  ( 0.000000000000000000, 0.000000000000000000, 1.000000000000000000 ) ) ;
#2073 = DIRECTION ( 'NONE',  ( 0.000000000000000000, 0.000000000000000000, 1.000000000000000000 ) ) ;
#2074 = CARTESIAN_POINT ( 'NONE',  ( 102.8087105096339400, 570.0829547866122766, 351.4274360680452105 ) ) ;
#2075 = CARTESIAN_POINT ( 'NONE',  ( 88.53618374789289192, 416.8296090012182162, 382.7730451548061410 ) ) ;
#2076 = DIRECTION ( 'NONE',  ( -0.6193384587389297868, 0.000000000000000000, -0.7851241134539729272 ) ) ;
#2077 = ORIENTED_EDGE ( 'NONE', *, *, #10637, .F. ) ;
#2078 = DIRECTION ( 'NONE',  ( 0.000000000000000000, -1.000000000000000000, 0.000000000000000000 ) ) ;
#2079 = CARTESIAN_POINT ( 'NONE',  ( 36.37704158544332245, 423.1584034901131872, 358.2855430498905775 ) ) ;
#2080 = DIRECTION ( 'NONE',  ( -0.000000000000000000, -0.000000000000000000, 1.000000000000000000 ) ) ;
#2081 = CARTESIAN_POINT ( 'NONE',  ( -248.5985330171027385, 355.0000000000001137, 196.1048318924143246 ) ) ;
#2082 = CARTESIAN_POINT ( 'NONE',  ( -155.6329774118507885, 550.1499999999997499, 362.3943590049919408 ) ) ;
#2083 = ORIENTED_EDGE ( 'NONE', *, *, #222, .T. ) ;
#2084 = LINE ( 'NONE', #9836, #503 ) ;
#2085 = CARTESIAN_POINT ( 'NONE',  ( -174.9943130982813955, 120.0000000000000000, 290.9472914527384546 ) ) ;
#2086 = AXIS2_PLACEMENT_3D ( 'NONE', #1644, #10403, #2729 ) ;
#2087 = EDGE_CURVE ( 'NONE', #8732, #6115, #9170, .T. ) ;
#2088 = CARTESIAN_POINT ( 'NONE',  ( 46.12448390330171577, 383.0054035202313685, 379.8138106224483295 ) ) ;
#2089 = EDGE_CURVE ( 'NONE', #4645, #10513, #2320, .T. ) ;
#2090 = DIRECTION ( 'NONE',  ( -0.000000000000000000, -1.000000000000000000, -0.000000000000000000 ) ) ;
#2091 = ORIENTED_EDGE ( 'NONE', *, *, #7920, .F. ) ;
#2092 = ORIENTED_EDGE ( 'NONE', *, *, #10167, .T. ) ;
#2093 = DIRECTION ( 'NONE',  ( 0.000000000000000000, -1.000000000000000000, 0.000000000000000000 ) ) ;
#2094 = ORIENTED_EDGE ( 'NONE', *, *, #1827, .T. ) ;
#2095 = VERTEX_POINT ( 'NONE', #9941 ) ;
#2096 = EDGE_CURVE ( 'NONE', #11777, #1088, #3441, .T. ) ;
#2097 = VECTOR ( 'NONE', #9308, 1000.000000000000000 ) ;
#2098 = EDGE_CURVE ( 'NONE', #8204, #4490, #9237, .T. ) ;
#2099 = DIRECTION ( 'NONE',  ( -1.000000000000000000, 0.000000000000000000, 0.000000000000000000 ) ) ;
#2100 = VERTEX_POINT ( 'NONE', #1494 ) ;
#2101 = CARTESIAN_POINT ( 'NONE',  ( 158.7296697055454047, 494.0199999999996976, 358.4687384377218677 ) ) ;
#2102 = DIRECTION ( 'NONE',  ( 0.000000000000000000, 0.000000000000000000, -1.000000000000000000 ) ) ;
#2103 = CIRCLE ( 'NONE', #4954, 0.9584030404425902816 ) ;
#2104 = CARTESIAN_POINT ( 'NONE',  ( -204.2508552491786986, 545.1499999999996362, 290.4687386605743313 ) ) ;
#2105 = CARTESIAN_POINT ( 'NONE',  ( -174.9943130982813955, 117.0000000000000000, 368.2120121559648851 ) ) ;
#2106 = ORIENTED_EDGE ( 'NONE', *, *, #103, .T. ) ;
#2107 = CARTESIAN_POINT ( 'NONE',  ( 192.4757493626966607, -280.1694956085287345, 362.4264068711929099 ) ) ;
#2108 = ORIENTED_EDGE ( 'NONE', *, *, #9886, .F. ) ;
#2109 = EDGE_CURVE ( 'NONE', #7005, #8658, #12099, .T. ) ;
#2110 = DIRECTION ( 'NONE',  ( -0.6193384587389297868, 0.000000000000000000, -0.7851241134539729272 ) ) ;
#2111 = DIRECTION ( 'NONE',  ( -1.000000000000000000, 0.000000000000000000, -1.345302556188584735E-15 ) ) ;
#2112 = VERTEX_POINT ( 'NONE', #7215 ) ;
#2113 = CARTESIAN_POINT ( 'NONE',  ( -66.20020431027140262, 352.9289321823176238, 381.4117675237180265 ) ) ;
#2114 = CARTESIAN_POINT ( 'NONE',  ( -174.9943130982813955, 117.0000000000000000, 368.2120121559648851 ) ) ;
#2115 = CARTESIAN_POINT ( 'NONE',  ( -111.4464948675895073, 117.0000000000000000, 370.0487020943512562 ) ) ;
#2116 = ORIENTED_EDGE ( 'NONE', *, *, #3729, .T. ) ;
#2117 = LINE ( 'NONE', #4337, #4546 ) ;
#2118 = VECTOR ( 'NONE', #902, 1000.000000000000000 ) ;
#2119 = DIRECTION ( 'NONE',  ( -0.6203463926187213762, 0.000000000000000000, 0.7843279627585255653 ) ) ;
#2120 = EDGE_CURVE ( 'NONE', #8613, #1354, #3402, .T. ) ;
#2121 = ORIENTED_EDGE ( 'NONE', *, *, #6311, .T. ) ;
#2122 = CARTESIAN_POINT ( 'NONE',  ( -101.3483725503407271, 570.1156123044612514, 351.4359941569151715 ) ) ;
#2123 = ORIENTED_EDGE ( 'NONE', *, *, #2723, .T. ) ;
#2124 = CIRCLE ( 'NONE', #9220, 1.070998700129166536 ) ;
#2125 = EDGE_CURVE ( 'NONE', #10121, #10871, #2457, .T. ) ;
#2126 = VECTOR ( 'NONE', #11097, 1000.000000000000000 ) ;
#2127 = DIRECTION ( 'NONE',  ( 0.000000000000000000, -0.000000000000000000, -1.000000000000000000 ) ) ;
#2128 = VERTEX_POINT ( 'NONE', #10196 ) ;
#2129 = ADVANCED_FACE ( 'NONE', ( #1247 ), #7785, .T. ) ;
#2130 = EDGE_CURVE ( 'NONE', #1667, #1680, #8270, .T. ) ;
#2131 = CYLINDRICAL_SURFACE ( 'NONE', #1415, 2.000000000000020428 ) ;
#2132 = CARTESIAN_POINT ( 'NONE',  ( -111.3767717391519483, 442.6530411536430165, 392.5570525041796373 ) ) ;
#2133 = CARTESIAN_POINT ( 'NONE',  ( -74.95297405475031383, 370.0000000000000000, 370.8061429881302047 ) ) ;
#2134 = CARTESIAN_POINT ( 'NONE',  ( 103.5354979033996727, 570.0167564080398961, 351.4274360680452105 ) ) ;
#2135 = ORIENTED_EDGE ( 'NONE', *, *, #5773, .T. ) ;
#2136 = ADVANCED_FACE ( 'NONE', ( #807 ), #10447, .F. ) ;
#2137 = CARTESIAN_POINT ( 'NONE',  ( 183.3631709588174488, 352.5000000000000000, 314.5935898537258595 ) ) ;
#2138 = AXIS2_PLACEMENT_3D ( 'NONE', #2132, #3466, #4602 ) ;
#2139 = CARTESIAN_POINT ( 'NONE',  ( -183.2006110463806294, 554.8693436846220948, 318.6770057039939843 ) ) ;
#2140 = CIRCLE ( 'NONE', #1332, 1.070998700129166536 ) ;
#2141 = DIRECTION ( 'NONE',  ( 1.000000000000000000, 0.000000000000000000, 0.000000000000000000 ) ) ;
#2142 = ORIENTED_EDGE ( 'NONE', *, *, #7900, .T. ) ;
#2143 = CIRCLE ( 'NONE', #2174, 1.100437036551937808 ) ;
#2144 = DIRECTION ( 'NONE',  ( 0.000000000000000000, -0.000000000000000000, -1.000000000000000000 ) ) ;
#2145 = FACE_BOUND ( 'NONE', #522, .T. ) ;
#2146 = CARTESIAN_POINT ( 'NONE',  ( 191.8873057370086315, 120.0000000000000000, 277.5473304590436214 ) ) ;
#2147 = DIRECTION ( 'NONE',  ( 0.000000000000000000, 0.000000000000000000, 1.000000000000000000 ) ) ;
#2148 = VECTOR ( 'NONE', #7474, 1000.000000000000000 ) ;
#2149 = LINE ( 'NONE', #5833, #10651 ) ;
#2150 = EDGE_LOOP ( 'NONE', ( #6952, #1089, #3803, #2550 ) ) ;
#2151 = VECTOR ( 'NONE', #5190, 1000.000000000000000 ) ;
#2152 = DIRECTION ( 'NONE',  ( -1.703841351481210493E-16, 1.000000000000000000, 2.159928729876910786E-16 ) ) ;
#2153 = EDGE_CURVE ( 'NONE', #416, #7093, #7502, .T. ) ;
#2154 = LINE ( 'NONE', #4888, #7838 ) ;
#2155 = CARTESIAN_POINT ( 'NONE',  ( 103.5354979033996727, 570.0167564080398961, 351.4274360680452105 ) ) ;
#2156 = CIRCLE ( 'NONE', #11492, 1.219656812025959880 ) ;
#2157 = DIRECTION ( 'NONE',  ( 0.000000000000000000, -0.5177641442566629504, 0.8555234017384711898 ) ) ;
#2158 = ORIENTED_EDGE ( 'NONE', *, *, #3135, .F. ) ;
#2159 = ORIENTED_EDGE ( 'NONE', *, *, #1691, .F. ) ;
#2160 = CARTESIAN_POINT ( 'NONE',  ( -148.0061200503008934, 117.0000000000000000, 349.9640353578183749 ) ) ;
#2161 = ORIENTED_EDGE ( 'NONE', *, *, #11712, .T. ) ;
#2162 = VERTEX_POINT ( 'NONE', #9306 ) ;
#2163 = ADVANCED_FACE ( 'NONE', ( #611 ), #11669, .T. ) ;
#2164 = EDGE_CURVE ( 'NONE', #756, #10, #6763, .T. ) ;
#2165 = AXIS2_PLACEMENT_3D ( 'NONE', #6288, #2559, #4513 ) ;
#2166 = CARTESIAN_POINT ( 'NONE',  ( -199.9999999999999716, 90.00000000000000000, 340.0000000000000000 ) ) ;
#2167 = ORIENTED_EDGE ( 'NONE', *, *, #5966, .T. ) ;
#2168 = DIRECTION ( 'NONE',  ( -0.000000000000000000, -1.000000000000000000, 0.000000000000000000 ) ) ;
#2169 = VECTOR ( 'NONE', #11249, 1000.000000000000000 ) ;
#2170 = CARTESIAN_POINT ( 'NONE',  ( -174.9943130982813955, 120.0000000000000000, 367.1410134558357186 ) ) ;
#2171 = FACE_OUTER_BOUND ( 'NONE', #2513, .T. ) ;
#2172 = CARTESIAN_POINT ( 'NONE',  ( -199.6017977206572027, 545.6889121571493888, 258.2171031698961770 ) ) ;
#2173 = ORIENTED_EDGE ( 'NONE', *, *, #4026, .F. ) ;
#2174 = AXIS2_PLACEMENT_3D ( 'NONE', #3284, #9129, #500 ) ;
#2175 = CARTESIAN_POINT ( 'NONE',  ( -130.5203249716377911, 117.0000000000000000, 371.9164933129661677 ) ) ;
#2176 = VECTOR ( 'NONE', #6493, 1000.000000000000114 ) ;
#2177 = EDGE_LOOP ( 'NONE', ( #9586, #4740, #12188, #10017 ) ) ;
#2178 = EDGE_LOOP ( 'NONE', ( #4191, #737, #7822, #1931 ) ) ;
#2179 = VECTOR ( 'NONE', #6066, 1000.000000000000000 ) ;
#2180 =( BOUNDED_CURVE ( )  B_SPLINE_CURVE ( 3, ( #9925, #11887, #3188, #7068 ),
 .UNSPECIFIED., .F., .T. ) 
 B_SPLINE_CURVE_WITH_KNOTS ( ( 4, 4 ),
 ( 5.501585242055417879, 7.064785372303754585 ),
 .UNSPECIFIED. ) 
 CURVE ( )  GEOMETRIC_REPRESENTATION_ITEM ( )  RATIONAL_B_SPLINE_CURVE ( ( 1.000000000000000000, 0.8065248903853474705, 0.8065248903853474705, 1.000000000000000000 ) ) 
 REPRESENTATION_ITEM ( '' )  );
#2181 = CARTESIAN_POINT ( 'NONE',  ( -59.20020431027140262, 350.0529641365511679, 372.2640970779426652 ) ) ;
#2182 = CARTESIAN_POINT ( 'NONE',  ( -131.5879672915080221, 120.0000000000000000, 334.1202411419354803 ) ) ;
#2183 = VERTEX_POINT ( 'NONE', #1107 ) ;
#2184 = CARTESIAN_POINT ( 'NONE',  ( -63.62321363309397526, -585.1500000000002046, 0.000000000000000000 ) ) ;
#2185 = DIRECTION ( 'NONE',  ( -0.000000000000000000, -1.000000000000000000, 0.000000000000000000 ) ) ;
#2186 = DIRECTION ( 'NONE',  ( -0.000000000000000000, -1.000000000000000000, 0.000000000000000000 ) ) ;
#2187 = CIRCLE ( 'NONE', #3615, 5.101225832984668251 ) ;
#2188 = ORIENTED_EDGE ( 'NONE', *, *, #2761, .T. ) ;
#2189 = VECTOR ( 'NONE', #1356, 1000.000000000000000 ) ;
#2190 = CARTESIAN_POINT ( 'NONE',  ( -191.7147191768553967, 544.8930587102181562, 276.2885395412535559 ) ) ;
#2191 = VECTOR ( 'NONE', #6654, 1000.000000000000114 ) ;
#2192 = DIRECTION ( 'NONE',  ( -0.000000000000000000, -1.000000000000000000, -0.000000000000000000 ) ) ;
#2193 = ORIENTED_EDGE ( 'NONE', *, *, #1823, .F. ) ;
#2194 = CARTESIAN_POINT ( 'NONE',  ( -102.3765379557254818, 570.1157619783205064, 351.6688315909390781 ) ) ;
#2195 = VERTEX_POINT ( 'NONE', #5865 ) ;
#2196 = AXIS2_PLACEMENT_3D ( 'NONE', #3636, #8530, #8593 ) ;
#2197 = CARTESIAN_POINT ( 'NONE',  ( 199.9999999999999716, 540.1499999999996362, 0.000000000000000000 ) ) ;
#2198 = ORIENTED_EDGE ( 'NONE', *, *, #2043, .F. ) ;
#2199 = CARTESIAN_POINT ( 'NONE',  ( 192.5135484908171009, 539.1499999999996362, 275.2758781312025462 ) ) ;
#2200 = LINE ( 'NONE', #7020, #12084 ) ;
#2201 = FACE_OUTER_BOUND ( 'NONE', #9726, .T. ) ;
#2202 = CARTESIAN_POINT ( 'NONE',  ( -28.59784671783352650, 550.1499999999997499, 515.2091263269223873 ) ) ;
#2203 = ORIENTED_EDGE ( 'NONE', *, *, #4217, .T. ) ;
#2204 = EDGE_CURVE ( 'NONE', #9970, #4645, #3208, .T. ) ;
#2205 = CARTESIAN_POINT ( 'NONE',  ( 226.8164854144700087, 340.0000000000000568, 226.8164854143789171 ) ) ;
#2206 = CARTESIAN_POINT ( 'NONE',  ( 172.6936275999667032, 501.6802010741481013, 292.9953720042336158 ) ) ;
#2207 = EDGE_CURVE ( 'NONE', #5631, #8125, #5804, .T. ) ;
#2208 = ORIENTED_EDGE ( 'NONE', *, *, #3707, .F. ) ;
#2209 = PLANE ( 'NONE',  #9169 ) ;
#2210 = DIRECTION ( 'NONE',  ( 0.000000000000000000, 0.000000000000000000, 1.000000000000000000 ) ) ;
#2211 = EDGE_CURVE ( 'NONE', #3875, #11990, #3070, .T. ) ;
#2212 = CARTESIAN_POINT ( 'NONE',  ( 192.9877427735605693, 120.0000000000000000, 332.2694703950618873 ) ) ;
#2213 = LINE ( 'NONE', #11982, #8325 ) ;
#2214 = DIRECTION ( 'NONE',  ( -0.6177089183133549488, -0.008339822323400584297, -0.7863626005856072521 ) ) ;
#2215 = ORIENTED_EDGE ( 'NONE', *, *, #10561, .F. ) ;
#2216 = LINE ( 'NONE', #1865, #11855 ) ;
#2217 = CARTESIAN_POINT ( 'NONE',  ( 2.081899558550500674E-14, 572.1499999999997499, 175.7695561956705319 ) ) ;
#2218 = LINE ( 'NONE', #10665, #12287 ) ;
#2219 = AXIS2_PLACEMENT_3D ( 'NONE', #4107, #7989, #2977 ) ;
#2220 = FACE_OUTER_BOUND ( 'NONE', #8893, .T. ) ;
#2221 = ORIENTED_EDGE ( 'NONE', *, *, #8380, .T. ) ;
#2222 = ORIENTED_EDGE ( 'NONE', *, *, #4340, .F. ) ;
#2223 = DIRECTION ( 'NONE',  ( -0.000000000000000000, -1.000000000000000000, -0.000000000000000000 ) ) ;
#2224 = ORIENTED_EDGE ( 'NONE', *, *, #3952, .F. ) ;
#2225 = EDGE_CURVE ( 'NONE', #10790, #10, #12160, .T. ) ;
#2226 = EDGE_LOOP ( 'NONE', ( #11572, #11812, #397, #11935 ) ) ;
#2227 = EDGE_CURVE ( 'NONE', #444, #1745, #4727, .T. ) ;
#2228 = DIRECTION ( 'NONE',  ( 0.7625037589850115483, 0.2383113124287892515, -0.6014945850979835917 ) ) ;
#2229 = ORIENTED_EDGE ( 'NONE', *, *, #9977, .F. ) ;
#2230 = EDGE_CURVE ( 'NONE', #5453, #6442, #3647, .T. ) ;
#2231 = CARTESIAN_POINT ( 'NONE',  ( -193.6232282608479807, 382.2776525479377483, 361.8621453137576509 ) ) ;
#2232 = CARTESIAN_POINT ( 'NONE',  ( 42.48496570340527967, 120.0000000000000000, 370.0487020943513130 ) ) ;
#2233 = CIRCLE ( 'NONE', #11758, 5.000000000000004441 ) ;
#2234 = CARTESIAN_POINT ( 'NONE',  ( -196.3130438428664206, 541.1707094744213009, 270.4593268937354651 ) ) ;
#2235 = CARTESIAN_POINT ( 'NONE',  ( -193.2363503865712175, 546.7582675062304816, 266.2864651227755530 ) ) ;
#2236 = ORIENTED_EDGE ( 'NONE', *, *, #9427, .T. ) ;
#2237 = MANIFOLD_SOLID_BREP ( 'Yükseklik-Ekstrüzyon39[2]', #11809 ) ;
#2238 = CARTESIAN_POINT ( 'NONE',  ( -158.5427290477400959, 90.00000000000000000, 278.8163079771102275 ) ) ;
#2239 = ORIENTED_EDGE ( 'NONE', *, *, #4869, .F. ) ;
#2240 = ORIENTED_EDGE ( 'NONE', *, *, #11091, .F. ) ;
#2241 = LINE ( 'NONE', #5290, #5731 ) ;
#2242 = DIRECTION ( 'NONE',  ( 0.7625037589850115483, 0.2383113124287892515, -0.6014945850979835917 ) ) ;
#2243 = B_SPLINE_CURVE_WITH_KNOTS ( 'NONE', 2,
 ( #2628, #9341, #8398 ),
 .UNSPECIFIED., .F., .F.,
 ( 3, 3 ),
 ( 0.000000000000000000, 1.000000000000000000 ),
 .UNSPECIFIED. ) ;
#2244 = ORIENTED_EDGE ( 'NONE', *, *, #6312, .T. ) ;
#2245 = FACE_OUTER_BOUND ( 'NONE', #2706, .T. ) ;
#2246 = CARTESIAN_POINT ( 'NONE',  ( 155.0205601754937561, 551.7875650038473623, 355.5428390286079434 ) ) ;
#2247 = ORIENTED_EDGE ( 'NONE', *, *, #2611, .T. ) ;
#2248 = B_SPLINE_CURVE_WITH_KNOTS ( 'NONE', 2,
 ( #6937, #1285, #2238 ),
 .UNSPECIFIED., .F., .F.,
 ( 3, 3 ),
 ( 0.07685992466073145180, 0.6835795331868034230 ),
 .UNSPECIFIED. ) ;
#2249 = PLANE ( 'NONE',  #10018 ) ;
#2250 = EDGE_CURVE ( 'NONE', #531, #2931, #9746, .T. ) ;
#2251 = CARTESIAN_POINT ( 'NONE',  ( -163.4842185463903093, 377.5518242584213908, 368.5877435923810594 ) ) ;
#2252 = ORIENTED_EDGE ( 'NONE', *, *, #6759, .F. ) ;
#2253 = FACE_OUTER_BOUND ( 'NONE', #3882, .T. ) ;
#2254 = EDGE_LOOP ( 'NONE', ( #1856, #11037, #5661, #3732 ) ) ;
#2255 = AXIS2_PLACEMENT_3D ( 'NONE', #8994, #1258, #3982 ) ;
#2256 = CIRCLE ( 'NONE', #11590, 3.093108195208704281 ) ;
#2257 = MANIFOLD_SOLID_BREP ( 'Ýç Boþaltma5', #6947 ) ;
#2258 = CYLINDRICAL_SURFACE ( 'NONE', #11917, 5.101225832984668251 ) ;
#2259 = ORIENTED_EDGE ( 'NONE', *, *, #4821, .F. ) ;
#2260 = EDGE_CURVE ( 'NONE', #1361, #8035, #87, .T. ) ;
#2261 = CARTESIAN_POINT ( 'NONE',  ( -216.1595133790040961, 540.1499999999996362, 285.6659688636611349 ) ) ;
#2262 = DIRECTION ( 'NONE',  ( 0.6193384587389317852, 0.000000000000000000, 0.7851241134539713729 ) ) ;
#2263 = CYLINDRICAL_SURFACE ( 'NONE', #2922, 0.9584030404425902816 ) ;
#2264 = FACE_OUTER_BOUND ( 'NONE', #1642, .T. ) ;
#2265 = VERTEX_POINT ( 'NONE', #12471 ) ;
#2266 = DIRECTION ( 'NONE',  ( -1.000000000000000000, 0.000000000000000000, -2.897549362954532616E-15 ) ) ;
#2267 = AXIS2_PLACEMENT_3D ( 'NONE', #3725, #2899, #11475 ) ;
#2268 = VERTEX_POINT ( 'NONE', #8617 ) ;
#2269 = VERTEX_POINT ( 'NONE', #3777 ) ;
#2270 = FACE_OUTER_BOUND ( 'NONE', #583, .T. ) ;
#2271 = DIRECTION ( 'NONE',  ( -0.7851241134539713729, 8.326672684688674053E-17, 0.6193384587389317852 ) ) ;
#2272 = EDGE_CURVE ( 'NONE', #9908, #1253, #7656, .T. ) ;
#2273 = CARTESIAN_POINT ( 'NONE',  ( -188.7538232997221428, 352.5000000000000000, 303.6097127950929462 ) ) ;
#2274 = FACE_OUTER_BOUND ( 'NONE', #3863, .T. ) ;
#2275 = DIRECTION ( 'NONE',  ( -0.000000000000000000, -0.000000000000000000, 1.000000000000000000 ) ) ;
#2276 = ORIENTED_EDGE ( 'NONE', *, *, #2531, .T. ) ;
#2277 = DIRECTION ( 'NONE',  ( 0.000000000000000000, 0.000000000000000000, -1.000000000000000000 ) ) ;
#2278 = EDGE_CURVE ( 'NONE', #12124, #1475, #2060, .T. ) ;
#2279 = DIRECTION ( 'NONE',  ( 1.000000000000000000, -0.000000000000000000, 0.000000000000000000 ) ) ;
#2280 = DIRECTION ( 'NONE',  ( 0.000000000000000000, 1.000000000000000000, -0.000000000000000000 ) ) ;
#2281 = MANIFOLD_SOLID_BREP ( 'Radyus3', #1824 ) ;
#2282 = CARTESIAN_POINT ( 'NONE',  ( 116.3767717391520620, 565.8524822690791325, 351.4274360680452105 ) ) ;
#2283 = VERTEX_POINT ( 'NONE', #3837 ) ;
#2284 = ORIENTED_EDGE ( 'NONE', *, *, #4869, .T. ) ;
#2285 = ORIENTED_EDGE ( 'NONE', *, *, #11228, .F. ) ;
#2286 = CARTESIAN_POINT ( 'NONE',  ( 74.86688931094020916, 370.0000000000000000, 366.3561429881301592 ) ) ;
#2287 = ORIENTED_EDGE ( 'NONE', *, *, #8951, .T. ) ;
#2288 = VECTOR ( 'NONE', #9108, 1000.000000000000000 ) ;
#2289 = VERTEX_POINT ( 'NONE', #11532 ) ;
#2290 = DIRECTION ( 'NONE',  ( 0.000000000000000000, 0.000000000000000000, -1.000000000000000000 ) ) ;
#2291 = DIRECTION ( 'NONE',  ( 1.000000000000000000, 0.000000000000000000, 0.000000000000000000 ) ) ;
#2292 = ORIENTED_EDGE ( 'NONE', *, *, #11372, .T. ) ;
#2293 = DIRECTION ( 'NONE',  ( -0.000000000000000000, 0.08715574274765820750, -0.9961946980917455452 ) ) ;
#2294 = LINE ( 'NONE', #11943, #7532 ) ;
#2295 = CARTESIAN_POINT ( 'NONE',  ( -200.0000000000000284, 542.1135176796644828, 250.7734253594264260 ) ) ;
#2296 = EDGE_CURVE ( 'NONE', #131, #7388, #2838, .T. ) ;
#2297 = VERTEX_POINT ( 'NONE', #931 ) ;
#2298 = CARTESIAN_POINT ( 'NONE',  ( -130.5203249716377911, 117.0000000000000000, 368.2120121559648851 ) ) ;
#2299 = ORIENTED_EDGE ( 'NONE', *, *, #4924, .F. ) ;
#2300 = AXIS2_PLACEMENT_3D ( 'NONE', #826, #4688, #3734 ) ;
#2301 = ORIENTED_EDGE ( 'NONE', *, *, #8260, .T. ) ;
#2302 = EDGE_CURVE ( 'NONE', #2183, #2112, #12259, .T. ) ;
#2303 = CYLINDRICAL_SURFACE ( 'NONE', #671, 16.70248815446684176 ) ;
#2304 = DIRECTION ( 'NONE',  ( 0.7843279627585261204, 0.000000000000000000, 0.6203463926187208211 ) ) ;
#2305 = VERTEX_POINT ( 'NONE', #5101 ) ;
#2306 = DIRECTION ( 'NONE',  ( -0.000000000000000000, -0.08715574274765820750, 0.9961946980917455452 ) ) ;
#2307 = LINE ( 'NONE', #6048, #2738 ) ;
#2308 = ORIENTED_EDGE ( 'NONE', *, *, #7166, .F. ) ;
#2309 = AXIS2_PLACEMENT_3D ( 'NONE', #226, #2394, #7086 ) ;
#2310 = CARTESIAN_POINT ( 'NONE',  ( -190.1570750029941337, 545.1499999999996362, 278.2631367648291985 ) ) ;
#2311 = DIRECTION ( 'NONE',  ( -0.7851241134539719280, -0.000000000000000000, -0.6193384587389308971 ) ) ;
#2312 = ORIENTED_EDGE ( 'NONE', *, *, #2814, .F. ) ;
#2313 = CARTESIAN_POINT ( 'NONE',  ( 192.5135484908171009, 494.0199999999996976, 275.2758781312025462 ) ) ;
#2314 = EDGE_LOOP ( 'NONE', ( #12541, #9966, #6660, #3169 ) ) ;
#2315 = CIRCLE ( 'NONE', #8194, 1.689261981127287982 ) ;
#2316 = CARTESIAN_POINT ( 'NONE',  ( 195.7024822690794110, 540.1499999999996362, 263.1601945342233080 ) ) ;
#2317 = EDGE_LOOP ( 'NONE', ( #8600, #10327, #11613, #8886 ) ) ;
#2318 = ADVANCED_FACE ( 'NONE', ( #10998 ), #208, .T. ) ;
#2319 = EDGE_CURVE ( 'NONE', #1914, #6397, #8211, .T. ) ;
#2320 = LINE ( 'NONE', #4156, #1828 ) ;
#2321 = DIRECTION ( 'NONE',  ( 0.7851241134539718169, 0.000000000000000000, -0.6193384587389312301 ) ) ;
#2322 = CARTESIAN_POINT ( 'NONE',  ( 90.19187790580512853, 412.9811648176871017, 380.4439605203513679 ) ) ;
#2323 = DIRECTION ( 'NONE',  ( 0.000000000000000000, -1.000000000000000000, 0.000000000000000000 ) ) ;
#2324 = ORIENTED_EDGE ( 'NONE', *, *, #4054, .F. ) ;
#2325 = CARTESIAN_POINT ( 'NONE',  ( -227.1074468072383183, 377.5518242583665369, 287.9337328837805217 ) ) ;
#2326 = VECTOR ( 'NONE', #4435, 1000.000000000000000 ) ;
#2327 = ORIENTED_EDGE ( 'NONE', *, *, #10988, .F. ) ;
#2328 = ADVANCED_FACE ( 'NONE', ( #8090 ), #1293, .T. ) ;
#2329 = AXIS2_PLACEMENT_3D ( 'NONE', #6792, #963, #11620 ) ;
#2330 = EDGE_LOOP ( 'NONE', ( #7669, #11997, #791, #6753, #5965 ) ) ;
#2331 = CARTESIAN_POINT ( 'NONE',  ( -143.8740032180093067, 494.0205802199568552, 346.7499726677422132 ) ) ;
#2332 = DIRECTION ( 'NONE',  ( 0.000000000000000000, 0.000000000000000000, -1.000000000000000000 ) ) ;
#2333 = DIRECTION ( 'NONE',  ( 0.6193384587389313412, 0.000000000000000000, -0.7851241134539717059 ) ) ;
#2334 = FACE_OUTER_BOUND ( 'NONE', #5752, .T. ) ;
#2335 = CIRCLE ( 'NONE', #9435, 3.704481157001282554 ) ;
#2336 = DIRECTION ( 'NONE',  ( -0.7863899488082342071, 0.000000000000000000, 0.6177304010758923880 ) ) ;
#2337 = EDGE_LOOP ( 'NONE', ( #653, #4268, #4600, #7711 ) ) ;
#2338 = LINE ( 'NONE', #4368, #3346 ) ;
#2339 = DIRECTION ( 'NONE',  ( -1.000000000000000000, 0.000000000000000000, 0.000000000000000000 ) ) ;
#2340 = DIRECTION ( 'NONE',  ( 0.000000000000000000, 0.000000000000000000, 1.000000000000000000 ) ) ;
#2341 = CARTESIAN_POINT ( 'NONE',  ( -181.2150648657633667, 340.0000000000000568, 303.3980800510616405 ) ) ;
#2342 = AXIS2_PLACEMENT_3D ( 'NONE', #4699, #3682, #12313 ) ;
#2343 = EDGE_LOOP ( 'NONE', ( #9350, #698, #4292, #246 ) ) ;
#2344 = VERTEX_POINT ( 'NONE', #1170 ) ;
#2345 = EDGE_LOOP ( 'NONE', ( #8725, #9230, #1735, #12189 ) ) ;
#2346 = CARTESIAN_POINT ( 'NONE',  ( -175.1311997525218089, 357.5000000000000000, 324.1304959033155342 ) ) ;
#2347 = ORIENTED_EDGE ( 'NONE', *, *, #6052, .T. ) ;
#2348 = CIRCLE ( 'NONE', #11064, 5.000000000000004441 ) ;
#2349 = ORIENTED_EDGE ( 'NONE', *, *, #4737, .T. ) ;
#2350 = LINE ( 'NONE', #11044, #11478 ) ;
#2351 = CARTESIAN_POINT ( 'NONE',  ( -174.9943130982813955, 117.0000000000000000, 369.2830108560940516 ) ) ;
#2352 = ORIENTED_EDGE ( 'NONE', *, *, #3152, .T. ) ;
#2353 = AXIS2_PLACEMENT_3D ( 'NONE', #5760, #628, #4498 ) ;
#2354 = CARTESIAN_POINT ( 'NONE',  ( -101.3506228754717284, 570.1160211952075088, 351.4274360680452105 ) ) ;
#2355 = CARTESIAN_POINT ( 'NONE',  ( 59.34243920159818231, 355.0000000000000000, 355.6679359893877290 ) ) ;
#2356 = EDGE_CURVE ( 'NONE', #8452, #10694, #8614, .T. ) ;
#2357 = ADVANCED_FACE ( 'NONE', ( #2245 ), #11955, .T. ) ;
#2358 = PLANE ( 'NONE',  #24 ) ;
#2359 = DIRECTION ( 'NONE',  ( 0.000000000000000000, -1.000000000000000000, 0.000000000000000000 ) ) ;
#2360 = VERTEX_POINT ( 'NONE', #3124 ) ;
#2361 = PLANE ( 'NONE',  #12121 ) ;
#2362 = ORIENTED_EDGE ( 'NONE', *, *, #12483, .F. ) ;
#2363 = ADVANCED_FACE ( 'NONE', ( #4333 ), #4273, .F. ) ;
#2364 = EDGE_CURVE ( 'NONE', #9712, #6584, #1102, .T. ) ;
#2365 = VECTOR ( 'NONE', #6668, 1000.000000000000000 ) ;
#2366 = ORIENTED_EDGE ( 'NONE', *, *, #8974, .F. ) ;
#2367 = DIRECTION ( 'NONE',  ( 0.000000000000000000, 0.000000000000000000, -1.000000000000000000 ) ) ;
#2368 = CYLINDRICAL_SURFACE ( 'NONE', #8469, 0.7656912382572045317 ) ;
#2369 = CIRCLE ( 'NONE', #10072, 3.649999999999986589 ) ;
#2370 = ORIENTED_EDGE ( 'NONE', *, *, #6097, .T. ) ;
#2371 = EDGE_CURVE ( 'NONE', #4394, #9160, #12015, .T. ) ;
#2372 = LINE ( 'NONE', #5228, #10840 ) ;
#2373 = LINE ( 'NONE', #12211, #7852 ) ;
#2374 = ORIENTED_EDGE ( 'NONE', *, *, #9658, .F. ) ;
#2375 = DIRECTION ( 'NONE',  ( -0.2185734701522163148, 0.9758204948378663701, 4.399319467048921802E-14 ) ) ;
#2376 = VECTOR ( 'NONE', #3450, 1000.000000000000000 ) ;
#2377 = VECTOR ( 'NONE', #10918, 1000.000000000000000 ) ;
#2378 = CYLINDRICAL_SURFACE ( 'NONE', #7272, 8.687236565862122006 ) ;
#2379 = EDGE_LOOP ( 'NONE', ( #10182, #4376, #10380, #11401 ) ) ;
#2380 = VECTOR ( 'NONE', #5198, 1000.000000000000000 ) ;
#2381 = EDGE_LOOP ( 'NONE', ( #5783, #9244, #10315, #8475, #4851, #5724 ) ) ;
#2382 = CARTESIAN_POINT ( 'NONE',  ( 180.0000000000000000, 570.1499999999997499, 250.7734253594445875 ) ) ;
#2383 = VERTEX_POINT ( 'NONE', #4080 ) ;
#2384 = ADVANCED_BREP_SHAPE_REPRESENTATION ( 'su sebili', ( #2281, #6478, #2386, #6853, #6583, #2908, #6539, #2432, #2237, #6436, #2257, #10633, #7185, #6605, #11305, #10793, #10772, #2454, #11020, #6346, #2413, #6369, #10521 ), #578 ) ;
#2385 = EDGE_CURVE ( 'NONE', #7307, #8193, #3136, .T. ) ;
#2386 = MANIFOLD_SOLID_BREP ( 'Kes-Ekstrüzyon7', #4723 ) ;
#2387 = DIRECTION ( 'NONE',  ( 1.000000000000000000, -0.000000000000000000, -0.000000000000000000 ) ) ;
#2388 = VECTOR ( 'NONE', #1573, 1000.000000000000000 ) ;
#2389 = ORIENTED_EDGE ( 'NONE', *, *, #10532, .F. ) ;
#2390 = DIRECTION ( 'NONE',  ( -0.6193384587389308971, 0.000000000000000000, 0.7851241134539721500 ) ) ;
#2391 = EDGE_CURVE ( 'NONE', #7073, #12380, #12468, .T. ) ;
#2392 = LINE ( 'NONE', #1309, #2763 ) ;
#2393 = VECTOR ( 'NONE', #615, 999.9999999999998863 ) ;
#2394 = DIRECTION ( 'NONE',  ( -0.000000000000000000, 1.000000000000000000, -0.000000000000000000 ) ) ;
#2395 = CYLINDRICAL_SURFACE ( 'NONE', #4801, 60.00000000000000000 ) ;
#2396 = VERTEX_POINT ( 'NONE', #3190 ) ;
#2397 = DIRECTION ( 'NONE',  ( -0.08682659386424761150, 0.9924325091389669673, 0.08682659386424762538 ) ) ;
#2398 = AXIS2_PLACEMENT_3D ( 'NONE', #10803, #9858, #3116 ) ;
#2399 = ORIENTED_EDGE ( 'NONE', *, *, #3414, .F. ) ;
#2400 = LINE ( 'NONE', #4545, #3484 ) ;
#2401 = EDGE_CURVE ( 'NONE', #8950, #11629, #6387, .T. ) ;
#2402 = VECTOR ( 'NONE', #4409, 999.9999999999998863 ) ;
#2403 = ORIENTED_EDGE ( 'NONE', *, *, #1749, .F. ) ;
#2404 = LINE ( 'NONE', #7352, #11986 ) ;
#2405 = FACE_OUTER_BOUND ( 'NONE', #8611, .T. ) ;
#2406 = CARTESIAN_POINT ( 'NONE',  ( -171.6296037350519157, 340.0000000000000568, 271.3825464570583108 ) ) ;
#2407 = DIRECTION ( 'NONE',  ( 0.08682659386424761150, -0.9924325091389669673, 0.08682659386424762538 ) ) ;
#2408 = DIRECTION ( 'NONE',  ( 0.000000000000000000, -1.000000000000000000, 0.000000000000000000 ) ) ;
#2409 = EDGE_LOOP ( 'NONE', ( #3771, #10594, #10092, #9845 ) ) ;
#2410 = CARTESIAN_POINT ( 'NONE',  ( -189.3724808414119423, 554.7597163524981170, 310.8096042854041343 ) ) ;
#2411 = LINE ( 'NONE', #7167, #6766 ) ;
#2412 = DIRECTION ( 'NONE',  ( 0.000000000000000000, 0.000000000000000000, 1.000000000000000000 ) ) ;
#2413 = MANIFOLD_SOLID_BREP ( 'Kes-Ekstrüzyon34', #8972 ) ;
#2414 = CARTESIAN_POINT ( 'NONE',  ( -226.8164854144677349, 340.0000000000000568, 226.8164854142989100 ) ) ;
#2415 = EDGE_LOOP ( 'NONE', ( #7734, #10933, #9611, #716 ) ) ;
#2416 = EDGE_CURVE ( 'NONE', #4121, #3049, #7134, .T. ) ;
#2417 = ORIENTED_EDGE ( 'NONE', *, *, #3184, .F. ) ;
#2418 = ORIENTED_EDGE ( 'NONE', *, *, #3174, .T. ) ;
#2419 = DIRECTION ( 'NONE',  ( -1.000000000000000000, 0.000000000000000000, -1.133962590713343958E-15 ) ) ;
#2420 = VERTEX_POINT ( 'NONE', #338 ) ;
#2421 = ORIENTED_EDGE ( 'NONE', *, *, #7880, .F. ) ;
#2422 = CARTESIAN_POINT ( 'NONE',  ( 102.8717205707466178, 120.0000000000000000, 382.1878655542435013 ) ) ;
#2423 = AXIS2_PLACEMENT_3D ( 'NONE', #12486, #6587, #8436 ) ;
#2424 = DIRECTION ( 'NONE',  ( 0.000000000000000000, 0.000000000000000000, -1.000000000000000000 ) ) ;
#2425 = ORIENTED_EDGE ( 'NONE', *, *, #5999, .T. ) ;
#2426 = DIRECTION ( 'NONE',  ( 0.000000000000000000, 0.9961946980917455452, -0.08715574274765820750 ) ) ;
#2427 = DIRECTION ( 'NONE',  ( -0.000000000000000000, 1.000000000000000000, -0.000000000000000000 ) ) ;
#2428 = DIRECTION ( 'NONE',  ( -0.000000000000000000, 0.000000000000000000, -1.000000000000000000 ) ) ;
#2429 = CARTESIAN_POINT ( 'NONE',  ( -170.0000000000000284, 570.1499999999997499, 30.00000000000002842 ) ) ;
#2430 = VERTEX_POINT ( 'NONE', #4140 ) ;
#2431 = AXIS2_PLACEMENT_3D ( 'NONE', #6255, #12032, #3206 ) ;
#2432 = MANIFOLD_SOLID_BREP ( 'Yükseklik-Ekstrüzyon39[1]', #4102 ) ;
#2433 = CARTESIAN_POINT ( 'NONE',  ( 176.3135992134150740, 380.0000000000000000, 313.8540661615337513 ) ) ;
#2434 = VERTEX_POINT ( 'NONE', #8023 ) ;
#2435 = EDGE_CURVE ( 'NONE', #8697, #669, #2372, .T. ) ;
#2436 = ORIENTED_EDGE ( 'NONE', *, *, #4406, .T. ) ;
#2437 = DIRECTION ( 'NONE',  ( 0.000000000000000000, 1.000000000000000000, 0.000000000000000000 ) ) ;
#2438 = LINE ( 'NONE', #4399, #568 ) ;
#2439 = ORIENTED_EDGE ( 'NONE', *, *, #430, .T. ) ;
#2440 = ADVANCED_FACE ( 'NONE', ( #6238 ), #10119, .T. ) ;
#2441 = AXIS2_PLACEMENT_3D ( 'NONE', #7561, #7690, #836 ) ;
#2442 = FACE_OUTER_BOUND ( 'NONE', #774, .T. ) ;
#2443 = LINE ( 'NONE', #11065, #4189 ) ;
#2444 = VERTEX_POINT ( 'NONE', #7070 ) ;
#2445 = CARTESIAN_POINT ( 'NONE',  ( -195.7024822690794110, 340.0000000000000568, 263.1601945342232511 ) ) ;
#2446 = EDGE_CURVE ( 'NONE', #9361, #11822, #2574, .T. ) ;
#2447 = CARTESIAN_POINT ( 'NONE',  ( -151.8249679581558098, 120.0000000000000000, 381.2424543206986982 ) ) ;
#2448 =( BOUNDED_CURVE ( )  B_SPLINE_CURVE ( 3, ( #11185, #6093, #9975, #2429 ),
 .UNSPECIFIED., .F., .T. ) 
 B_SPLINE_CURVE_WITH_KNOTS ( ( 4, 4 ),
 ( 0.000000000000000000, 1.570796326794896780 ),
 .UNSPECIFIED. ) 
 CURVE ( )  GEOMETRIC_REPRESENTATION_ITEM ( )  RATIONAL_B_SPLINE_CURVE ( ( 1.000000000000000000, 0.8047378541243649375, 0.8047378541243649375, 1.000000000000000000 ) ) 
 REPRESENTATION_ITEM ( '' )  );
#2449 = EDGE_LOOP ( 'NONE', ( #9116, #6166, #12061, #9790 ) ) ;
#2450 = ORIENTED_EDGE ( 'NONE', *, *, #6738, .F. ) ;
#2451 = LINE ( 'NONE', #8414, #3073 ) ;
#2452 = ORIENTED_EDGE ( 'NONE', *, *, #8051, .T. ) ;
#2453 = EDGE_CURVE ( 'NONE', #9740, #5691, #8811, .T. ) ;
#2454 = MANIFOLD_SOLID_BREP ( 'Yükseklik-Ekstrüzyon45[7]', #2019 ) ;
#2455 = CARTESIAN_POINT ( 'NONE',  ( -158.5427290477400959, 120.0000000000000000, 278.8163079771102275 ) ) ;
#2456 = ORIENTED_EDGE ( 'NONE', *, *, #7147, .F. ) ;
#2457 = LINE ( 'NONE', #6061, #10540 ) ;
#2458 = CIRCLE ( 'NONE', #2041, 7.566728253962374140 ) ;
#2459 = AXIS2_PLACEMENT_3D ( 'NONE', #11192, #400, #1479 ) ;
#2460 = CARTESIAN_POINT ( 'NONE',  ( -85.17062379273916406, 364.9999999999998863, 378.2385419322184816 ) ) ;
#2461 = CARTESIAN_POINT ( 'NONE',  ( 130.5203249716378480, 120.0000000000000000, 368.2120121559649988 ) ) ;
#2462 = DIRECTION ( 'NONE',  ( 0.000000000000000000, 0.000000000000000000, -1.000000000000000000 ) ) ;
#2463 = CYLINDRICAL_SURFACE ( 'NONE', #4423, 0.9584030404425902816 ) ;
#2464 = ORIENTED_EDGE ( 'NONE', *, *, #862, .F. ) ;
#2465 = DIRECTION ( 'NONE',  ( -0.7625037589850115483, -0.2383113124287892515, 0.6014945850979835917 ) ) ;
#2466 = VECTOR ( 'NONE', #6008, 1000.000000000000000 ) ;
#2467 = EDGE_CURVE ( 'NONE', #1427, #9678, #4402, .T. ) ;
#2468 = AXIS2_PLACEMENT_3D ( 'NONE', #7059, #10038, #8080 ) ;
#2469 = ORIENTED_EDGE ( 'NONE', *, *, #11975, .F. ) ;
#2470 = CARTESIAN_POINT ( 'NONE',  ( -66.20020431027140262, 350.0000000000000000, 367.2715862585909008 ) ) ;
#2471 = LINE ( 'NONE', #1507, #10090 ) ;
#2472 = LINE ( 'NONE', #12044, #5464 ) ;
#2473 = DIRECTION ( 'NONE',  ( 1.000000000000000000, 0.000000000000000000, 0.000000000000000000 ) ) ;
#2474 = EDGE_LOOP ( 'NONE', ( #2598, #4182, #5316, #7061 ) ) ;
#2475 = DIRECTION ( 'NONE',  ( 0.7625037589850115483, 0.2383113124287892515, -0.6014945850979835917 ) ) ;
#2476 = LINE ( 'NONE', #6332, #10408 ) ;
#2477 = CARTESIAN_POINT ( 'NONE',  ( -163.4019181638113309, 554.9226252301673412, 346.1240945889365435 ) ) ;
#2478 = VECTOR ( 'NONE', #939, 1000.000000000000000 ) ;
#2479 = DIRECTION ( 'NONE',  ( -0.000000000000000000, 1.000000000000000000, -0.000000000000000000 ) ) ;
#2480 = EDGE_LOOP ( 'NONE', ( #784, #8806, #11791, #6050 ) ) ;
#2481 = EDGE_LOOP ( 'NONE', ( #9069, #504, #7585, #2284, #10551, #5142, #1535, #12040 ) ) ;
#2482 = ORIENTED_EDGE ( 'NONE', *, *, #10000, .T. ) ;
#2483 = CARTESIAN_POINT ( 'NONE',  ( -191.2831213589004165, 554.7339203797229175, 308.3772996811272264 ) ) ;
#2484 = EDGE_LOOP ( 'NONE', ( #6758, #4311, #7582, #6915 ) ) ;
#2485 = VERTEX_POINT ( 'NONE', #6300 ) ;
#2486 = LINE ( 'NONE', #8388, #12275 ) ;
#2487 = DIRECTION ( 'NONE',  ( 0.000000000000000000, 1.000000000000000000, 0.000000000000000000 ) ) ;
#2488 = FACE_OUTER_BOUND ( 'NONE', #5466, .T. ) ;
#2489 = ORIENTED_EDGE ( 'NONE', *, *, #7824, .F. ) ;
#2490 = EDGE_CURVE ( 'NONE', #1811, #12498, #8476, .T. ) ;
#2491 = CARTESIAN_POINT ( 'NONE',  ( -155.6329774118507885, 550.1499999999997499, 362.3943590049919408 ) ) ;
#2492 = ADVANCED_FACE ( 'NONE', ( #10246, #2442, #3703 ), #9482, .F. ) ;
#2493 = CARTESIAN_POINT ( 'NONE',  ( -51.27543428291506444, 378.1289471200154821, 379.3871759692509045 ) ) ;
#2494 = DIRECTION ( 'NONE',  ( 0.000000000000000000, 0.000000000000000000, 1.000000000000000000 ) ) ;
#2495 = CARTESIAN_POINT ( 'NONE',  ( 191.8873057370086315, 117.0000000000000000, 277.5473304590436214 ) ) ;
#2496 = AXIS2_PLACEMENT_3D ( 'NONE', #4973, #7957, #10869 ) ;
#2497 = EDGE_LOOP ( 'NONE', ( #1844, #3568, #9088, #2604 ) ) ;
#2498 = FACE_OUTER_BOUND ( 'NONE', #7886, .T. ) ;
#2499 = EDGE_CURVE ( 'NONE', #6541, #9156, #7518, .T. ) ;
#2500 = ORIENTED_EDGE ( 'NONE', *, *, #10437, .T. ) ;
#2501 = ADVANCED_FACE ( 'NONE', ( #1545 ), #3579, .T. ) ;
#2502 = CLOSED_SHELL ( 'NONE', ( #3523, #2558, #8186, #3922, #10663, #1880, #7437 ) ) ;
#2503 = ORIENTED_EDGE ( 'NONE', *, *, #1508, .T. ) ;
#2504 = LINE ( 'NONE', #529, #7524 ) ;
#2505 = PLANE ( 'NONE',  #3400 ) ;
#2506 = ORIENTED_EDGE ( 'NONE', *, *, #2606, .T. ) ;
#2507 = DIRECTION ( 'NONE',  ( 0.000000000000000000, 1.000000000000000000, -0.000000000000000000 ) ) ;
#2508 = CARTESIAN_POINT ( 'NONE',  ( 66.12448390330172288, 355.0000000000000000, 385.9443499868726803 ) ) ;
#2509 = VERTEX_POINT ( 'NONE', #8538 ) ;
#2510 = CARTESIAN_POINT ( 'NONE',  ( 248.5985330171028806, 370.0000000000001137, 196.1048318924140119 ) ) ;
#2511 = VECTOR ( 'NONE', #2279, 1000.000000000000000 ) ;
#2512 = DIRECTION ( 'NONE',  ( -0.6193384587389311191, 0.000000000000000000, 0.7851241134539720390 ) ) ;
#2513 = EDGE_LOOP ( 'NONE', ( #8921, #6444, #4506, #9265 ) ) ;
#2514 = ORIENTED_EDGE ( 'NONE', *, *, #3456, .F. ) ;
#2515 = CARTESIAN_POINT ( 'NONE',  ( 130.5203249716378480, 120.0000000000000000, 368.2120121559649988 ) ) ;
#2516 = ORIENTED_EDGE ( 'NONE', *, *, #6956, .T. ) ;
#2517 = DIRECTION ( 'NONE',  ( 0.6193384587389317852, 0.000000000000000000, 0.7851241134539713729 ) ) ;
#2519 = ORIENTED_EDGE ( 'NONE', *, *, #10123, .F. ) ;
#2518 = VECTOR ( 'NONE', #4918, 1000.000000000000000 ) ;
#2520 = CARTESIAN_POINT ( 'NONE',  ( 199.9999999999999432, 540.1499999999996362, 250.7734253594446443 ) ) ;
#2521 = CARTESIAN_POINT ( 'NONE',  ( -59.26671879462830361, 360.0000000000000000, 367.2715862585909008 ) ) ;
#2522 = DIRECTION ( 'NONE',  ( 0.000000000000000000, 1.000000000000000000, 0.000000000000000000 ) ) ;
#2523 = CARTESIAN_POINT ( 'NONE',  ( 156.7419438535120833, 498.0301054349732226, 314.3367811150085913 ) ) ;
#2524 = DIRECTION ( 'NONE',  ( -0.1871039578967055861, 0.9711888170528262254, 0.1475953609396983834 ) ) ;
#2525 = ORIENTED_EDGE ( 'NONE', *, *, #2958, .F. ) ;
#2526 = DIRECTION ( 'NONE',  ( 0.7851241134539714839, 0.000000000000000000, -0.6193384587389316742 ) ) ;
#2527 = VECTOR ( 'NONE', #406, 1000.000000000000000 ) ;
#2528 = ADVANCED_FACE ( 'NONE', ( #532 ), #1611, .T. ) ;
#2529 = VERTEX_POINT ( 'NONE', #11261 ) ;
#2530 = EDGE_CURVE ( 'NONE', #2183, #9740, #11389, .T. ) ;
#2531 = EDGE_CURVE ( 'NONE', #6356, #5522, #12487, .T. ) ;
#2532 = CARTESIAN_POINT ( 'NONE',  ( 198.8951004943280054, 120.0000000000000000, 257.3289708980892669 ) ) ;
#2533 = DIRECTION ( 'NONE',  ( 0.000000000000000000, -1.000000000000000000, 0.000000000000000000 ) ) ;
#2534 = DIRECTION ( 'NONE',  ( -0.000000000000000000, 1.000000000000000000, -0.000000000000000000 ) ) ;
#2535 = DIRECTION ( 'NONE',  ( 0.000000000000000000, 0.000000000000000000, -1.000000000000000000 ) ) ;
#2536 = ORIENTED_EDGE ( 'NONE', *, *, #3544, .T. ) ;
#2537 = LINE ( 'NONE', #8117, #7409 ) ;
#2538 = EDGE_CURVE ( 'NONE', #10975, #8595, #8634, .T. ) ;
#2539 = DIRECTION ( 'NONE',  ( 0.000000000000000000, 1.000000000000000000, 0.000000000000000000 ) ) ;
#2540 = FACE_OUTER_BOUND ( 'NONE', #3105, .T. ) ;
#2541 = VECTOR ( 'NONE', #6364, 1000.000000000000000 ) ;
#2542 = DIRECTION ( 'NONE',  ( 0.000000000000000000, -0.9961946980917455452, -0.08715574274765781893 ) ) ;
#2543 = VECTOR ( 'NONE', #2625, 1000.000000000000000 ) ;
#2544 = ORIENTED_EDGE ( 'NONE', *, *, #5749, .F. ) ;
#2545 = ORIENTED_EDGE ( 'NONE', *, *, #3452, .F. ) ;
#2546 = EDGE_LOOP ( 'NONE', ( #10372, #1033, #8714, #2873 ) ) ;
#2547 = CARTESIAN_POINT ( 'NONE',  ( -66.20020431027140262, 360.0000000000000000, 357.2715862585909008 ) ) ;
#2548 = EDGE_LOOP ( 'NONE', ( #9993, #11109, #7910, #10593 ) ) ;
#2549 = AXIS2_PLACEMENT_3D ( 'NONE', #11985, #8246, #8313 ) ;
#2550 = ORIENTED_EDGE ( 'NONE', *, *, #6385, .F. ) ;
#2551 = DIRECTION ( 'NONE',  ( 0.000000000000000000, 0.000000000000000000, 1.000000000000000000 ) ) ;
#2552 = CARTESIAN_POINT ( 'NONE',  ( -138.7614265081799374, 340.0000000000000568, 314.8715443206522764 ) ) ;
#2553 = EDGE_CURVE ( 'NONE', #8415, #9712, #6432, .T. ) ;
#2554 = AXIS2_PLACEMENT_3D ( 'NONE', #3158, #2408, #7101 ) ;
#2555 = LINE ( 'NONE', #12316, #11266 ) ;
#2556 = ORIENTED_EDGE ( 'NONE', *, *, #6671, .F. ) ;
#2557 = CARTESIAN_POINT ( 'NONE',  ( 130.5203249716378480, 117.0000000000000000, 368.2120121559649988 ) ) ;
#2558 = ADVANCED_FACE ( 'NONE', ( #10373 ), #5353, .T. ) ;
#2559 = DIRECTION ( 'NONE',  ( -1.000000000000000000, 0.000000000000000000, -0.000000000000000000 ) ) ;
#2560 = DIRECTION ( 'NONE',  ( 0.7006518860196673248, 0.4512272575100244598, -0.5527032627885104521 ) ) ;
#2561 = PLANE ( 'NONE',  #12390 ) ;
#2562 = VECTOR ( 'NONE', #11418, 1000.000000000000000 ) ;
#2563 = ORIENTED_EDGE ( 'NONE', *, *, #8752, .F. ) ;
#2564 = CYLINDRICAL_SURFACE ( 'NONE', #2999, 36.04942573944680362 ) ;
#2565 = EDGE_LOOP ( 'NONE', ( #4319, #7446, #5757, #10641 ) ) ;
#2566 = ADVANCED_FACE ( 'NONE', ( #4589 ), #12150, .F. ) ;
#2567 = ADVANCED_FACE ( 'NONE', ( #3449 ), #3513, .T. ) ;
#2568 = AXIS2_PLACEMENT_3D ( 'NONE', #11938, #3495, #6345 ) ;
#2569 = ORIENTED_EDGE ( 'NONE', *, *, #5114, .T. ) ;
#2570 = VECTOR ( 'NONE', #8587, 1000.000000000000000 ) ;
#2571 = DIRECTION ( 'NONE',  ( 4.403352999627985014E-14, 0.9758204948378662591, 0.2185734701522161205 ) ) ;
#2572 = CARTESIAN_POINT ( 'NONE',  ( -160.4237723837438523, 555.2820570403428064, 347.7143067740762490 ) ) ;
#2573 = ORIENTED_EDGE ( 'NONE', *, *, #3003, .F. ) ;
#2574 = LINE ( 'NONE', #12336, #2748 ) ;
#2575 = DIRECTION ( 'NONE',  ( 0.1924154613586769869, -0.9711530084039702304, -0.1408478771513629046 ) ) ;
#2576 = ORIENTED_EDGE ( 'NONE', *, *, #11444, .F. ) ;
#2577 = CARTESIAN_POINT ( 'NONE',  ( -195.6344933023415251, 542.3427863337458348, 271.3195130876431449 ) ) ;
#2578 = DIRECTION ( 'NONE',  ( 1.000000000000000000, 0.000000000000000000, -0.000000000000000000 ) ) ;
#2579 = CIRCLE ( 'NONE', #7846, 1.705470224525384992 ) ;
#2580 = ORIENTED_EDGE ( 'NONE', *, *, #3069, .T. ) ;
#2581 = ORIENTED_EDGE ( 'NONE', *, *, #8627, .T. ) ;
#2582 = DIRECTION ( 'NONE',  ( -0.7625037589850115483, -0.2383113124287892792, 0.6014945850979835917 ) ) ;
#2583 = ORIENTED_EDGE ( 'NONE', *, *, #1012, .F. ) ;
#2584 = ADVANCED_FACE ( 'NONE', ( #3884 ), #11451, .F. ) ;
#2585 = ADVANCED_FACE ( 'NONE', ( #4111 ), #12519, .T. ) ;
#2586 = LINE ( 'NONE', #10445, #11807 ) ;
#2587 = ORIENTED_EDGE ( 'NONE', *, *, #6871, .T. ) ;
#2588 = CARTESIAN_POINT ( 'NONE',  ( 195.7024822690794110, 540.1499999999996362, 263.1601945342232511 ) ) ;
#2589 = CARTESIAN_POINT ( 'NONE',  ( -66.20020431027140262, 360.0000000000000000, 374.3406997176694517 ) ) ;
#2590 = AXIS2_PLACEMENT_3D ( 'NONE', #12399, #1866, #3704 ) ;
#2591 = DIRECTION ( 'NONE',  ( -1.000000000000000000, 0.000000000000000000, -0.000000000000000000 ) ) ;
#2592 = CARTESIAN_POINT ( 'NONE',  ( -199.9999999999998863, -570.1500000000002046, 0.000000000000000000 ) ) ;
#2593 = VECTOR ( 'NONE', #5028, 1000.000000000000000 ) ;
#2594 = LINE ( 'NONE', #4675, #1385 ) ;
#2595 = VERTEX_POINT ( 'NONE', #1986 ) ;
#2596 = CARTESIAN_POINT ( 'NONE',  ( -162.8767435717853687, 0.4919467309224344054, 369.3578285825063858 ) ) ;
#2597 = VECTOR ( 'NONE', #253, 1000.000000000000000 ) ;
#2598 = ORIENTED_EDGE ( 'NONE', *, *, #9273, .F. ) ;
#2599 = CARTESIAN_POINT ( 'NONE',  ( 50.54164973558027896, 377.6219295655859582, 378.3389978434863679 ) ) ;
#2600 = VECTOR ( 'NONE', #12555, 1000.000000000000000 ) ;
#2601 = DIRECTION ( 'NONE',  ( 0.000000000000000000, 0.000000000000000000, -1.000000000000000000 ) ) ;
#2602 = DIRECTION ( 'NONE',  ( 1.000000000000000000, 0.000000000000000000, -0.000000000000000000 ) ) ;
#2603 = CARTESIAN_POINT ( 'NONE',  ( -132.3286688073715993, 340.0000000000000568, 343.4980266327372078 ) ) ;
#2604 = ORIENTED_EDGE ( 'NONE', *, *, #2109, .T. ) ;
#2605 = DIRECTION ( 'NONE',  ( -0.6193384587389385576, 0.000000000000000000, -0.7851241134539660438 ) ) ;
#2606 = EDGE_CURVE ( 'NONE', #5849, #6518, #2216, .T. ) ;
#2607 = CARTESIAN_POINT ( 'NONE',  ( -59.26671879462830361, 385.0000000000000000, 384.3406997176695086 ) ) ;
#2608 = CARTESIAN_POINT ( 'NONE',  ( 197.0942947487978643, 120.0000000000000000, 261.3958191368708412 ) ) ;
#2609 = AXIS2_PLACEMENT_3D ( 'NONE', #11460, #732, #2830 ) ;
#2610 = CARTESIAN_POINT ( 'NONE',  ( -103.5354979033994454, 570.0167564080398961, 351.4274360680452105 ) ) ;
#2611 = EDGE_CURVE ( 'NONE', #5453, #4008, #5072, .T. ) ;
#2612 = AXIS2_PLACEMENT_3D ( 'NONE', #544, #6118, #11147 ) ;
#2613 = AXIS2_PLACEMENT_3D ( 'NONE', #7347, #7287, #7153 ) ;
#2614 = CARTESIAN_POINT ( 'NONE',  ( -200.0000000000182183, 541.5377874182335063, 257.7123093739638762 ) ) ;
#2615 = ORIENTED_EDGE ( 'NONE', *, *, #270, .T. ) ;
#2616 = FACE_OUTER_BOUND ( 'NONE', #5726, .T. ) ;
#2617 = EDGE_LOOP ( 'NONE', ( #11965, #718 ) ) ;
#2618 = ADVANCED_FACE ( 'NONE', ( #7994 ), #8601, .T. ) ;
#2619 = VECTOR ( 'NONE', #3876, 1000.000000000000000 ) ;
#2620 = ORIENTED_EDGE ( 'NONE', *, *, #449, .F. ) ;
#2621 = CARTESIAN_POINT ( 'NONE',  ( 188.4763652879578899, 120.0000000000000000, 277.5473304590436783 ) ) ;
#2622 = CARTESIAN_POINT ( 'NONE',  ( -219.3975280131205352, 546.0078643762687989, 281.8518292189643262 ) ) ;
#2623 = CARTESIAN_POINT ( 'NONE',  ( 111.3767717391520620, 450.2418618749263146, 397.1498190593528648 ) ) ;
#2624 = ORIENTED_EDGE ( 'NONE', *, *, #9205, .F. ) ;
#2625 = DIRECTION ( 'NONE',  ( 0.000000000000000000, -1.000000000000000000, 0.000000000000000000 ) ) ;
#2626 = CARTESIAN_POINT ( 'NONE',  ( -79.26671879462830361, 383.0054035202313685, 379.8138106224483295 ) ) ;
#2627 = PLANE ( 'NONE',  #10485 ) ;
#2628 = CARTESIAN_POINT ( 'NONE',  ( 132.3286688073715993, 340.0000000000000568, 343.4980266327372078 ) ) ;
#2629 = ADVANCED_FACE ( 'NONE', ( #9545 ), #9001, .F. ) ;
#2630 = VERTEX_POINT ( 'NONE', #9958 ) ;
#2631 = CARTESIAN_POINT ( 'NONE',  ( 63.62321363309411737, -570.1500000000002046, 400.0000000000000000 ) ) ;
#2632 = VERTEX_POINT ( 'NONE', #6693 ) ;
#2633 = EDGE_CURVE ( 'NONE', #5599, #9617, #7707, .T. ) ;
#2634 = AXIS2_PLACEMENT_3D ( 'NONE', #7854, #11723, #10644 ) ;
#2635 = ORIENTED_EDGE ( 'NONE', *, *, #6875, .F. ) ;
#2636 = EDGE_CURVE ( 'NONE', #7382, #11940, #306, .T. ) ;
#2637 = CARTESIAN_POINT ( 'NONE',  ( 195.7024822690794110, 540.1499999999996362, 263.1601945342233080 ) ) ;
#2638 = CARTESIAN_POINT ( 'NONE',  ( 174.9943130982815092, 120.0000000000000000, 327.9680754845630304 ) ) ;
#2639 = ORIENTED_EDGE ( 'NONE', *, *, #5409, .F. ) ;
#2640 = CARTESIAN_POINT ( 'NONE',  ( 35.07750468181021120, 415.2390632621639384, 381.8104443050700070 ) ) ;
#2641 = LINE ( 'NONE', #4334, #9259 ) ;
#2642 = VERTEX_POINT ( 'NONE', #8938 ) ;
#2643 = DIRECTION ( 'NONE',  ( 0.000000000000000000, -0.000000000000000000, -1.000000000000000000 ) ) ;
#2644 = AXIS2_PLACEMENT_3D ( 'NONE', #12175, #9251, #2333 ) ;
#2645 = DIRECTION ( 'NONE',  ( 0.000000000000000000, -0.000000000000000000, -1.000000000000000000 ) ) ;
#2646 = ORIENTED_EDGE ( 'NONE', *, *, #10436, .T. ) ;
#2647 = VERTEX_POINT ( 'NONE', #4717 ) ;
#2648 = FACE_OUTER_BOUND ( 'NONE', #10996, .T. ) ;
#2649 = ORIENTED_EDGE ( 'NONE', *, *, #9780, .T. ) ;
#2650 = DIRECTION ( 'NONE',  ( 0.6193384587389310081, 0.000000000000000000, -0.7851241134539720390 ) ) ;
#2651 = ORIENTED_EDGE ( 'NONE', *, *, #2767, .T. ) ;
#2652 = CARTESIAN_POINT ( 'NONE',  ( 198.7323768692514534, 549.7767562157052907, 259.3192521895972504 ) ) ;
#2653 = FACE_OUTER_BOUND ( 'NONE', #8139, .T. ) ;
#2654 = EDGE_CURVE ( 'NONE', #1963, #4647, #4357, .T. ) ;
#2655 = FACE_OUTER_BOUND ( 'NONE', #6280, .T. ) ;
#2656 = ADVANCED_FACE ( 'NONE', ( #241 ), #3825, .F. ) ;
#2657 = CARTESIAN_POINT ( 'NONE',  ( 0.000000000000000000, 315.0000000000000568, 0.000000000000000000 ) ) ;
#2658 = FACE_OUTER_BOUND ( 'NONE', #3894, .T. ) ;
#2659 = VECTOR ( 'NONE', #9459, 1000.000000000000000 ) ;
#2660 = EDGE_LOOP ( 'NONE', ( #7540, #147, #17, #12129 ) ) ;
#2661 = LINE ( 'NONE', #6519, #10385 ) ;
#2662 = EDGE_LOOP ( 'NONE', ( #10974, #3260, #1553, #10028 ) ) ;
#2663 = ADVANCED_FACE ( 'NONE', ( #9605 ), #3763, .T. ) ;
#2664 = AXIS2_PLACEMENT_3D ( 'NONE', #9162, #6370, #277 ) ;
#2665 = LINE ( 'NONE', #3606, #1654 ) ;
#2666 = DIRECTION ( 'NONE',  ( -0.7625037589850115483, -0.2383113124287892515, 0.6014945850979835917 ) ) ;
#2667 = DIRECTION ( 'NONE',  ( -0.6193384587389317852, -1.965047575521714831E-16, -0.7851241134539712618 ) ) ;
#2668 = ORIENTED_EDGE ( 'NONE', *, *, #367, .T. ) ;
#2669 = CARTESIAN_POINT ( 'NONE',  ( 66.12448390330172288, 385.0000000000000000, 385.9443499868726803 ) ) ;
#2670 = DIRECTION ( 'NONE',  ( -0.6177089183133548378, -0.008339822323400875731, -0.7863626005856072521 ) ) ;
#2671 = DIRECTION ( 'NONE',  ( -0.7067725927845485145, 0.4354665257290658564, -0.5575315301021671610 ) ) ;
#2672 = CARTESIAN_POINT ( 'NONE',  ( 0.000000000000000000, 570.1160211952075088, 351.4274360680452105 ) ) ;
#2673 = VECTOR ( 'NONE', #106, 1000.000000000000000 ) ;
#2674 = CARTESIAN_POINT ( 'NONE',  ( -59.26671879462830361, 352.9289321823192722, 381.4117675237163212 ) ) ;
#2675 = ORIENTED_EDGE ( 'NONE', *, *, #5348, .F. ) ;
#2676 = EDGE_CURVE ( 'NONE', #5139, #9872, #4860, .T. ) ;
#2677 = EDGE_LOOP ( 'NONE', ( #8148, #11189, #5238, #2788 ) ) ;
#2678 = LINE ( 'NONE', #7500, #1950 ) ;
#2679 = LINE ( 'NONE', #2806, #6495 ) ;
#2680 = CARTESIAN_POINT ( 'NONE',  ( 151.8249679581558667, 117.0000000000000000, 381.2424543206988119 ) ) ;
#2681 = VECTOR ( 'NONE', #9626, 1000.000000000000000 ) ;
#2682 = ORIENTED_EDGE ( 'NONE', *, *, #5239, .T. ) ;
#2683 = DIRECTION ( 'NONE',  ( -0.6984011233335694069, -0.1564344650402308967, 0.6984011233338511815 ) ) ;
#2684 = DIRECTION ( 'NONE',  ( 0.000000000000000000, 0.000000000000000000, 1.000000000000000000 ) ) ;
#2685 = DIRECTION ( 'NONE',  ( -0.000000000000000000, -1.000000000000000000, -0.000000000000000000 ) ) ;
#2686 = EDGE_CURVE ( 'NONE', #5289, #1714, #3509, .T. ) ;
#2687 = CARTESIAN_POINT ( 'NONE',  ( 174.9943130982814523, 120.0000000000000000, 367.1410134558358322 ) ) ;
#2688 = ORIENTED_EDGE ( 'NONE', *, *, #12028, .F. ) ;
#2689 = CYLINDRICAL_SURFACE ( 'NONE', #9293, 8.687236565862122006 ) ;
#2690 = ORIENTED_EDGE ( 'NONE', *, *, #5173, .F. ) ;
#2691 = EDGE_CURVE ( 'NONE', #6541, #1732, #4174, .T. ) ;
#2692 = ORIENTED_EDGE ( 'NONE', *, *, #1460, .T. ) ;
#2693 = ADVANCED_FACE ( 'NONE', ( #978 ), #5788, .F. ) ;
#2694 = LINE ( 'NONE', #6554, #1026 ) ;
#2695 = LINE ( 'NONE', #4587, #6650 ) ;
#2696 = EDGE_LOOP ( 'NONE', ( #4661, #12007, #4786, #11445, #6075, #2417 ) ) ;
#2697 = DIRECTION ( 'NONE',  ( -0.6177089183133548378, -0.008339822323400875731, -0.7863626005856072521 ) ) ;
#2698 = DIRECTION ( 'NONE',  ( -0.000000000000000000, -1.000000000000000000, 0.000000000000000000 ) ) ;
#2699 = VERTEX_POINT ( 'NONE', #3349 ) ;
#2700 = EDGE_CURVE ( 'NONE', #12001, #11404, #11462, .T. ) ;
#2701 = LINE ( 'NONE', #10434, #85 ) ;
#2702 = DIRECTION ( 'NONE',  ( 0.000000000000000000, 0.000000000000000000, -1.000000000000000000 ) ) ;
#2703 = ORIENTED_EDGE ( 'NONE', *, *, #8046, .F. ) ;
#2704 = ORIENTED_EDGE ( 'NONE', *, *, #5412, .F. ) ;
#2705 = CARTESIAN_POINT ( 'NONE',  ( -195.7024822690796668, 540.1499999999996362, 263.1601945342234217 ) ) ;
#2706 = EDGE_LOOP ( 'NONE', ( #11124, #11264 ) ) ;
#2707 = CIRCLE ( 'NONE', #9987, 3.093108195208626121 ) ;
#2708 = ADVANCED_FACE ( 'NONE', ( #7103 ), #9062, .T. ) ;
#2709 = CARTESIAN_POINT ( 'NONE',  ( -42.48496570340520861, 120.0000000000000000, 370.0487020943512562 ) ) ;
#2710 = ORIENTED_EDGE ( 'NONE', *, *, #1894, .T. ) ;
#2711 = CARTESIAN_POINT ( 'NONE',  ( 194.6908118737439395, 544.5815120628629984, 264.4426707167336872 ) ) ;
#2712 = LINE ( 'NONE', #8618, #3936 ) ;
#2713 = DIRECTION ( 'NONE',  ( -0.4278087401162952164, 0.9004297881148434213, 0.07877739876110527451 ) ) ;
#2714 = VECTOR ( 'NONE', #12492, 1000.000000000000227 ) ;
#2715 = CARTESIAN_POINT ( 'NONE',  ( 195.7024822690795531, 377.4823331915915787, 263.1601945342231943 ) ) ;
#2716 = CYLINDRICAL_SURFACE ( 'NONE', #11079, 6.000000000000024869 ) ;
#2717 = CARTESIAN_POINT ( 'NONE',  ( 191.8873057370086315, 117.0000000000000000, 332.2694703950618873 ) ) ;
#2718 = ORIENTED_EDGE ( 'NONE', *, *, #11769, .F. ) ;
#2719 = DIRECTION ( 'NONE',  ( 0.000000000000000000, 0.000000000000000000, 1.000000000000000000 ) ) ;
#2720 = EDGE_LOOP ( 'NONE', ( #10978, #2804, #249, #6302, #11704 ) ) ;
#2721 = AXIS2_PLACEMENT_3D ( 'NONE', #1629, #8424, #8299 ) ;
#2722 = EDGE_CURVE ( 'NONE', #11500, #3470, #12049, .T. ) ;
#2723 = EDGE_CURVE ( 'NONE', #1919, #9119, #9126, .T. ) ;
#2724 = FACE_OUTER_BOUND ( 'NONE', #2314, .T. ) ;
#2725 = DIRECTION ( 'NONE',  ( 1.000000000000000000, 0.000000000000000000, 0.000000000000000000 ) ) ;
#2726 = LINE ( 'NONE', #5447, #7425 ) ;
#2727 = EDGE_LOOP ( 'NONE', ( #5922, #2059 ) ) ;
#2728 = LINE ( 'NONE', #12236, #9639 ) ;
#2729 = DIRECTION ( 'NONE',  ( 0.000000000000000000, 0.000000000000000000, 1.000000000000000000 ) ) ;
#2730 = LINE ( 'NONE', #3795, #9861 ) ;
#2731 = VECTOR ( 'NONE', #12474, 1000.000000000000000 ) ;
#2732 = CARTESIAN_POINT ( 'NONE',  ( -66.20020431027140262, 356.9106833265976206, 382.6229516748982746 ) ) ;
#2733 = DIRECTION ( 'NONE',  ( -0.000000000000000000, 1.000000000000000000, -0.000000000000000000 ) ) ;
#2734 = CARTESIAN_POINT ( 'NONE',  ( -63.89137538738062716, 315.0000000000000568, 63.89137538740627065 ) ) ;
#2735 = ORIENTED_EDGE ( 'NONE', *, *, #8772, .T. ) ;
#2736 = EDGE_LOOP ( 'NONE', ( #4789, #7219, #7137, #8356 ) ) ;
#2737 = CARTESIAN_POINT ( 'NONE',  ( -184.2681163089596339, 554.5357078472217154, 319.5190981231311298 ) ) ;
#2738 = VECTOR ( 'NONE', #4207, 1000.000000000000227 ) ;
#2739 = CARTESIAN_POINT ( 'NONE',  ( 70.18354552143799197, 120.0000000000000000, 368.5173196178369039 ) ) ;
#2740 = PLANE ( 'NONE',  #7413 ) ;
#2741 = ORIENTED_EDGE ( 'NONE', *, *, #7512, .T. ) ;
#2742 = CARTESIAN_POINT ( 'NONE',  ( -189.6853024314946197, 500.0187432943438353, 291.0522846588083894 ) ) ;
#2743 = AXIS2_PLACEMENT_3D ( 'NONE', #8764, #2923, #10664 ) ;
#2744 = FACE_OUTER_BOUND ( 'NONE', #857, .T. ) ;
#2745 = PLANE ( 'NONE',  #7651 ) ;
#2746 = FACE_OUTER_BOUND ( 'NONE', #2474, .T. ) ;
#2747 = ORIENTED_EDGE ( 'NONE', *, *, #2043, .T. ) ;
#2748 = VECTOR ( 'NONE', #7389, 1000.000000000000227 ) ;
#2749 = DIRECTION ( 'NONE',  ( 0.7625037589850115483, 0.2383113124287892792, -0.6014945850979835917 ) ) ;
#2750 = ORIENTED_EDGE ( 'NONE', *, *, #9556, .T. ) ;
#2751 = AXIS2_PLACEMENT_3D ( 'NONE', #6328, #2214, #2336 ) ;
#2752 = ORIENTED_EDGE ( 'NONE', *, *, #5610, .T. ) ;
#2753 = ORIENTED_EDGE ( 'NONE', *, *, #4898, .T. ) ;
#2754 = DIRECTION ( 'NONE',  ( -0.000000000000000000, 1.000000000000000000, -0.000000000000000000 ) ) ;
#2755 = FACE_OUTER_BOUND ( 'NONE', #7969, .T. ) ;
#2756 = ORIENTED_EDGE ( 'NONE', *, *, #10509, .F. ) ;
#2757 = EDGE_CURVE ( 'NONE', #8778, #7603, #2124, .T. ) ;
#2758 = DIRECTION ( 'NONE',  ( 0.000000000000000000, 0.000000000000000000, 1.000000000000000000 ) ) ;
#2759 = CARTESIAN_POINT ( 'NONE',  ( -219.2562056726987976, 489.0205802199568552, 281.7403482963913461 ) ) ;
#2760 = ORIENTED_EDGE ( 'NONE', *, *, #270, .F. ) ;
#2761 = EDGE_CURVE ( 'NONE', #1540, #3639, #2537, .T. ) ;
#2762 = LINE ( 'NONE', #10500, #1096 ) ;
#2763 = VECTOR ( 'NONE', #9046, 1000.000000000000000 ) ;
#2764 = B_SPLINE_CURVE_WITH_KNOTS ( 'NONE', 3,
 ( #2134, #2074, #3914, #4815 ),
 .UNSPECIFIED., .F., .F.,
 ( 4, 4 ),
 ( 0.000000000000000000, 0.002187128799507211726 ),
 .UNSPECIFIED. ) ;
#2765 = DIRECTION ( 'NONE',  ( -0.000000000000000000, -1.000000000000000000, -0.000000000000000000 ) ) ;
#2766 = AXIS2_PLACEMENT_3D ( 'NONE', #770, #4635, #7435 ) ;
#2767 = EDGE_CURVE ( 'NONE', #3185, #5048, #2338, .T. ) ;
#2768 = ORIENTED_EDGE ( 'NONE', *, *, #5615, .F. ) ;
#2769 = ORIENTED_EDGE ( 'NONE', *, *, #1223, .F. ) ;
#2770 = CARTESIAN_POINT ( 'NONE',  ( 200.3647896253567637, 545.1499999999996362, 281.4692627185918923 ) ) ;
#2771 = ORIENTED_EDGE ( 'NONE', *, *, #8144, .F. ) ;
#2772 = VECTOR ( 'NONE', #7314, 1000.000000000000000 ) ;
#2773 = EDGE_CURVE ( 'NONE', #4075, #11172, #11663, .T. ) ;
#2774 = AXIS2_PLACEMENT_3D ( 'NONE', #1757, #11150, #5620 ) ;
#2775 = LINE ( 'NONE', #10512, #8966 ) ;
#2776 = ORIENTED_EDGE ( 'NONE', *, *, #5412, .T. ) ;
#2777 = VECTOR ( 'NONE', #7229, 1000.000000000000000 ) ;
#2778 = CARTESIAN_POINT ( 'NONE',  ( 199.9999999999999432, 557.7235931288067832, 250.7734253594446443 ) ) ;
#2779 = CARTESIAN_POINT ( 'NONE',  ( 192.9877427735605124, 117.0000000000000000, 351.4274360680452673 ) ) ;
#2780 = CARTESIAN_POINT ( 'NONE',  ( 111.4464948675895926, 117.0000000000000000, 370.0487020943513130 ) ) ;
#2781 = PLANE ( 'NONE',  #900 ) ;
#2782 = VECTOR ( 'NONE', #3722, 1000.000000000000000 ) ;
#2783 = CARTESIAN_POINT ( 'NONE',  ( 37.85725097055900079, 383.4664177933577207, 362.5815879599392133 ) ) ;
#2784 = CARTESIAN_POINT ( 'NONE',  ( 229.6163532091684658, 315.0000000000000568, 229.6163532090762374 ) ) ;
#2785 = ORIENTED_EDGE ( 'NONE', *, *, #6196, .T. ) ;
#2786 = CARTESIAN_POINT ( 'NONE',  ( 50.60003379395966761, 365.0000000000000000, 375.2561429881301933 ) ) ;
#2787 = ADVANCED_FACE ( 'NONE', ( #9321, #438 ), #7297, .T. ) ;
#2788 = ORIENTED_EDGE ( 'NONE', *, *, #10744, .T. ) ;
#2789 = ADVANCED_FACE ( 'NONE', ( #9189 ), #12118, .T. ) ;
#2790 = CARTESIAN_POINT ( 'NONE',  ( -138.6532530348891612, 340.0000000000000568, 300.6102691058885625 ) ) ;
#2791 = CARTESIAN_POINT ( 'NONE',  ( -155.8478076762706337, 500.9263117651391326, 331.9795039368970606 ) ) ;
#2792 = DIRECTION ( 'NONE',  ( -0.000000000000000000, 1.000000000000000000, -0.000000000000000000 ) ) ;
#2793 = AXIS2_PLACEMENT_3D ( 'NONE', #4194, #7890, #9915 ) ;
#2794 = ORIENTED_EDGE ( 'NONE', *, *, #3689, .F. ) ;
#2795 = FACE_OUTER_BOUND ( 'NONE', #2662, .T. ) ;
#2796 = DIRECTION ( 'NONE',  ( -0.6193384587389361151, 0.000000000000000000, -0.7851241134539678201 ) ) ;
#2797 = DIRECTION ( 'NONE',  ( 0.000000000000000000, 1.000000000000000000, 0.000000000000000000 ) ) ;
#2798 = LINE ( 'NONE', #7554, #7463 ) ;
#2799 = AXIS2_PLACEMENT_3D ( 'NONE', #10999, #8845, #8969 ) ;
#2800 = PLANE ( 'NONE',  #213 ) ;
#2801 = CARTESIAN_POINT ( 'NONE',  ( 215.9607437866972361, 539.1499999999995225, 279.7614744031193368 ) ) ;
#2802 = AXIS2_PLACEMENT_3D ( 'NONE', #2414, #6402, #10154 ) ;
#2803 = EDGE_LOOP ( 'NONE', ( #9006, #211, #3572, #3068 ) ) ;
#2804 = ORIENTED_EDGE ( 'NONE', *, *, #11316, .F. ) ;
#2805 = DIRECTION ( 'NONE',  ( -0.7851241134539720390, -0.000000000000000000, -0.6193384587389310081 ) ) ;
#2806 = CARTESIAN_POINT ( 'NONE',  ( -183.2006110463806294, 554.8693436846220948, 318.6770057039939275 ) ) ;
#2807 = VECTOR ( 'NONE', #11253, 1000.000000000000000 ) ;
#2808 = DIRECTION ( 'NONE',  ( -0.000000000000000000, -1.000000000000000000, -0.000000000000000000 ) ) ;
#2809 = CIRCLE ( 'NONE', #10501, 1.070998700129166536 ) ;
#2810 = VERTEX_POINT ( 'NONE', #6203 ) ;
#2811 = DIRECTION ( 'NONE',  ( 0.000000000000000000, 1.000000000000000000, 0.000000000000000000 ) ) ;
#2812 = LINE ( 'NONE', #4765, #10667 ) ;
#2813 = VECTOR ( 'NONE', #2524, 1000.000000000000000 ) ;
#2814 = EDGE_CURVE ( 'NONE', #9768, #3, #5582, .T. ) ;
#2815 = DIRECTION ( 'NONE',  ( 0.000000000000000000, 1.000000000000000000, 0.000000000000000000 ) ) ;
#2816 = LINE ( 'NONE', #648, #9561 ) ;
#2817 = ORIENTED_EDGE ( 'NONE', *, *, #12547, .F. ) ;
#2818 = AXIS2_PLACEMENT_3D ( 'NONE', #5723, #8656, #7633 ) ;
#2819 = DIRECTION ( 'NONE',  ( 1.000000000000000000, 0.000000000000000000, 0.000000000000000000 ) ) ;
#2820 = ORIENTED_EDGE ( 'NONE', *, *, #7761, .T. ) ;
#2821 = ORIENTED_EDGE ( 'NONE', *, *, #4132, .F. ) ;
#2822 = DIRECTION ( 'NONE',  ( 0.000000000000000000, -0.08715574274765820750, 0.9961946980917455452 ) ) ;
#2823 = ORIENTED_EDGE ( 'NONE', *, *, #5317, .F. ) ;
#2824 = DIRECTION ( 'NONE',  ( -0.000000000000000000, 1.000000000000000000, -0.000000000000000000 ) ) ;
#2825 = DIRECTION ( 'NONE',  ( -0.7851241134539721500, -0.000000000000000000, -0.6193384587389308971 ) ) ;
#2826 = B_SPLINE_SURFACE_WITH_KNOTS ( 'NONE', 2, 1, ( 
 ( #10589, #1841 ),
 ( #6595, #1899 ),
 ( #3677, #2858 ) ),
 .UNSPECIFIED., .F., .F., .F.,
 ( 3, 3 ),
 ( 2, 2 ),
 ( 0.2281005508185820485, 0.3568024752894666807 ),
 ( 0.000000000000000000, 1.000000000000000000 ),
 .UNSPECIFIED. ) ;
#2827 = DIRECTION ( 'NONE',  ( 0.000000000000000000, 1.000000000000000000, 0.000000000000000000 ) ) ;
#2828 = CARTESIAN_POINT ( 'NONE',  ( -62.78826645942975659, 374.0785508645338382, 385.9443499868726803 ) ) ;
#2829 = ORIENTED_EDGE ( 'NONE', *, *, #8174, .T. ) ;
#2830 = DIRECTION ( 'NONE',  ( 0.000000000000000000, 0.000000000000000000, -1.000000000000000000 ) ) ;
#2831 = ORIENTED_EDGE ( 'NONE', *, *, #10192, .F. ) ;
#2832 = ADVANCED_FACE ( 'NONE', ( #3281 ), #6330, .F. ) ;
#2833 = ADVANCED_FACE ( 'NONE', ( #3420 ), #11164, .T. ) ;
#2834 = DIRECTION ( 'NONE',  ( 0.000000000000000000, 0.000000000000000000, -1.000000000000000000 ) ) ;
#2835 = CARTESIAN_POINT ( 'NONE',  ( 143.7660069451177094, 120.0000000000000000, 368.2120121559649988 ) ) ;
#2836 = ORIENTED_EDGE ( 'NONE', *, *, #3626, .F. ) ;
#2837 = EDGE_CURVE ( 'NONE', #1732, #3635, #1323, .T. ) ;
#2838 = LINE ( 'NONE', #1877, #1117 ) ;
#2839 = LINE ( 'NONE', #10572, #11443 ) ;
#2840 = CARTESIAN_POINT ( 'NONE',  ( -217.5133658519400228, 541.8295599600406831, 280.6531679834318993 ) ) ;
#2841 = AXIS2_PLACEMENT_3D ( 'NONE', #11673, #5068, #8702 ) ;
#2842 = DIRECTION ( 'NONE',  ( -0.000000000000000000, -1.000000000000000000, 0.000000000000000000 ) ) ;
#2843 = EDGE_CURVE ( 'NONE', #7146, #12127, #3481, .T. ) ;
#2844 = CARTESIAN_POINT ( 'NONE',  ( -111.4464948675895073, 120.0000000000000000, 370.0487020943512562 ) ) ;
#2845 = EDGE_LOOP ( 'NONE', ( #7569, #3671, #11381, #889 ) ) ;
#2846 = FACE_OUTER_BOUND ( 'NONE', #7526, .T. ) ;
#2847 = EDGE_LOOP ( 'NONE', ( #12177, #11008, #4355, #1605 ) ) ;
#2848 = LINE ( 'NONE', #6716, #5500 ) ;
#2849 = CARTESIAN_POINT ( 'NONE',  ( 66.12448390330172288, 345.0000000000000000, 0.000000000000000000 ) ) ;
#2850 = DIRECTION ( 'NONE',  ( 0.7071067811862841168, 0.000000000000000000, 0.7071067811868108066 ) ) ;
#2851 = ORIENTED_EDGE ( 'NONE', *, *, #2956, .T. ) ;
#2852 = DIRECTION ( 'NONE',  ( -0.000000000000000000, -0.08715574274765820750, 0.9961946980917455452 ) ) ;
#2853 = AXIS2_PLACEMENT_3D ( 'NONE', #9589, #11559, #1906 ) ;
#2854 = DIRECTION ( 'NONE',  ( -0.7851241134539721500, -0.000000000000000000, -0.6193384587389308971 ) ) ;
#2855 = FACE_OUTER_BOUND ( 'NONE', #12510, .T. ) ;
#2856 = EDGE_CURVE ( 'NONE', #5539, #12403, #10019, .T. ) ;
#2857 = DIRECTION ( 'NONE',  ( -0.7625037589850115483, -0.2383113124287892515, 0.6014945850979835917 ) ) ;
#2858 = CARTESIAN_POINT ( 'NONE',  ( -154.9399066829177798, 339.9999999999998863, 281.4648044825831334 ) ) ;
#2859 = PERSON_AND_ORGANIZATION_ROLE ( 'classification_officer' ) ;
#2860 = ORIENTED_EDGE ( 'NONE', *, *, #8974, .T. ) ;
#2861 = DIRECTION ( 'NONE',  ( -0.02160768785100039557, 0.9745849520105124286, -0.2229737184970481956 ) ) ;
#2862 = LINE ( 'NONE', #6731, #5598 ) ;
#2863 = CARTESIAN_POINT ( 'NONE',  ( -195.7024822690796384, 540.1499999999996362, 263.1601945342233648 ) ) ;
#2864 = CARTESIAN_POINT ( 'NONE',  ( -139.1015668691960627, -1.618904827840972520E-14, 342.9852769692487868 ) ) ;
#2865 = ORIENTED_EDGE ( 'NONE', *, *, #3809, .F. ) ;
#2866 = DIRECTION ( 'NONE',  ( 0.000000000000000000, 0.000000000000000000, -1.000000000000000000 ) ) ;
#2867 = CIRCLE ( 'NONE', #450, 3.093108195208582600 ) ;
#2868 = CARTESIAN_POINT ( 'NONE',  ( -59.26671879462830361, 377.5518242583233359, 401.4274360680452105 ) ) ;
#2869 = LINE ( 'NONE', #8461, #1155 ) ;
#2870 = FACE_OUTER_BOUND ( 'NONE', #11077, .T. ) ;
#2871 = VERTEX_POINT ( 'NONE', #375 ) ;
#2872 = DIRECTION ( 'NONE',  ( 0.7071067811868109176, 0.000000000000000000, -0.7071067811862840058 ) ) ;
#2873 = ORIENTED_EDGE ( 'NONE', *, *, #10591, .T. ) ;
#2874 = VECTOR ( 'NONE', #844, 1000.000000000000114 ) ;
#2875 = ORIENTED_EDGE ( 'NONE', *, *, #1206, .T. ) ;
#2876 = EDGE_CURVE ( 'NONE', #53, #3244, #4241, .T. ) ;
#2877 = CARTESIAN_POINT ( 'NONE',  ( 171.6157891360269332, 117.0000000000000000, 290.9472914527386251 ) ) ;
#2878 = EDGE_LOOP ( 'NONE', ( #10041, #7356, #10288, #1153 ) ) ;
#2879 = CARTESIAN_POINT ( 'NONE',  ( -180.0000000000000568, 666.0000000000001137, 250.7734253594445875 ) ) ;
#2880 = CARTESIAN_POINT ( 'NONE',  ( -210.2290502639264673, 540.6714806525383210, 281.1159063433800611 ) ) ;
#2881 = CARTESIAN_POINT ( 'NONE',  ( -84.00168052530501939, 365.0000000000000000, 378.2385419322183111 ) ) ;
#2882 = AXIS2_PLACEMENT_3D ( 'NONE', #5874, #9814, #7011 ) ;
#2883 = EDGE_CURVE ( 'NONE', #9009, #388, #5758, .T. ) ;
#2884 = ORIENTED_EDGE ( 'NONE', *, *, #9444, .F. ) ;
#2885 = CARTESIAN_POINT ( 'NONE',  ( -192.6500499118878622, 562.4636929232977991, 267.0297075839604872 ) ) ;
#2886 = ADVANCED_FACE ( 'NONE', ( #6666 ), #8631, .T. ) ;
#2887 = ORIENTED_EDGE ( 'NONE', *, *, #6888, .F. ) ;
#2888 = DIRECTION ( 'NONE',  ( 0.000000000000000000, -1.000000000000000000, 0.000000000000000000 ) ) ;
#2889 = ORIENTED_EDGE ( 'NONE', *, *, #11119, .T. ) ;
#2890 = CARTESIAN_POINT ( 'NONE',  ( -59.20020431027140262, 355.5448881141737161, 384.5372509364611915 ) ) ;
#2891 = DIRECTION ( 'NONE',  ( -0.000000000000000000, -1.000000000000000000, -0.000000000000000000 ) ) ;
#2892 = VERTEX_POINT ( 'NONE', #1835 ) ;
#2893 = CARTESIAN_POINT ( 'NONE',  ( -59.20020431027140262, 350.8979939905720471, 361.9808941191034819 ) ) ;
#2894 = CARTESIAN_POINT ( 'NONE',  ( -188.0893973439365823, 554.4841159016714300, 314.6544889145773709 ) ) ;
#2895 = CARTESIAN_POINT ( 'NONE',  ( -190.4399861039909183, 554.4260805150977376, 311.6516967045412798 ) ) ;
#2896 = DIRECTION ( 'NONE',  ( 0.000000000000000000, 0.000000000000000000, 1.000000000000000000 ) ) ;
#2897 = DIRECTION ( 'NONE',  ( 1.000000000000000000, -0.000000000000000000, -0.000000000000000000 ) ) ;
#2898 = ORIENTED_EDGE ( 'NONE', *, *, #2531, .F. ) ;
#2899 = DIRECTION ( 'NONE',  ( 0.000000000000000000, -1.000000000000000000, 0.000000000000000000 ) ) ;
#2900 = ORIENTED_EDGE ( 'NONE', *, *, #1615, .F. ) ;
#2901 = DIRECTION ( 'NONE',  ( -0.7071067811865450192, -0.7044160264027606866, -0.06162841671622616008 ) ) ;
#2902 = FACE_OUTER_BOUND ( 'NONE', #7601, .T. ) ;
#2903 = CARTESIAN_POINT ( 'NONE',  ( -242.3065724584799909, 340.0000000000000568, 242.3065724582994847 ) ) ;
#2904 = PLANE ( 'NONE',  #11277 ) ;
#2905 = EDGE_CURVE ( 'NONE', #4441, #1400, #8428, .T. ) ;
#2906 = CARTESIAN_POINT ( 'NONE',  ( 212.1416513271663291, 550.1499999999997499, 290.7593395996758545 ) ) ;
#2907 = CARTESIAN_POINT ( 'NONE',  ( -62.80334236607136233, 397.6372191994531704, 380.0901087836376746 ) ) ;
#2908 = MANIFOLD_SOLID_BREP ( 'Yükseklik-Ekstrüzyon24[1]', #6336 ) ;
#2909 = EDGE_CURVE ( 'NONE', #395, #6490, #11420, .T. ) ;
#2910 = CARTESIAN_POINT ( 'NONE',  ( -70.18354552143790670, 117.0000000000000000, 370.0487020943512562 ) ) ;
#2911 = CARTESIAN_POINT ( 'NONE',  ( 175.6153292764005016, 315.0000000000000568, 303.3980800510912559 ) ) ;
#2912 = AXIS2_PLACEMENT_3D ( 'NONE', #10020, #9190, #4307 ) ;
#2913 = EDGE_CURVE ( 'NONE', #2699, #9354, #6590, .T. ) ;
#2914 = EDGE_CURVE ( 'NONE', #5834, #10238, #12491, .T. ) ;
#2915 = PERSON_AND_ORGANIZATION ( #4658, #10914 ) ;
#2916 = ORIENTED_EDGE ( 'NONE', *, *, #12161, .T. ) ;
#2917 = ORIENTED_EDGE ( 'NONE', *, *, #8865, .F. ) ;
#2918 = DIRECTION ( 'NONE',  ( -0.000000000000000000, -0.08715574274765820750, 0.9961946980917455452 ) ) ;
#2919 = EDGE_CURVE ( 'NONE', #11225, #8945, #4750, .T. ) ;
#2920 = CARTESIAN_POINT ( 'NONE',  ( 147.5242506373036235, -280.1694956085287345, 362.4264068711929099 ) ) ;
#2921 = ORIENTED_EDGE ( 'NONE', *, *, #5641, .T. ) ;
#2922 = AXIS2_PLACEMENT_3D ( 'NONE', #8986, #4289, #6123 ) ;
#2923 = DIRECTION ( 'NONE',  ( -0.000000000000000000, -1.000000000000000000, -0.000000000000000000 ) ) ;
#2924 = CYLINDRICAL_SURFACE ( 'NONE', #4167, 2.000000000000020428 ) ;
#2925 = CARTESIAN_POINT ( 'NONE',  ( 158.7296697055454047, 550.1499999999997499, 358.4687384377218677 ) ) ;
#2926 = DIRECTION ( 'NONE',  ( -0.000000000000000000, 1.000000000000000000, -0.000000000000000000 ) ) ;
#2927 = ORIENTED_EDGE ( 'NONE', *, *, #11720, .T. ) ;
#2928 = CARTESIAN_POINT ( 'NONE',  ( 63.62321363309411737, -570.1500000000002046, 0.000000000000000000 ) ) ;
#2929 = VERTEX_POINT ( 'NONE', #8376 ) ;
#2930 = EDGE_CURVE ( 'NONE', #191, #5543, #9447, .T. ) ;
#2931 = VERTEX_POINT ( 'NONE', #3672 ) ;
#2932 = EDGE_CURVE ( 'NONE', #5543, #11399, #10401, .T. ) ;
#2933 = CARTESIAN_POINT ( 'NONE',  ( 42.48496570340527967, 117.0000000000000000, 371.2683589063772729 ) ) ;
#2934 = ORIENTED_EDGE ( 'NONE', *, *, #2633, .T. ) ;
#2935 = CARTESIAN_POINT ( 'NONE',  ( -132.3286688073715993, 340.0000000000000568, 343.4980266327372078 ) ) ;
#2936 = CARTESIAN_POINT ( 'NONE',  ( 74.86688931094020916, 370.0000000000000000, 375.2561429881301933 ) ) ;
#2937 = CARTESIAN_POINT ( 'NONE',  ( -111.4464948675895073, 117.0000000000000000, 369.2830108560940516 ) ) ;
#2938 = VECTOR ( 'NONE', #4779, 1000.000000000000227 ) ;
#2939 = EDGE_CURVE ( 'NONE', #5863, #5810, #1704, .T. ) ;
#2940 = DIRECTION ( 'NONE',  ( -0.000000000000000000, -0.000000000000000000, 1.000000000000000000 ) ) ;
#2941 = DIRECTION ( 'NONE',  ( 0.7625037589850115483, 0.2383113124287892515, -0.6014945850979835917 ) ) ;
#2942 = EDGE_CURVE ( 'NONE', #477, #6023, #2728, .T. ) ;
#2943 = VECTOR ( 'NONE', #8736, 1000.000000000000000 ) ;
#2944 = ORIENTED_EDGE ( 'NONE', *, *, #1790, .F. ) ;
#2945 = DIRECTION ( 'NONE',  ( 0.6193384587389385576, 0.000000000000000000, 0.7851241134539660438 ) ) ;
#2946 = ORIENTED_EDGE ( 'NONE', *, *, #9696, .F. ) ;
#2947 = DIRECTION ( 'NONE',  ( 0.000000000000000000, 0.000000000000000000, 1.000000000000000000 ) ) ;
#2948 = DIRECTION ( 'NONE',  ( 0.7625037589850115483, 0.2383113124287892515, -0.6014945850979835917 ) ) ;
#2949 = EDGE_LOOP ( 'NONE', ( #6286, #5046, #1421, #3109 ) ) ;
#2950 = CARTESIAN_POINT ( 'NONE',  ( 103.4081392903127181, 569.9941122601604775, 351.9026866690670090 ) ) ;
#2951 = CIRCLE ( 'NONE', #6181, 20.00000000000001776 ) ;
#2952 = DIRECTION ( 'NONE',  ( 1.000000000000000000, -0.000000000000000000, -0.000000000000000000 ) ) ;
#2953 = CARTESIAN_POINT ( 'NONE',  ( -62.15928903933924943, 401.1238794302436759, 380.3951520273985238 ) ) ;
#2954 = VECTOR ( 'NONE', #10226, 1000.000000000000000 ) ;
#2955 = CYLINDRICAL_SURFACE ( 'NONE', #8607, 20.00000000000001776 ) ;
#2956 = EDGE_CURVE ( 'NONE', #579, #10743, #11386, .T. ) ;
#2957 = CARTESIAN_POINT ( 'NONE',  ( -70.18354552143789249, 117.0000000000000000, 383.8903845222603195 ) ) ;
#2958 = EDGE_CURVE ( 'NONE', #195, #1099, #1893, .T. ) ;
#2959 = ORIENTED_EDGE ( 'NONE', *, *, #282, .F. ) ;
#2960 = DIRECTION ( 'NONE',  ( 0.000000000000000000, 0.000000000000000000, -1.000000000000000000 ) ) ;
#2961 = VECTOR ( 'NONE', #6185, 1000.000000000000000 ) ;
#2962 = CARTESIAN_POINT ( 'NONE',  ( 192.4757493626966607, 0.000000000000000000, 362.4264068711929099 ) ) ;
#2963 = DIRECTION ( 'NONE',  ( 1.000000000000000000, 0.000000000000000000, 0.000000000000000000 ) ) ;
#2964 = AXIS2_PLACEMENT_3D ( 'NONE', #11248, #5340, #1530 ) ;
#2965 = CARTESIAN_POINT ( 'NONE',  ( -174.9943130982813955, 117.0000000000000000, 369.2830108560940516 ) ) ;
#2966 = DIRECTION ( 'NONE',  ( -0.000000000000000000, 1.000000000000000000, -0.000000000000000000 ) ) ;
#2967 = DIRECTION ( 'NONE',  ( 0.000000000000000000, -0.9961946980917455452, -0.08715574274765781893 ) ) ;
#2968 = CARTESIAN_POINT ( 'NONE',  ( -168.5062826962636962, 555.1466337354437428, 337.4146007512094911 ) ) ;
#2969 = CARTESIAN_POINT ( 'NONE',  ( -70.18354552143790670, 117.0000000000000000, 368.5173196178368471 ) ) ;
#2970 = VECTOR ( 'NONE', #9174, 1000.000000000000000 ) ;
#2971 = PERSON_AND_ORGANIZATION ( #4658, #10914 ) ;
#2972 = ORIENTED_EDGE ( 'NONE', *, *, #3502, .T. ) ;
#2973 = CARTESIAN_POINT ( 'NONE',  ( 116.3767717391520620, 0.000000000000000000, 401.4274360680452105 ) ) ;
#2974 = VECTOR ( 'NONE', #12323, 1000.000000000000114 ) ;
#2975 = DIRECTION ( 'NONE',  ( 0.02656302089943448838, 0.9758204948378662591, 0.2169533769616827645 ) ) ;
#2976 = EDGE_CURVE ( 'NONE', #9299, #3480, #6837, .T. ) ;
#2977 = DIRECTION ( 'NONE',  ( 0.000000000000000000, 0.000000000000000000, 1.000000000000000000 ) ) ;
#2978 = CARTESIAN_POINT ( 'NONE',  ( -191.8873057370085178, 117.0000000000000000, 311.3514577545970496 ) ) ;
#2979 = DIRECTION ( 'NONE',  ( -0.000000000000000000, 0.000000000000000000, 1.000000000000000000 ) ) ;
#2980 = ORIENTED_EDGE ( 'NONE', *, *, #8215, .T. ) ;
#2981 = EDGE_CURVE ( 'NONE', #8945, #284, #7817, .T. ) ;
#2982 = CARTESIAN_POINT ( 'NONE',  ( 128.2187720577362882, 556.3832346651870466, 348.7080680832796133 ) ) ;
#2983 = CARTESIAN_POINT ( 'NONE',  ( 91.53172414805730739, 451.2431039356274596, 357.8360898174733506 ) ) ;
#2984 = AXIS2_PLACEMENT_3D ( 'NONE', #7268, #9158, #3316 ) ;
#2985 = AXIS2_PLACEMENT_3D ( 'NONE', #12133, #3235, #4385 ) ;
#2986 = DIRECTION ( 'NONE',  ( 0.000000000000000000, 0.000000000000000000, 1.000000000000000000 ) ) ;
#2987 = AXIS2_PLACEMENT_3D ( 'NONE', #11801, #3995, #3043 ) ;
#2988 = CARTESIAN_POINT ( 'NONE',  ( 130.5203249716378480, 120.0000000000000000, 364.5620121559650215 ) ) ;
#2989 = EDGE_CURVE ( 'NONE', #11992, #11331, #2335, .T. ) ;
#2990 = ORIENTED_EDGE ( 'NONE', *, *, #10822, .F. ) ;
#2991 = EDGE_LOOP ( 'NONE', ( #4150, #5424, #2836, #10916, #12017, #4397 ) ) ;
#2992 = ORIENTED_EDGE ( 'NONE', *, *, #5324, .F. ) ;
#2993 = ORIENTED_EDGE ( 'NONE', *, *, #3087, .F. ) ;
#2994 = CARTESIAN_POINT ( 'NONE',  ( 192.5135484908171009, 539.1499999999996362, 275.2758781312025462 ) ) ;
#2995 = VECTOR ( 'NONE', #1708, 1000.000000000000000 ) ;
#2996 = EDGE_LOOP ( 'NONE', ( #3525, #3924, #783, #5202 ) ) ;
#2997 = CARTESIAN_POINT ( 'NONE',  ( -206.8273311058908348, 544.7052693958106602, 287.0263853777074701 ) ) ;
#2998 = FACE_OUTER_BOUND ( 'NONE', #9403, .T. ) ;
#2999 = AXIS2_PLACEMENT_3D ( 'NONE', #9211, #7128, #12008 ) ;
#3000 = EDGE_LOOP ( 'NONE', ( #2875, #5396, #8050, #9785, #2768, #1620, #1995, #487 ) ) ;
#3001 = FACE_BOUND ( 'NONE', #3382, .T. ) ;
#3002 = LINE ( 'NONE', #4787, #3860 ) ;
#3003 = EDGE_CURVE ( 'NONE', #1071, #11934, #5781, .T. ) ;
#3004 = ORIENTED_EDGE ( 'NONE', *, *, #12098, .T. ) ;
#3005 = CIRCLE ( 'NONE', #12125, 60.00000000000005684 ) ;
#3006 = CARTESIAN_POINT ( 'NONE',  ( -181.6027921189752590, 500.1541665992429557, 301.3519906816746357 ) ) ;
#3007 = EDGE_LOOP ( 'NONE', ( #5212, #5485, #1465, #4554 ) ) ;
#3008 = ADVANCED_FACE ( 'NONE', ( #2795 ), #11484, .T. ) ;
#3009 = AXIS2_PLACEMENT_3D ( 'NONE', #2483, #10223, #4443 ) ;
#3010 = FACE_OUTER_BOUND ( 'NONE', #6340, .T. ) ;
#3011 = CARTESIAN_POINT ( 'NONE',  ( 0.000000000000000000, 580.1499999999997499, 0.000000000000000000 ) ) ;
#3012 = ORIENTED_EDGE ( 'NONE', *, *, #8976, .F. ) ;
#3013 = DIRECTION ( 'NONE',  ( -0.000000000000000000, -1.000000000000000000, 0.000000000000000000 ) ) ;
#3014 = CARTESIAN_POINT ( 'NONE',  ( -66.20020431027140262, 360.0000000000000000, 367.2715862585909008 ) ) ;
#3015 = CARTESIAN_POINT ( 'NONE',  ( -217.5066091131753012, 541.6239160263389749, 280.5802575398246290 ) ) ;
#3016 = DIRECTION ( 'NONE',  ( 0.000000000000000000, 0.000000000000000000, -1.000000000000000000 ) ) ;
#3017 = PLANE ( 'NONE',  #3815 ) ;
#3018 = ORIENTED_EDGE ( 'NONE', *, *, #2773, .F. ) ;
#3019 = CARTESIAN_POINT ( 'NONE',  ( -101.7259631302510456, 570.1499999999997499, 350.0000000000000000 ) ) ;
#3020 = VECTOR ( 'NONE', #2602, 1000.000000000000000 ) ;
#3021 = PLANE ( 'NONE',  #5234 ) ;
#3022 = ADVANCED_FACE ( 'NONE', ( #4555 ), #2904, .F. ) ;
#3023 = DIRECTION ( 'NONE',  ( 0.6193384587389308971, -2.407412430484045158E-33, -0.7851241134539720390 ) ) ;
#3024 = EDGE_CURVE ( 'NONE', #9139, #3201, #3853, .T. ) ;
#3025 = DIRECTION ( 'NONE',  ( -0.7863899488082340961, 0.000000000000000000, 0.6177304010758924990 ) ) ;
#3026 = CARTESIAN_POINT ( 'NONE',  ( 171.6157891360269332, 117.0000000000000000, 327.9680754845630304 ) ) ;
#3027 = CARTESIAN_POINT ( 'NONE',  ( 63.01608243374601415, 376.0859873310966464, 385.9443499868726803 ) ) ;
#3028 = PLANE ( 'NONE',  #9277 ) ;
#3029 = AXIS2_PLACEMENT_3D ( 'NONE', #10387, #1627, #4670 ) ;
#3030 = ADVANCED_FACE ( 'NONE', ( #7735 ), #5820, .T. ) ;
#3031 = CARTESIAN_POINT ( 'NONE',  ( 191.8873057370086315, 117.0000000000000000, 332.2694703950618873 ) ) ;
#3032 = EDGE_CURVE ( 'NONE', #12148, #4229, #1340, .T. ) ;
#3033 = ORIENTED_EDGE ( 'NONE', *, *, #11810, .F. ) ;
#3034 = CARTESIAN_POINT ( 'NONE',  ( -101.3506228754717284, 570.1160211952075088, 351.4274360680452105 ) ) ;
#3035 = CARTESIAN_POINT ( 'NONE',  ( 156.7562042167242282, 501.6802010741481013, 315.7609358066456480 ) ) ;
#3036 = DIRECTION ( 'NONE',  ( 0.000000000000000000, 0.000000000000000000, 1.000000000000000000 ) ) ;
#3037 = DIRECTION ( 'NONE',  ( 0.000000000000000000, 0.000000000000000000, 1.000000000000000000 ) ) ;
#3038 = CARTESIAN_POINT ( 'NONE',  ( 159.9882456870035412, 320.0000000000000568, 309.1348121858818558 ) ) ;
#3039 = ORIENTED_EDGE ( 'NONE', *, *, #4511, .F. ) ;
#3040 = CARTESIAN_POINT ( 'NONE',  ( -130.5203249716377911, 117.0000000000000000, 366.0985153249498580 ) ) ;
#3041 = CARTESIAN_POINT ( 'NONE',  ( 174.9943130982814523, 117.0000000000000000, 368.2120121559649988 ) ) ;
#3042 = B_SPLINE_CURVE_WITH_KNOTS ( 'NONE', 3,
 ( #3437, #5402, #8267, #6419 ),
 .UNSPECIFIED., .F., .F.,
 ( 4, 4 ),
 ( 0.3945017091309657720, 0.5999240818119072616 ),
 .UNSPECIFIED. ) ;
#3043 = DIRECTION ( 'NONE',  ( 0.000000000000000000, -0.000000000000000000, -1.000000000000000000 ) ) ;
#3044 = ADVANCED_FACE ( 'NONE', ( #7310 ), #6216, .T. ) ;
#3045 = LINE ( 'NONE', #11742, #3879 ) ;
#3046 = ORIENTED_EDGE ( 'NONE', *, *, #1272, .T. ) ;
#3047 = ORIENTED_EDGE ( 'NONE', *, *, #1379, .F. ) ;
#3048 = DIRECTION ( 'NONE',  ( -0.000000000000000000, 1.000000000000000000, -0.000000000000000000 ) ) ;
#3049 = VERTEX_POINT ( 'NONE', #2422 ) ;
#3050 = EDGE_CURVE ( 'NONE', #1417, #2305, #2140, .T. ) ;
#3051 = ORIENTED_EDGE ( 'NONE', *, *, #1143, .T. ) ;
#3052 = AXIS2_PLACEMENT_3D ( 'NONE', #5217, #6468, #1283 ) ;
#3053 = VECTOR ( 'NONE', #9542, 1000.000000000000000 ) ;
#3054 = EDGE_LOOP ( 'NONE', ( #1106, #6522, #7181, #4651 ) ) ;
#3055 = PLANE ( 'NONE',  #5621 ) ;
#3056 = EDGE_CURVE ( 'NONE', #4654, #6102, #5398, .T. ) ;
#3057 = FACE_OUTER_BOUND ( 'NONE', #9188, .T. ) ;
#3058 = EDGE_CURVE ( 'NONE', #5419, #9740, #9441, .T. ) ;
#3059 = CARTESIAN_POINT ( 'NONE',  ( 194.2291105370474043, 380.0000000000000000, 305.5583876757842745 ) ) ;
#3060 = CARTESIAN_POINT ( 'NONE',  ( -188.9246388531233265, 549.6392610457420460, 271.7523435086591235 ) ) ;
#3061 = CIRCLE ( 'NONE', #2468, 1.100437036551937808 ) ;
#3062 = ORIENTED_EDGE ( 'NONE', *, *, #8898, .F. ) ;
#3063 = LINE ( 'NONE', #7898, #5230 ) ;
#3064 = ORIENTED_EDGE ( 'NONE', *, *, #835, .T. ) ;
#3065 = EDGE_CURVE ( 'NONE', #8464, #1714, #8648, .T. ) ;
#3066 = CARTESIAN_POINT ( 'NONE',  ( -59.20020431027140262, 349.7463941653630854, 367.3287789599734197 ) ) ;
#3067 = CARTESIAN_POINT ( 'NONE',  ( -66.20020431027140262, 355.0000000000000000, 355.6679359893877290 ) ) ;
#3068 = ORIENTED_EDGE ( 'NONE', *, *, #4378, .T. ) ;
#3069 = EDGE_CURVE ( 'NONE', #10778, #1883, #10459, .T. ) ;
#3070 = LINE ( 'NONE', #4022, #9107 ) ;
#3071 = FACE_OUTER_BOUND ( 'NONE', #9841, .T. ) ;
#3072 = CARTESIAN_POINT ( 'NONE',  ( 0.000000000000000000, 420.0000000000000000, 358.5618675501162329 ) ) ;
#3073 = VECTOR ( 'NONE', #4343, 1000.000000000000000 ) ;
#3074 = ORIENTED_EDGE ( 'NONE', *, *, #461, .F. ) ;
#3075 = CARTESIAN_POINT ( 'NONE',  ( 138.9965557974238664, 489.0199999999996976, 349.2708597453880657 ) ) ;
#3076 = CARTESIAN_POINT ( 'NONE',  ( -130.5203249716377911, 120.0000000000000000, 376.8992487218270071 ) ) ;
#3077 = ORIENTED_EDGE ( 'NONE', *, *, #6173, .T. ) ;
#3078 = CYLINDRICAL_SURFACE ( 'NONE', #12402, 3.093108195208582600 ) ;
#3079 = EDGE_LOOP ( 'NONE', ( #7499, #597, #11510, #1589 ) ) ;
#3080 = CARTESIAN_POINT ( 'NONE',  ( -130.5203249716377911, 120.0000000000000000, 364.5075309989636025 ) ) ;
#3081 = PLANE ( 'NONE',  #11750 ) ;
#3082 = CARTESIAN_POINT ( 'NONE',  ( 174.1660285144027398, 501.6802010741481013, 293.6908178053573124 ) ) ;
#3083 = PLANE ( 'NONE',  #5338 ) ;
#3084 = CARTESIAN_POINT ( 'NONE',  ( 59.34243920159819652, 377.5518242583233359, 359.0020664014754743 ) ) ;
#3085 = CARTESIAN_POINT ( 'NONE',  ( -194.2612671389679520, 554.3744885695475659, 306.7870874959874641 ) ) ;
#3086 = LINE ( 'NONE', #7798, #2673 ) ;
#3087 = EDGE_CURVE ( 'NONE', #1544, #1043, #8261, .T. ) ;
#3088 = ADVANCED_FACE ( 'NONE', ( #10101 ), #9202, .T. ) ;
#3089 = CLOSED_SHELL ( 'NONE', ( #6767, #12067, #10045, #10992, #10395, #4482, #12184 ) ) ;
#3090 = APPROVAL_ROLE ( '' ) ;
#3091 = EDGE_LOOP ( 'NONE', ( #4275, #7619, #2374, #5535 ) ) ;
#3092 = FACE_OUTER_BOUND ( 'NONE', #9972, .T. ) ;
#3093 = CARTESIAN_POINT ( 'NONE',  ( 134.8100607563242477, 489.0199999999996976, 354.5780034585614544 ) ) ;
#3094 = CARTESIAN_POINT ( 'NONE',  ( 181.8450832321779558, 420.0000000000000000, 295.7635224797913338 ) ) ;
#3095 = FACE_OUTER_BOUND ( 'NONE', #4474, .T. ) ;
#3096 = PLANE ( 'NONE',  #9022 ) ;
#3097 = EDGE_LOOP ( 'NONE', ( #5722, #10464, #1834, #3074 ) ) ;
#3098 = CARTESIAN_POINT ( 'NONE',  ( -87.75731284390609233, 385.1539588257066953, 363.6028905178079640 ) ) ;
#3099 = DIRECTION ( 'NONE',  ( 0.000000000000000000, 0.000000000000000000, -1.000000000000000000 ) ) ;
#3100 = DIRECTION ( 'NONE',  ( -0.000000000000000000, 1.000000000000000000, -0.000000000000000000 ) ) ;
#3101 = DIRECTION ( 'NONE',  ( 0.6179857873071100682, -0.08715574274765819363, -0.7813433580651437671 ) ) ;
#3102 = ORIENTED_EDGE ( 'NONE', *, *, #2204, .F. ) ;
#3103 = ORIENTED_EDGE ( 'NONE', *, *, #4529, .T. ) ;
#3104 = DIRECTION ( 'NONE',  ( -1.217029536772293280E-16, 1.000000000000000000, 0.000000000000000000 ) ) ;
#3105 = EDGE_LOOP ( 'NONE', ( #12325, #10285, #1658, #8741 ) ) ;
#3106 = ORIENTED_EDGE ( 'NONE', *, *, #2120, .F. ) ;
#3107 = AXIS2_PLACEMENT_3D ( 'NONE', #4861, #7661, #6892 ) ;
#3108 = FACE_OUTER_BOUND ( 'NONE', #4565, .T. ) ;
#3109 = ORIENTED_EDGE ( 'NONE', *, *, #5933, .F. ) ;
#3110 = LINE ( 'NONE', #255, #5209 ) ;
#3111 = FACE_OUTER_BOUND ( 'NONE', #2548, .T. ) ;
#3112 = VECTOR ( 'NONE', #9161, 1000.000000000000114 ) ;
#3113 = DIRECTION ( 'NONE',  ( -0.000000000000000000, 0.000000000000000000, 1.000000000000000000 ) ) ;
#3114 = CARTESIAN_POINT ( 'NONE',  ( -195.7024822690794963, 540.1499999999996362, 263.1601945342232511 ) ) ;
#3115 = EDGE_LOOP ( 'NONE', ( #9786, #8387 ) ) ;
#3116 = DIRECTION ( 'NONE',  ( 0.000000000000000000, 0.000000000000000000, 1.000000000000000000 ) ) ;
#3117 = ORIENTED_EDGE ( 'NONE', *, *, #8307, .T. ) ;
#3118 = VERTEX_POINT ( 'NONE', #2552 ) ;
#3119 = ADVANCED_FACE ( 'NONE', ( #10029 ), #10294, .T. ) ;
#3120 = CARTESIAN_POINT ( 'NONE',  ( -59.26671879462830361, 357.2608599474045832, 357.6418506936047379 ) ) ;
#3121 = LINE ( 'NONE', #5921, #6659 ) ;
#3122 = ORIENTED_EDGE ( 'NONE', *, *, #6503, .T. ) ;
#3123 = EDGE_CURVE ( 'NONE', #4460, #9144, #7115, .T. ) ;
#3124 = CARTESIAN_POINT ( 'NONE',  ( 195.4006509696754676, 489.0199999999996976, 263.5428205895141787 ) ) ;
#3125 = CYLINDRICAL_SURFACE ( 'NONE', #9823, 1.070998700129166536 ) ;
#3126 = LINE ( 'NONE', #10874, #5775 ) ;
#3127 = ORIENTED_EDGE ( 'NONE', *, *, #5708, .F. ) ;
#3128 = DIRECTION ( 'NONE',  ( 0.000000000000000000, 0.000000000000000000, -1.000000000000000000 ) ) ;
#3129 = EDGE_CURVE ( 'NONE', #10, #7365, #2350, .T. ) ;
#3130 = AXIS2_PLACEMENT_3D ( 'NONE', #10601, #4112, #4829 ) ;
#3131 = LINE ( 'NONE', #9870, #5633 ) ;
#3132 = EDGE_LOOP ( 'NONE', ( #6679, #10732, #2252, #5349 ) ) ;
#3133 = DIRECTION ( 'NONE',  ( -0.6193384587389315632, 0.000000000000000000, -0.7851241134539715949 ) ) ;
#3134 = ORIENTED_EDGE ( 'NONE', *, *, #398, .T. ) ;
#3135 = EDGE_CURVE ( 'NONE', #6354, #1405, #5208, .T. ) ;
#3136 = CIRCLE ( 'NONE', #3754, 0.9454112335447462101 ) ;
#3137 = DIRECTION ( 'NONE',  ( 0.2185734701522162593, 0.9758204948378662591, 8.139859368615620714E-14 ) ) ;
#3138 = ORIENTED_EDGE ( 'NONE', *, *, #9911, .F. ) ;
#3139 = CARTESIAN_POINT ( 'NONE',  ( 186.8299564428252211, 569.1481585873468703, 274.4077343489779537 ) ) ;
#3140 = CARTESIAN_POINT ( 'NONE',  ( 242.3065724584796783, 340.0000000000000568, 242.3065724583821634 ) ) ;
#3141 = LINE ( 'NONE', #1250, #10008 ) ;
#3142 = DIRECTION ( 'NONE',  ( 1.000000000000000000, 0.000000000000000000, -0.000000000000000000 ) ) ;
#3143 = VERTEX_POINT ( 'NONE', #9079 ) ;
#3144 = DIRECTION ( 'NONE',  ( 0.6193384587389310081, 0.000000000000000000, -0.7851241134539720390 ) ) ;
#3145 = ADVANCED_FACE ( 'NONE', ( #385 ), #7245, .T. ) ;
#3146 = CLOSED_SHELL ( 'NONE', ( #109, #1317, #3203, #11980, #10709, #3119, #9662 ) ) ;
#3147 = AXIS2_PLACEMENT_3D ( 'NONE', #1248, #10002, #10069 ) ;
#3148 = LINE ( 'NONE', #4997, #219 ) ;
#3149 = VECTOR ( 'NONE', #2805, 1000.000000000000114 ) ;
#3150 = EDGE_CURVE ( 'NONE', #5631, #1929, #8130, .T. ) ;
#3151 = ORIENTED_EDGE ( 'NONE', *, *, #2919, .T. ) ;
#3152 = EDGE_CURVE ( 'NONE', #12156, #2929, #6381, .T. ) ;
#3153 = AXIS2_PLACEMENT_3D ( 'NONE', #9003, #11861, #8817 ) ;
#3154 = CARTESIAN_POINT ( 'NONE',  ( -174.9943130982813955, 117.0000000000000000, 367.1410134558357186 ) ) ;
#3155 = LINE ( 'NONE', #6010, #120 ) ;
#3156 = FACE_OUTER_BOUND ( 'NONE', #8345, .T. ) ;
#3157 = CARTESIAN_POINT ( 'NONE',  ( -36.37704158544324429, 423.1584034901131872, 358.2855430498905775 ) ) ;
#3158 = CARTESIAN_POINT ( 'NONE',  ( -159.9882456869716520, 320.0000000000000568, 309.1348121858569016 ) ) ;
#3159 = ORIENTED_EDGE ( 'NONE', *, *, #5481, .F. ) ;
#3160 = CARTESIAN_POINT ( 'NONE',  ( -204.2178734929557891, 120.0000000000000000, 335.2988140189477235 ) ) ;
#3161 = CARTESIAN_POINT ( 'NONE',  ( -195.7024822690794679, 377.5518242583665369, 263.1601945342233080 ) ) ;
#3162 = CC_DESIGN_PERSON_AND_ORGANIZATION_ASSIGNMENT ( #2915, #2859, ( #11340 ) ) ;
#3163 = DIRECTION ( 'NONE',  ( -0.000000000000000000, -1.000000000000000000, -0.000000000000000000 ) ) ;
#3164 = CYLINDRICAL_SURFACE ( 'NONE', #966, 2.000000000000020428 ) ;
#3165 = AXIS2_PLACEMENT_3D ( 'NONE', #4371, #3483, #377 ) ;
#3166 = ORIENTED_EDGE ( 'NONE', *, *, #1249, .T. ) ;
#3167 = ORIENTED_EDGE ( 'NONE', *, *, #4807, .F. ) ;
#3168 = CARTESIAN_POINT ( 'NONE',  ( 200.0000000000001137, 120.0000000000000000, 340.0000000000000000 ) ) ;
#3169 = ORIENTED_EDGE ( 'NONE', *, *, #12295, .T. ) ;
#3170 = ORIENTED_EDGE ( 'NONE', *, *, #11872, .F. ) ;
#3171 = AXIS2_PLACEMENT_3D ( 'NONE', #6750, #915, #8539 ) ;
#3172 = DIRECTION ( 'NONE',  ( 0.000000000000000000, 1.000000000000000000, 0.000000000000000000 ) ) ;
#3173 = ORIENTED_EDGE ( 'NONE', *, *, #4848, .T. ) ;
#3174 = EDGE_CURVE ( 'NONE', #1916, #527, #1467, .T. ) ;
#3175 = LINE ( 'NONE', #3940, #144 ) ;
#3176 = VECTOR ( 'NONE', #6485, 1000.000000000000000 ) ;
#3177 = DIRECTION ( 'NONE',  ( 1.000000000000000000, 0.000000000000000000, 0.000000000000000000 ) ) ;
#3178 = CARTESIAN_POINT ( 'NONE',  ( -194.7814741380853718, 543.2552248556521590, 272.4008699865180461 ) ) ;
#3179 = LINE ( 'NONE', #3304, #10155 ) ;
#3180 = ORIENTED_EDGE ( 'NONE', *, *, #3056, .T. ) ;
#3181 = LINE ( 'NONE', #5917, #8681 ) ;
#3182 = VECTOR ( 'NONE', #5786, 1000.000000000000000 ) ;
#3183 = VERTEX_POINT ( 'NONE', #4384 ) ;
#3184 = EDGE_CURVE ( 'NONE', #12096, #637, #319, .T. ) ;
#3185 = VERTEX_POINT ( 'NONE', #2621 ) ;
#3186 = VECTOR ( 'NONE', #828, 1000.000000000000000 ) ;
#3187 = CARTESIAN_POINT ( 'NONE',  ( -191.8873057370085178, 120.0000000000000000, 351.4274360680451537 ) ) ;
#3188 = CARTESIAN_POINT ( 'NONE',  ( 40.29629931216064875, 365.0000000000000000, 363.3737440440419846 ) ) ;
#3189 = ORIENTED_EDGE ( 'NONE', *, *, #1710, .F. ) ;
#3190 = CARTESIAN_POINT ( 'NONE',  ( 84.00168052530510465, 365.0000000000000000, 363.3737440440420414 ) ) ;
#3191 = CARTESIAN_POINT ( 'NONE',  ( 195.4006509696754676, 539.1499999999995225, 263.5428205895141787 ) ) ;
#3192 = DIRECTION ( 'NONE',  ( 1.652860970744799300E-16, -1.000000000000000000, 1.199004327162452205E-16 ) ) ;
#3193 = ORIENTED_EDGE ( 'NONE', *, *, #6, .F. ) ;
#3194 = FACE_OUTER_BOUND ( 'NONE', #5974, .T. ) ;
#3195 = VECTOR ( 'NONE', #1120, 999.9999999999998863 ) ;
#3196 = AXIS2_PLACEMENT_3D ( 'NONE', #91, #1113, #3964 ) ;
#3197 = DIRECTION ( 'NONE',  ( -0.6193384587389361151, 0.000000000000000000, -0.7851241134539678201 ) ) ;
#3198 = ORIENTED_EDGE ( 'NONE', *, *, #3305, .T. ) ;
#3199 = DIRECTION ( 'NONE',  ( 0.000000000000000000, 0.000000000000000000, 1.000000000000000000 ) ) ;
#3200 = EDGE_CURVE ( 'NONE', #5359, #2642, #5651, .T. ) ;
#3201 = VERTEX_POINT ( 'NONE', #12247 ) ;
#3202 = EDGE_CURVE ( 'NONE', #9260, #5810, #2678, .T. ) ;
#3203 = ADVANCED_FACE ( 'NONE', ( #702 ), #8518, .T. ) ;
#3204 = DIRECTION ( 'NONE',  ( 0.000000000000000000, -1.000000000000000000, 0.000000000000000000 ) ) ;
#3205 = ORIENTED_EDGE ( 'NONE', *, *, #1753, .T. ) ;
#3206 = DIRECTION ( 'NONE',  ( 0.000000000000000000, 0.000000000000000000, -1.000000000000000000 ) ) ;
#3207 = DIRECTION ( 'NONE',  ( 0.000000000000000000, 0.000000000000000000, -1.000000000000000000 ) ) ;
#3208 = B_SPLINE_CURVE_WITH_KNOTS ( 'NONE', 3,
 ( #7779, #7722, #11649, #11768, #10630, #2893, #2003, #4976, #10695 ),
 .UNSPECIFIED., .F., .F.,
 ( 4, 1, 1, 1, 1, 1, 4 ),
 ( 0.000000000000000000, 0.3379696782455110515, 0.4487228954520141588, 0.5909767064725621744, 0.7306446846395591166, 0.8628874232632779417, 1.000000000000000000 ),
 .UNSPECIFIED. ) ;
#3209 = CARTESIAN_POINT ( 'NONE',  ( -138.6532530255041422, 340.0000000000000568, 300.6102691009217551 ) ) ;
#3210 = LINE ( 'NONE', #551, #5997 ) ;
#3211 = EDGE_LOOP ( 'NONE', ( #2123, #9007, #5194, #1903 ) ) ;
#3212 = CARTESIAN_POINT ( 'NONE',  ( -70.18354552143789249, 120.0000000000000000, 384.8487875627029098 ) ) ;
#3213 = ORIENTED_EDGE ( 'NONE', *, *, #6935, .T. ) ;
#3214 = ORIENTED_EDGE ( 'NONE', *, *, #10229, .F. ) ;
#3215 = CYLINDRICAL_SURFACE ( 'NONE', #7331, 8.687236565862122006 ) ;
#3216 = FACE_OUTER_BOUND ( 'NONE', #11767, .T. ) ;
#3217 = DIRECTION ( 'NONE',  ( -0.000000000000000000, 1.000000000000000000, -0.000000000000000000 ) ) ;
#3218 = CARTESIAN_POINT ( 'NONE',  ( -73.04314379576342731, 378.1289471200154821, 379.3871759692509045 ) ) ;
#3219 = DIRECTION ( 'NONE',  ( -0.6193384587389308971, 0.000000000000000000, 0.7851241134539720390 ) ) ;
#3220 = ORIENTED_EDGE ( 'NONE', *, *, #5929, .T. ) ;
#3221 = DIRECTION ( 'NONE',  ( 0.000000000000000000, 1.000000000000000000, -0.000000000000000000 ) ) ;
#3222 = EDGE_CURVE ( 'NONE', #12380, #4490, #9266, .T. ) ;
#3223 = LINE ( 'NONE', #9063, #1486 ) ;
#3224 = DIRECTION ( 'NONE',  ( -0.000000000000000000, 1.000000000000000000, -0.000000000000000000 ) ) ;
#3225 = AXIS2_PLACEMENT_3D ( 'NONE', #11417, #2725, #1639 ) ;
#3226 = DIRECTION ( 'NONE',  ( 0.000000000000000000, 0.000000000000000000, -1.000000000000000000 ) ) ;
#3227 = ORIENTED_EDGE ( 'NONE', *, *, #4219, .F. ) ;
#3228 = EDGE_CURVE ( 'NONE', #10835, #12456, #11307, .T. ) ;
#3229 = ORIENTED_EDGE ( 'NONE', *, *, #944, .T. ) ;
#3230 = ORIENTED_EDGE ( 'NONE', *, *, #4317, .T. ) ;
#3231 = FACE_BOUND ( 'NONE', #10624, .T. ) ;
#3232 = ORIENTED_EDGE ( 'NONE', *, *, #5156, .F. ) ;
#3233 = ORIENTED_EDGE ( 'NONE', *, *, #9577, .F. ) ;
#3234 = DIRECTION ( 'NONE',  ( 0.000000000000000000, -0.08715574274765820750, 0.9961946980917455452 ) ) ;
#3235 = DIRECTION ( 'NONE',  ( -0.08682659386424763925, 0.9924325091389670783, -0.08682659386424763925 ) ) ;
#3236 = ORIENTED_EDGE ( 'NONE', *, *, #6931, .T. ) ;
#3237 = CARTESIAN_POINT ( 'NONE',  ( -209.2892535432759757, 542.9533337015637926, 283.2113365571952386 ) ) ;
#3238 = DIRECTION ( 'NONE',  ( 0.000000000000000000, 1.000000000000000000, 0.000000000000000000 ) ) ;
#3239 = AXIS2_PLACEMENT_3D ( 'NONE', #238, #8997, #7162 ) ;
#3240 = CARTESIAN_POINT ( 'NONE',  ( -190.2995783444518736, 545.1499999999996362, 278.0824878675300056 ) ) ;
#3241 = CARTESIAN_POINT ( 'NONE',  ( -199.3624224227659454, 547.0643364084063478, 258.5205548866393883 ) ) ;
#3242 = EDGE_LOOP ( 'NONE', ( #3687, #1967 ) ) ;
#3243 = DIRECTION ( 'NONE',  ( 0.000000000000000000, 0.000000000000000000, 1.000000000000000000 ) ) ;
#3244 = VERTEX_POINT ( 'NONE', #4566 ) ;
#3245 = EDGE_CURVE ( 'NONE', #5522, #8767, #6602, .T. ) ;
#3246 = EDGE_CURVE ( 'NONE', #10492, #11881, #1784, .T. ) ;
#3247 =( BOUNDED_CURVE ( )  B_SPLINE_CURVE ( 3, ( #6114, #1300, #8975, #7140 ),
 .UNSPECIFIED., .F., .F. ) 
 B_SPLINE_CURVE_WITH_KNOTS ( ( 4, 4 ),
 ( 4.712388980384689674, 6.283185307179586232 ),
 .UNSPECIFIED. ) 
 CURVE ( )  GEOMETRIC_REPRESENTATION_ITEM ( )  RATIONAL_B_SPLINE_CURVE ( ( 1.000000000000000000, 0.8047378541243649375, 0.8047378541243649375, 1.000000000000000000 ) ) 
 REPRESENTATION_ITEM ( '' )  );
#3248 = EDGE_LOOP ( 'NONE', ( #1962, #1367, #3786, #10187, #2851, #4253, #9091, #10548, #485, #5416, #9040, #10944, #10128, #2301, #923, #2668, #6408, #4286, #2860, #11363, #9152, #5552 ) ) ;
#3249 = FACE_OUTER_BOUND ( 'NONE', #524, .T. ) ;
#3250 = CARTESIAN_POINT ( 'NONE',  ( -179.2292455044325266, 340.0000000000000568, 268.0645730766885322 ) ) ;
#3251 = ORIENTED_EDGE ( 'NONE', *, *, #5945, .F. ) ;
#3252 = CARTESIAN_POINT ( 'NONE',  ( -59.26671879462830361, 349.9999999999998863, 367.2715862585908440 ) ) ;
#3253 = DIRECTION ( 'NONE',  ( 1.000000000000000000, 0.000000000000000000, -0.000000000000000000 ) ) ;
#3254 = ORIENTED_EDGE ( 'NONE', *, *, #10383, .T. ) ;
#3255 = EDGE_CURVE ( 'NONE', #2383, #5262, #8433, .T. ) ;
#3256 = ADVANCED_FACE ( 'NONE', ( #7560 ), #9458, .T. ) ;
#3257 = DIRECTION ( 'NONE',  ( -0.7625037589850115483, -0.2383113124287892792, 0.6014945850979835917 ) ) ;
#3258 = AXIS2_PLACEMENT_3D ( 'NONE', #4964, #4905, #3890 ) ;
#3259 = CARTESIAN_POINT ( 'NONE',  ( 200.0000000000001705, -585.1500000000002046, 0.000000000000000000 ) ) ;
#3260 = ORIENTED_EDGE ( 'NONE', *, *, #3905, .F. ) ;
#3261 = DIRECTION ( 'NONE',  ( -0.000000000000000000, -0.08715574274765820750, 0.9961946980917455452 ) ) ;
#3262 = VERTEX_POINT ( 'NONE', #11429 ) ;
#3263 = AXIS2_PLACEMENT_3D ( 'NONE', #7853, #11721, #10824 ) ;
#3264 = CARTESIAN_POINT ( 'NONE',  ( -185.3083443355145050, 370.0000000000001137, 266.1033846755267405 ) ) ;
#3265 = ORIENTED_EDGE ( 'NONE', *, *, #7384, .F. ) ;
#3266 = FACE_OUTER_BOUND ( 'NONE', #11745, .T. ) ;
#3267 = FACE_OUTER_BOUND ( 'NONE', #11717, .T. ) ;
#3268 = DIRECTION ( 'NONE',  ( -0.000000000000000000, -1.000000000000000000, -0.000000000000000000 ) ) ;
#3269 = CARTESIAN_POINT ( 'NONE',  ( -188.4763652879577478, 117.0000000000000000, 311.3514577545970496 ) ) ;
#3270 = ORIENTED_EDGE ( 'NONE', *, *, #3858, .F. ) ;
#3271 = FACE_OUTER_BOUND ( 'NONE', #11235, .T. ) ;
#3272 = VERTEX_POINT ( 'NONE', #3558 ) ;
#3273 = VERTEX_POINT ( 'NONE', #12437 ) ;
#3274 = CARTESIAN_POINT ( 'NONE',  ( 200.0000000000001705, -585.1500000000002046, 0.000000000000000000 ) ) ;
#3275 = DIRECTION ( 'NONE',  ( -0.000000000000000000, -1.000000000000000000, -0.000000000000000000 ) ) ;
#3276 = ADVANCED_FACE ( 'NONE', ( #3625 ), #6537, .T. ) ;
#3277 = CYLINDRICAL_SURFACE ( 'NONE', #8512, 1.463400710226769874 ) ;
#3278 = CARTESIAN_POINT ( 'NONE',  ( 111.3767717391520620, 442.6530411536430165, 392.5570525041796373 ) ) ;
#3279 = DIRECTION ( 'NONE',  ( 0.000000000000000000, -1.000000000000000000, 0.000000000000000000 ) ) ;
#3280 = ORIENTED_EDGE ( 'NONE', *, *, #6097, .F. ) ;
#3281 = FACE_OUTER_BOUND ( 'NONE', #2565, .T. ) ;
#3282 = EDGE_CURVE ( 'NONE', #11637, #131, #10412, .T. ) ;
#3283 = DIRECTION ( 'NONE',  ( 1.000000000000000000, -0.000000000000000000, -0.000000000000000000 ) ) ;
#3284 = CARTESIAN_POINT ( 'NONE',  ( -191.8873057370085178, 120.0000000000000000, 332.2694703950617168 ) ) ;
#3285 = DIRECTION ( 'NONE',  ( 0.000000000000000000, -0.9961946980917455452, -0.08715574274765820750 ) ) ;
#3286 = EDGE_CURVE ( 'NONE', #3555, #7035, #2486, .T. ) ;
#3287 = EDGE_CURVE ( 'NONE', #4441, #3653, #7368, .T. ) ;
#3288 = ORIENTED_EDGE ( 'NONE', *, *, #2989, .F. ) ;
#3289 = ORIENTED_EDGE ( 'NONE', *, *, #7652, .F. ) ;
#3290 = ORIENTED_EDGE ( 'NONE', *, *, #10817, .T. ) ;
#3291 = CARTESIAN_POINT ( 'NONE',  ( 111.4464948675896210, 120.0000000000000000, 368.5173196178369608 ) ) ;
#3292 = ORIENTED_EDGE ( 'NONE', *, *, #8627, .F. ) ;
#3293 = EDGE_CURVE ( 'NONE', #10983, #11323, #1523, .T. ) ;
#3294 = AXIS2_PLACEMENT_3D ( 'NONE', #1933, #1228, #10807 ) ;
#3295 = ORIENTED_EDGE ( 'NONE', *, *, #5157, .T. ) ;
#3296 = CARTESIAN_POINT ( 'NONE',  ( -188.4763652879577478, 117.0000000000000000, 277.5473304590434509 ) ) ;
#3297 = DIRECTION ( 'NONE',  ( 0.000000000000000000, -0.000000000000000000, 1.000000000000000000 ) ) ;
#3298 = ORIENTED_EDGE ( 'NONE', *, *, #8416, .T. ) ;
#3299 = CIRCLE ( 'NONE', #1082, 4.476537341592923269 ) ;
#3300 = DIRECTION ( 'NONE',  ( 0.000000000000000000, -0.000000000000000000, -1.000000000000000000 ) ) ;
#3301 = B_SPLINE_CURVE_WITH_KNOTS ( 'NONE', 3,
 ( #5169, #4339, #6175, #1365 ),
 .UNSPECIFIED., .F., .F.,
 ( 4, 4 ),
 ( 0.9402502195692301612, 1.000000000000000000 ),
 .UNSPECIFIED. ) ;
#3302 = DIRECTION ( 'NONE',  ( -0.6193384587389318963, 0.000000000000000000, -0.7851241134539712618 ) ) ;
#3303 = CARTESIAN_POINT ( 'NONE',  ( -195.6172837229785841, 542.3527304326954663, 271.3413293587780686 ) ) ;
#3304 = CARTESIAN_POINT ( 'NONE',  ( 174.9943130982814523, 117.0000000000000000, 369.2830108560941653 ) ) ;
#3305 = EDGE_CURVE ( 'NONE', #563, #1680, #9236, .T. ) ;
#3306 = ORIENTED_EDGE ( 'NONE', *, *, #6275, .T. ) ;
#3307 = CYLINDRICAL_SURFACE ( 'NONE', #981, 2.000000000000020428 ) ;
#3308 = ORIENTED_EDGE ( 'NONE', *, *, #3355, .T. ) ;
#3309 = AXIS2_PLACEMENT_3D ( 'NONE', #12034, #288, #4158 ) ;
#3310 = EDGE_CURVE ( 'NONE', #12350, #12056, #10044, .T. ) ;
#3311 = ORIENTED_EDGE ( 'NONE', *, *, #9556, .F. ) ;
#3312 = CARTESIAN_POINT ( 'NONE',  ( 0.000000000000000000, 666.0000000000001137, 351.4274360680452105 ) ) ;
#3313 = CARTESIAN_POINT ( 'NONE',  ( -39.47285318341118909, 365.0000000000000000, 376.2461525360348560 ) ) ;
#3314 = VERTEX_POINT ( 'NONE', #5462 ) ;
#3315 = CARTESIAN_POINT ( 'NONE',  ( -149.6759378812392924, 501.0359390972631672, 339.8469053554869674 ) ) ;
#3316 = DIRECTION ( 'NONE',  ( 0.000000000000000000, 0.000000000000000000, 1.000000000000000000 ) ) ;
#3317 = ORIENTED_EDGE ( 'NONE', *, *, #4459, .F. ) ;
#3318 = AXIS2_PLACEMENT_3D ( 'NONE', #8735, #4671, #870 ) ;
#3319 = ADVANCED_FACE ( 'NONE', ( #11496 ), #4044, .T. ) ;
#3320 = CARTESIAN_POINT ( 'NONE',  ( -162.0196774713020602, 500.8166844330152117, 324.1121025183072106 ) ) ;
#3321 = FACE_OUTER_BOUND ( 'NONE', #6987, .T. ) ;
#3322 = EDGE_LOOP ( 'NONE', ( #3845, #9328, #3512, #2794 ) ) ;
#3323 = ORIENTED_EDGE ( 'NONE', *, *, #11906, .T. ) ;
#3324 = DIRECTION ( 'NONE',  ( -0.6193384587389321183, 0.000000000000000000, -0.7851241134539710398 ) ) ;
#3325 = ORIENTED_EDGE ( 'NONE', *, *, #7514, .F. ) ;
#3326 = VECTOR ( 'NONE', #75, 1000.000000000000000 ) ;
#3327 = CARTESIAN_POINT ( 'NONE',  ( -204.2178734929557891, 120.0000000000000000, 335.2988140189477235 ) ) ;
#3328 = ORIENTED_EDGE ( 'NONE', *, *, #8077, .T. ) ;
#3329 = DIRECTION ( 'NONE',  ( 0.08715574274765820750, 0.9961946980917455452, 0.000000000000000000 ) ) ;
#3330 = VECTOR ( 'NONE', #12442, 1000.000000000000000 ) ;
#3331 = DIRECTION ( 'NONE',  ( -0.7557367699063592958, 0.000000000000000000, -0.6548755107739963055 ) ) ;
#3332 = EDGE_CURVE ( 'NONE', #12428, #5371, #9848, .T. ) ;
#3333 = DIRECTION ( 'NONE',  ( 0.000000000000000000, -1.000000000000000000, 0.000000000000000000 ) ) ;
#3334 = CARTESIAN_POINT ( 'NONE',  ( 239.5067046637812211, 315.0000000000000568, 239.5067046636848431 ) ) ;
#3335 = ORIENTED_EDGE ( 'NONE', *, *, #7327, .F. ) ;
#3336 = FACE_OUTER_BOUND ( 'NONE', #9342, .T. ) ;
#3337 = AXIS2_PLACEMENT_3D ( 'NONE', #7764, #5729, #8719 ) ;
#3338 = EDGE_LOOP ( 'NONE', ( #1582, #6981, #12376, #8413 ) ) ;
#3339 = CARTESIAN_POINT ( 'NONE',  ( -50.51394905014938530, 370.0000000000000000, 366.3296056465372885 ) ) ;
#3340 = VECTOR ( 'NONE', #9335, 1000.000000000000000 ) ;
#3341 = EDGE_LOOP ( 'NONE', ( #4579, #11113 ) ) ;
#3342 = LINE ( 'NONE', #3274, #7124 ) ;
#3343 = CARTESIAN_POINT ( 'NONE',  ( 0.000000000000000000, 385.0000000000000000, 379.9883152027368283 ) ) ;
#3344 = CARTESIAN_POINT ( 'NONE',  ( -169.4546960698947373, 370.0000000000001137, 272.4196196219393755 ) ) ;
#3345 = CARTESIAN_POINT ( 'NONE',  ( -185.7024822690795816, 550.1499999999997499, 275.8370128776636534 ) ) ;
#3346 = VECTOR ( 'NONE', #497, 1000.000000000000000 ) ;
#3347 = CARTESIAN_POINT ( 'NONE',  ( 0.000000000000000000, 355.0000000000000000, 365.6679359893877290 ) ) ;
#3348 = ORIENTED_EDGE ( 'NONE', *, *, #9016, .T. ) ;
#3349 = CARTESIAN_POINT ( 'NONE',  ( -171.6157891360268195, 117.0000000000000000, 290.9472914527384546 ) ) ;
#3350 = CYLINDRICAL_SURFACE ( 'NONE', #8982, 10.00000000000000888 ) ;
#3351 = VECTOR ( 'NONE', #8057, 1000.000000000000000 ) ;
#3352 = DIRECTION ( 'NONE',  ( -0.2169533769616824592, 0.9758204948378663701, 0.02656302089943446756 ) ) ;
#3353 = FACE_OUTER_BOUND ( 'NONE', #7769, .T. ) ;
#3354 = AXIS2_PLACEMENT_3D ( 'NONE', #9381, #690, #8439 ) ;
#3355 = EDGE_CURVE ( 'NONE', #10354, #5461, #5890, .T. ) ;
#3356 = EDGE_LOOP ( 'NONE', ( #8285, #3939, #6621, #11700 ) ) ;
#3357 = EDGE_LOOP ( 'NONE', ( #3358, #10104 ) ) ;
#3358 = ORIENTED_EDGE ( 'NONE', *, *, #4454, .T. ) ;
#3359 = CARTESIAN_POINT ( 'NONE',  ( 87.75731284390617759, 385.1539588257066953, 363.6028905178080208 ) ) ;
#3360 = ORIENTED_EDGE ( 'NONE', *, *, #8153, .T. ) ;
#3361 = EDGE_CURVE ( 'NONE', #10177, #11021, #11733, .T. ) ;
#3362 = VECTOR ( 'NONE', #8228, 1000.000000000000000 ) ;
#3363 = EDGE_LOOP ( 'NONE', ( #11684, #5682, #2573, #3458, #10718, #11557 ) ) ;
#3364 = AXIS2_PLACEMENT_3D ( 'NONE', #9184, #492, #10082 ) ;
#3365 = ADVANCED_FACE ( 'NONE', ( #4759 ), #9770, .F. ) ;
#3366 = CARTESIAN_POINT ( 'NONE',  ( -143.7660069451176525, 120.0000000000000000, 368.2120121559648851 ) ) ;
#3367 = CARTESIAN_POINT ( 'NONE',  ( -191.8873057370085178, 117.0000000000000000, 311.3514577545970496 ) ) ;
#3368 = ORIENTED_EDGE ( 'NONE', *, *, #9516, .F. ) ;
#3369 = VECTOR ( 'NONE', #8925, 1000.000000000000000 ) ;
#3370 = CARTESIAN_POINT ( 'NONE',  ( 174.9943130982814523, 117.0000000000000000, 369.2830108560941653 ) ) ;
#3371 = EDGE_CURVE ( 'NONE', #8204, #11225, #729, .T. ) ;
#3372 = DIRECTION ( 'NONE',  ( 0.000000000000000000, -1.000000000000000000, 0.000000000000000000 ) ) ;
#3373 = DIRECTION ( 'NONE',  ( -1.000000000000000000, 0.000000000000000000, 0.000000000000000000 ) ) ;
#3374 = VERTEX_POINT ( 'NONE', #9646 ) ;
#3375 = FACE_BOUND ( 'NONE', #4004, .T. ) ;
#3376 = EDGE_LOOP ( 'NONE', ( #6568, #12195, #11126, #2489, #6055 ) ) ;
#3377 = AXIS2_PLACEMENT_3D ( 'NONE', #2657, #5624, #11410 ) ;
#3378 = EDGE_LOOP ( 'NONE', ( #2389, #2741, #11073, #5679, #3999 ) ) ;
#3379 = LINE ( 'NONE', #5350, #4267 ) ;
#3380 = DIRECTION ( 'NONE',  ( -0.6193384587389330065, 0.000000000000000000, -0.7851241134539704847 ) ) ;
#3381 = AXIS2_PLACEMENT_3D ( 'NONE', #11184, #9401, #3501 ) ;
#3382 = EDGE_LOOP ( 'NONE', ( #9575, #4401 ) ) ;
#3383 = DIRECTION ( 'NONE',  ( -1.000000000000000000, 0.000000000000000000, 0.000000000000000000 ) ) ;
#3384 = FACE_OUTER_BOUND ( 'NONE', #11023, .T. ) ;
#3385 = ORIENTED_EDGE ( 'NONE', *, *, #5064, .T. ) ;
#3386 = ADVANCED_FACE ( 'NONE', ( #4939 ), #113, .F. ) ;
#3387 = LINE ( 'NONE', #8914, #2527 ) ;
#3388 = EDGE_CURVE ( 'NONE', #10991, #9029, #11874, .T. ) ;
#3389 = AXIS2_PLACEMENT_3D ( 'NONE', #12085, #6239, #10317 ) ;
#3390 = VECTOR ( 'NONE', #9143, 1000.000000000000114 ) ;
#3391 = LINE ( 'NONE', #8218, #2402 ) ;
#3392 = EDGE_CURVE ( 'NONE', #3753, #7114, #7625, .T. ) ;
#3393 = EDGE_LOOP ( 'NONE', ( #5728, #11276, #9290, #5583 ) ) ;
#3394 = VECTOR ( 'NONE', #6961, 1000.000000000000227 ) ;
#3395 = ORIENTED_EDGE ( 'NONE', *, *, #1662, .F. ) ;
#3396 = DIRECTION ( 'NONE',  ( 0.000000000000000000, 0.000000000000000000, 1.000000000000000000 ) ) ;
#3397 = ORIENTED_EDGE ( 'NONE', *, *, #11927, .F. ) ;
#3398 = CIRCLE ( 'NONE', #7667, 5.249904202499100947 ) ;
#3399 = CARTESIAN_POINT ( 'NONE',  ( -139.5011983711572157, 340.0000000000000568, 299.0691970056345212 ) ) ;
#3400 = AXIS2_PLACEMENT_3D ( 'NONE', #12147, #11193, #11061 ) ;
#3401 = ORIENTED_EDGE ( 'NONE', *, *, #6714, .T. ) ;
#3402 = LINE ( 'NONE', #7281, #2021 ) ;
#3403 = CARTESIAN_POINT ( 'NONE',  ( -154.9399066220875625, 370.0000000000001137, 281.4648045302496939 ) ) ;
#3404 = AXIS2_PLACEMENT_3D ( 'NONE', #10954, #8301, #1313 ) ;
#3405 = LINE ( 'NONE', #10893, #10217 ) ;
#3406 = CARTESIAN_POINT ( 'NONE',  ( 111.3767717391520620, 442.6530411536430165, 392.5570525041796373 ) ) ;
#3407 = ORIENTED_EDGE ( 'NONE', *, *, #412, .F. ) ;
#3408 = CARTESIAN_POINT ( 'NONE',  ( -185.8589810516729131, 500.0445392671189779, 295.9130630926656522 ) ) ;
#3409 = AXIS2_PLACEMENT_3D ( 'NONE', #7306, #5140, #8067 ) ;
#3410 = ORIENTED_EDGE ( 'NONE', *, *, #5227, .T. ) ;
#3411 = PLANE ( 'NONE',  #7942 ) ;
#3412 = ORIENTED_EDGE ( 'NONE', *, *, #11606, .F. ) ;
#3413 = EDGE_CURVE ( 'NONE', #8640, #11301, #9831, .T. ) ;
#3414 = EDGE_CURVE ( 'NONE', #3639, #11323, #6403, .T. ) ;
#3415 = DIRECTION ( 'NONE',  ( 1.000000000000000000, 0.000000000000000000, 0.000000000000000000 ) ) ;
#3416 = DIRECTION ( 'NONE',  ( 0.000000000000000000, -1.000000000000000000, 0.000000000000000000 ) ) ;
#3417 = DIRECTION ( 'NONE',  ( 0.000000000000000000, -1.000000000000000000, 0.000000000000000000 ) ) ;
#3418 = DIRECTION ( 'NONE',  ( -0.000000000000000000, 0.000000000000000000, 1.000000000000000000 ) ) ;
#3419 = ORIENTED_EDGE ( 'NONE', *, *, #8695, .F. ) ;
#3420 = FACE_OUTER_BOUND ( 'NONE', #11530, .T. ) ;
#3421 = FACE_OUTER_BOUND ( 'NONE', #1302, .T. ) ;
#3422 = CARTESIAN_POINT ( 'NONE',  ( 2.081899558550500674E-14, 570.1499999999997499, 175.7695561956705319 ) ) ;
#3423 = EDGE_CURVE ( 'NONE', #8595, #637, #6911, .T. ) ;
#3424 = ADVANCED_FACE ( 'NONE', ( #3920 ), #7689, .T. ) ;
#3425 = CARTESIAN_POINT ( 'NONE',  ( -195.5443506364432551, 554.6500890203740255, 302.9422028668143412 ) ) ;
#3426 = ORIENTED_EDGE ( 'NONE', *, *, #9882, .F. ) ;
#3427 = ORIENTED_EDGE ( 'NONE', *, *, #10833, .T. ) ;
#3428 = VERTEX_POINT ( 'NONE', #175 ) ;
#3429 = PLANE ( 'NONE',  #3409 ) ;
#3430 = EDGE_LOOP ( 'NONE', ( #3419, #7190, #11984, #5272 ) ) ;
#3431 = ORIENTED_EDGE ( 'NONE', *, *, #3293, .F. ) ;
#3432 = CARTESIAN_POINT ( 'NONE',  ( 87.93320427264484351, 387.1644070557969712, 378.1852868871910687 ) ) ;
#3433 = CIRCLE ( 'NONE', #6881, 60.00000000000000000 ) ;
#3434 = FACE_OUTER_BOUND ( 'NONE', #10420, .T. ) ;
#3435 = ORIENTED_EDGE ( 'NONE', *, *, #9940, .T. ) ;
#3436 = CARTESIAN_POINT ( 'NONE',  ( -59.26671879462830361, 383.0054035202313685, 379.8138106224483295 ) ) ;
#3437 = CARTESIAN_POINT ( 'NONE',  ( -154.9399066220875625, 340.0000000000000568, 281.4648045302496939 ) ) ;
#3438 = FACE_OUTER_BOUND ( 'NONE', #3378, .T. ) ;
#3439 = DIRECTION ( 'NONE',  ( 0.000000000000000000, -1.000000000000000000, 0.000000000000000000 ) ) ;
#3440 = EDGE_LOOP ( 'NONE', ( #5425, #8549, #3657, #7348 ) ) ;
#3441 = CIRCLE ( 'NONE', #8521, 1.689261981127287982 ) ;
#3442 = FACE_BOUND ( 'NONE', #9625, .T. ) ;
#3443 = ORIENTED_EDGE ( 'NONE', *, *, #9585, .F. ) ;
#3444 = ORIENTED_EDGE ( 'NONE', *, *, #7643, .T. ) ;
#3445 = DIRECTION ( 'NONE',  ( 0.000000000000000000, 1.000000000000000000, 0.000000000000000000 ) ) ;
#3446 = DIRECTION ( 'NONE',  ( -0.6193384587389303420, -8.595047711597716599E-16, 0.7851241134539725941 ) ) ;
#3447 = ORIENTED_EDGE ( 'NONE', *, *, #8482, .T. ) ;
#3448 = VECTOR ( 'NONE', #12378, 1000.000000000000000 ) ;
#3449 = FACE_OUTER_BOUND ( 'NONE', #4380, .T. ) ;
#3450 = DIRECTION ( 'NONE',  ( -0.000000000000000000, -0.000000000000000000, 1.000000000000000000 ) ) ;
#3451 = ORIENTED_EDGE ( 'NONE', *, *, #10000, .F. ) ;
#3452 = EDGE_CURVE ( 'NONE', #9391, #10319, #6787, .T. ) ;
#3453 = CARTESIAN_POINT ( 'NONE',  ( -102.8717205707465610, 117.0000000000000000, 380.2970430871539520 ) ) ;
#3454 = CARTESIAN_POINT ( 'NONE',  ( -42.48496570340520861, 117.0000000000000000, 368.8290452823252963 ) ) ;
#3455 = ADVANCED_FACE ( 'NONE', ( #3805 ), #1964, .F. ) ;
#3456 = EDGE_CURVE ( 'NONE', #7388, #3244, #8757, .T. ) ;
#3457 = ORIENTED_EDGE ( 'NONE', *, *, #6871, .F. ) ;
#3458 = ORIENTED_EDGE ( 'NONE', *, *, #9226, .F. ) ;
#3459 = DIRECTION ( 'NONE',  ( -1.217029536772293280E-16, 1.000000000000000000, -1.542806235626361924E-16 ) ) ;
#3460 = ORIENTED_EDGE ( 'NONE', *, *, #10277, .F. ) ;
#3461 = EDGE_CURVE ( 'NONE', #8610, #669, #2862, .T. ) ;
#3462 = DIRECTION ( 'NONE',  ( -0.000000000000000000, 1.000000000000000000, -0.000000000000000000 ) ) ;
#3463 = ORIENTED_EDGE ( 'NONE', *, *, #10437, .F. ) ;
#3464 = CARTESIAN_POINT ( 'NONE',  ( 199.9999999999999432, 540.1499999999996362, 257.7123093739638762 ) ) ;
#3465 = CIRCLE ( 'NONE', #8122, 1.705470224525384992 ) ;
#3466 = DIRECTION ( 'NONE',  ( 1.000000000000000000, -0.000000000000000000, -0.000000000000000000 ) ) ;
#3467 = DIRECTION ( 'NONE',  ( 0.000000000000000000, 0.000000000000000000, 1.000000000000000000 ) ) ;
#3468 = SPHERICAL_SURFACE ( 'NONE', #1961, 5.000000000000000000 ) ;
#3469 = CARTESIAN_POINT ( 'NONE',  ( -131.5879672915080505, 90.00000000000000000, 334.1202411419354803 ) ) ;
#3470 = VERTEX_POINT ( 'NONE', #10721 ) ;
#3471 = CARTESIAN_POINT ( 'NONE',  ( 177.4613137939525132, 519.5756804474156070, 293.3762922638869668 ) ) ;
#3472 = AXIS2_PLACEMENT_3D ( 'NONE', #11601, #9442, #1699 ) ;
#3473 = VECTOR ( 'NONE', #5470, 1000.000000000000000 ) ;
#3474 = ADVANCED_FACE ( 'NONE', ( #5128, #2145, #300 ), #1259, .F. ) ;
#3475 = ORIENTED_EDGE ( 'NONE', *, *, #9658, .T. ) ;
#3476 = CARTESIAN_POINT ( 'NONE',  ( -66.20020431027140262, 350.0000000000001137, 372.6876302304743263 ) ) ;
#3477 = FACE_OUTER_BOUND ( 'NONE', #6704, .T. ) ;
#3478 = DIRECTION ( 'NONE',  ( -0.000000000000000000, -0.8555234017384714118, -0.5177641442566626173 ) ) ;
#3479 = CYLINDRICAL_SURFACE ( 'NONE', #11274, 7.564999999999988844 ) ;
#3480 = VERTEX_POINT ( 'NONE', #9057 ) ;
#3481 = LINE ( 'NONE', #7357, #11051 ) ;
#3482 = CARTESIAN_POINT ( 'NONE',  ( -130.5203249716377911, 117.0000000000000000, 368.2120121559648851 ) ) ;
#3483 = DIRECTION ( 'NONE',  ( -0.000000000000000000, 0.000000000000000000, -1.000000000000000000 ) ) ;
#3484 = VECTOR ( 'NONE', #1634, 1000.000000000000114 ) ;
#3485 = EDGE_CURVE ( 'NONE', #12408, #10254, #738, .T. ) ;
#3486 = EDGE_CURVE ( 'NONE', #4075, #5595, #3155, .T. ) ;
#3487 = DIRECTION ( 'NONE',  ( 0.000000000000000000, 0.000000000000000000, -1.000000000000000000 ) ) ;
#3488 = ORIENTED_EDGE ( 'NONE', *, *, #3927, .F. ) ;
#3489 = ORIENTED_EDGE ( 'NONE', *, *, #7604, .F. ) ;
#3490 = ORIENTED_EDGE ( 'NONE', *, *, #7894, .T. ) ;
#3491 = LINE ( 'NONE', #6085, #7479 ) ;
#3492 = ORIENTED_EDGE ( 'NONE', *, *, #7863, .F. ) ;
#3493 = ORIENTED_EDGE ( 'NONE', *, *, #5826, .F. ) ;
#3494 = DIRECTION ( 'NONE',  ( 0.000000000000000000, 0.000000000000000000, 1.000000000000000000 ) ) ;
#3495 = DIRECTION ( 'NONE',  ( 0.000000000000000000, -0.000000000000000000, 1.000000000000000000 ) ) ;
#3496 = FACE_OUTER_BOUND ( 'NONE', #2330, .T. ) ;
#3497 = ORIENTED_EDGE ( 'NONE', *, *, #99, .F. ) ;
#3498 = FACE_OUTER_BOUND ( 'NONE', #5282, .T. ) ;
#3499 = LINE ( 'NONE', #11183, #1343 ) ;
#3500 = ADVANCED_FACE ( 'NONE', ( #4300 ), #9895, .F. ) ;
#3501 = DIRECTION ( 'NONE',  ( 0.000000000000000000, 0.000000000000000000, -1.000000000000000000 ) ) ;
#3502 = EDGE_CURVE ( 'NONE', #845, #5262, #1320, .T. ) ;
#3503 = DIRECTION ( 'NONE',  ( -1.000000000000000000, 0.000000000000000000, 0.000000000000000000 ) ) ;
#3504 = VERTEX_POINT ( 'NONE', #6070 ) ;
#3505 = PLANE ( 'NONE',  #9694 ) ;
#3506 = ORIENTED_EDGE ( 'NONE', *, *, #5984, .T. ) ;
#3507 = AXIS2_PLACEMENT_3D ( 'NONE', #7803, #8932, #5002 ) ;
#3508 = VERTEX_POINT ( 'NONE', #4169 ) ;
#3509 = B_SPLINE_CURVE_WITH_KNOTS ( 'NONE', 2,
 ( #6749, #10907, #2935 ),
 .UNSPECIFIED., .F., .F.,
 ( 3, 3 ),
 ( 0.7544855095315649018, 1.000000000000000000 ),
 .UNSPECIFIED. ) ;
#3510 = CARTESIAN_POINT ( 'NONE',  ( 0.000000000000000000, 365.0000000000000000, 378.2385419322183111 ) ) ;
#3511 = DIRECTION ( 'NONE',  ( 0.000000000000000000, 0.000000000000000000, 1.000000000000000000 ) ) ;
#3512 = ORIENTED_EDGE ( 'NONE', *, *, #2453, .T. ) ;
#3513 = PLANE ( 'NONE',  #4769 ) ;
#3514 = CARTESIAN_POINT ( 'NONE',  ( 199.9999999999999716, 540.1499999999996362, 380.0000000000000000 ) ) ;
#3515 = ORIENTED_EDGE ( 'NONE', *, *, #5725, .F. ) ;
#3516 = DIRECTION ( 'NONE',  ( 0.000000000000000000, -1.000000000000000000, 0.000000000000000000 ) ) ;
#3517 = VECTOR ( 'NONE', #8119, 1000.000000000000227 ) ;
#3518 = CARTESIAN_POINT ( 'NONE',  ( -132.3286688073715993, 355.0000000000001137, 343.4980266327372078 ) ) ;
#3519 = VERTEX_POINT ( 'NONE', #11794 ) ;
#3520 = ORIENTED_EDGE ( 'NONE', *, *, #7260, .F. ) ;
#3521 = CARTESIAN_POINT ( 'NONE',  ( -21.30323522931121261, 120.0000000000000000, 384.8487875627029098 ) ) ;
#3522 = ORIENTED_EDGE ( 'NONE', *, *, #10436, .F. ) ;
#3523 = ADVANCED_FACE ( 'NONE', ( #2405 ), #10147, .T. ) ;
#3524 = FACE_OUTER_BOUND ( 'NONE', #6864, .T. ) ;
#3525 = ORIENTED_EDGE ( 'NONE', *, *, #5768, .T. ) ;
#3526 = ADVANCED_FACE ( 'NONE', ( #3216 ), #8173, .F. ) ;
#3527 = CARTESIAN_POINT ( 'NONE',  ( 193.4679631336264265, 561.2762970619012322, 265.9928538507112989 ) ) ;
#3528 = CARTESIAN_POINT ( 'NONE',  ( 74.75501464662400508, 380.0582785066275164, 378.5521507562208967 ) ) ;
#3529 = CARTESIAN_POINT ( 'NONE',  ( -62.15928903933924943, 375.7797539217215785, 378.1778283584246765 ) ) ;
#3530 = DIRECTION ( 'NONE',  ( -0.7851241134539719280, -0.000000000000000000, -0.6193384587389308971 ) ) ;
#3531 = EDGE_CURVE ( 'NONE', #12392, #8832, #8111, .T. ) ;
#3532 = PLANE ( 'NONE',  #8685 ) ;
#3533 = ORIENTED_EDGE ( 'NONE', *, *, #4269, .T. ) ;
#3534 = DIRECTION ( 'NONE',  ( 0.000000000000000000, 1.000000000000000000, 0.000000000000000000 ) ) ;
#3535 = AXIS2_PLACEMENT_3D ( 'NONE', #9608, #9733, #76 ) ;
#3536 = ORIENTED_EDGE ( 'NONE', *, *, #10191, .T. ) ;
#3537 = CARTESIAN_POINT ( 'NONE',  ( -173.8375568172954218, 370.0000000000001137, 270.4181253755400576 ) ) ;
#3538 = LINE ( 'NONE', #10567, #8445 ) ;
#3539 = LINE ( 'NONE', #879, #1408 ) ;
#3540 = LINE ( 'NONE', #3670, #9450 ) ;
#3541 = VERTEX_POINT ( 'NONE', #7096 ) ;
#3542 = CARTESIAN_POINT ( 'NONE',  ( -148.0061200503008934, 117.0000000000000000, 351.4274360680451537 ) ) ;
#3543 = CARTESIAN_POINT ( 'NONE',  ( -66.20020431027140262, 385.0000000000000000, 385.9443499868726803 ) ) ;
#3544 = EDGE_CURVE ( 'NONE', #6630, #11260, #4106, .T. ) ;
#3545 = DIRECTION ( 'NONE',  ( 1.000000000000000000, 0.000000000000000000, 0.000000000000000000 ) ) ;
#3546 = AXIS2_PLACEMENT_3D ( 'NONE', #2879, #5133, #11858 ) ;
#3547 = CARTESIAN_POINT ( 'NONE',  ( -171.6157891360268195, 120.0000000000000000, 290.9472914527384546 ) ) ;
#3548 = ADVANCED_FACE ( 'NONE', ( #10959 ), #236, .F. ) ;
#3549 = VECTOR ( 'NONE', #9929, 1000.000000000000227 ) ;
#3550 = CARTESIAN_POINT ( 'NONE',  ( -196.9649888139964276, 553.4445361885933607, 252.0559015419506181 ) ) ;
#3551 = ADVANCED_FACE ( 'NONE', ( #6132 ), #11025, .F. ) ;
#3552 = ORIENTED_EDGE ( 'NONE', *, *, #3996, .T. ) ;
#3553 = VERTEX_POINT ( 'NONE', #7988 ) ;
#3554 = CARTESIAN_POINT ( 'NONE',  ( -174.9943130982813955, 117.0000000000000000, 367.1410134558357186 ) ) ;
#3555 = VERTEX_POINT ( 'NONE', #12042 ) ;
#3556 = VECTOR ( 'NONE', #11357, 1000.000000000000000 ) ;
#3557 = ORIENTED_EDGE ( 'NONE', *, *, #3599, .T. ) ;
#3558 = CARTESIAN_POINT ( 'NONE',  ( -59.26671879462830361, 352.9289321823192722, 381.4117675237163212 ) ) ;
#3559 = CARTESIAN_POINT ( 'NONE',  ( 131.8187301371596050, 90.00000000000000000, 335.1700527001625005 ) ) ;
#3560 = AXIS2_PLACEMENT_3D ( 'NONE', #6540, #898, #643 ) ;
#3561 = DIRECTION ( 'NONE',  ( -0.1871039578967057249, 0.9711888170528262254, 0.1475953609396981614 ) ) ;
#3562 = ORIENTED_EDGE ( 'NONE', *, *, #1595, .T. ) ;
#3563 = CARTESIAN_POINT ( 'NONE',  ( 171.6157891360268763, 120.0000000000000000, 352.8908367782720461 ) ) ;
#3564 = DIRECTION ( 'NONE',  ( 0.4278087401163122583, -0.9004297881148370930, -0.07877739876108601214 ) ) ;
#3565 = LINE ( 'NONE', #7444, #345 ) ;
#3566 = FACE_OUTER_BOUND ( 'NONE', #12141, .T. ) ;
#3567 = AXIS2_PLACEMENT_3D ( 'NONE', #1833, #4929, #5697 ) ;
#3568 = ORIENTED_EDGE ( 'NONE', *, *, #509, .F. ) ;
#3569 = CARTESIAN_POINT ( 'NONE',  ( 63.22710656346757219, 399.3922391005698955, 381.2474729667911220 ) ) ;
#3570 = ORIENTED_EDGE ( 'NONE', *, *, #9846, .T. ) ;
#3571 = VECTOR ( 'NONE', #5584, 1000.000000000000000 ) ;
#3572 = ORIENTED_EDGE ( 'NONE', *, *, #3032, .T. ) ;
#3573 = EDGE_CURVE ( 'NONE', #9009, #9097, #1388, .T. ) ;
#3574 = CIRCLE ( 'NONE', #5390, 0.9584030404425902816 ) ;
#3575 = ADVANCED_FACE ( 'NONE', ( #11094 ), #6966, .T. ) ;
#3576 = DIRECTION ( 'NONE',  ( -1.000000000000000000, -0.000000000000000000, -0.000000000000000000 ) ) ;
#3577 = LINE ( 'NONE', #11326, #2176 ) ;
#3578 = ORIENTED_EDGE ( 'NONE', *, *, #5277, .F. ) ;
#3579 = CYLINDRICAL_SURFACE ( 'NONE', #11252, 2.114999999999978009 ) ;
#3580 = DIRECTION ( 'NONE',  ( 0.000000000000000000, -1.000000000000000000, 0.000000000000000000 ) ) ;
#3581 = ORIENTED_EDGE ( 'NONE', *, *, #2051, .T. ) ;
#3582 = CARTESIAN_POINT ( 'NONE',  ( -211.2314683144112735, 540.4041339200767879, 281.7999744717409953 ) ) ;
#3583 = B_SPLINE_CURVE_WITH_KNOTS ( 'NONE', 3,
 ( #736, #8841, #8963, #5098, #3120, #6044 ),
 .UNSPECIFIED., .F., .F.,
 ( 4, 2, 4 ),
 ( 0.000000000000000000, 0.5000000000000000000, 1.000000000000000000 ),
 .UNSPECIFIED. ) ;
#3584 = DIRECTION ( 'NONE',  ( -0.000000000000000000, 1.000000000000000000, -0.000000000000000000 ) ) ;
#3585 = EDGE_CURVE ( 'NONE', #8668, #11246, #6192, .T. ) ;
#3586 = VECTOR ( 'NONE', #3545, 1000.000000000000000 ) ;
#3587 = ORIENTED_EDGE ( 'NONE', *, *, #4992, .F. ) ;
#3588 = EDGE_LOOP ( 'NONE', ( #4344, #9659, #11442, #10065 ) ) ;
#3589 = CARTESIAN_POINT ( 'NONE',  ( 85.99406992148860240, 365.0000000000000000, 365.3661334402255534 ) ) ;
#3590 = ORIENTED_EDGE ( 'NONE', *, *, #7327, .T. ) ;
#3591 = CARTESIAN_POINT ( 'NONE',  ( 174.9943130982815092, 117.0000000000000000, 290.9472914527386251 ) ) ;
#3592 = ORIENTED_EDGE ( 'NONE', *, *, #5064, .F. ) ;
#3593 = CARTESIAN_POINT ( 'NONE',  ( 194.3807982589058554, 545.1615067421149661, 264.8356693446632448 ) ) ;
#3594 = LINE ( 'NONE', #4540, #4785 ) ;
#3595 = VECTOR ( 'NONE', #5294, 1000.000000000000000 ) ;
#3596 = DIRECTION ( 'NONE',  ( 0.000000000000000000, 0.000000000000000000, -1.000000000000000000 ) ) ;
#3597 = DIRECTION ( 'NONE',  ( -0.6193384587389302309, 0.000000000000000000, 0.7851241134539725941 ) ) ;
#3598 = AXIS2_PLACEMENT_3D ( 'NONE', #4010, #11942, #4068 ) ;
#3599 = EDGE_CURVE ( 'NONE', #1484, #4017, #6703, .T. ) ;
#3600 = CARTESIAN_POINT ( 'NONE',  ( -139.9999999999998863, 120.0000000000000000, 339.9999999999999432 ) ) ;
#3601 = ORIENTED_EDGE ( 'NONE', *, *, #4821, .T. ) ;
#3602 = DIRECTION ( 'NONE',  ( 0.000000000000000000, 0.000000000000000000, 1.000000000000000000 ) ) ;
#3603 = ADVANCED_FACE ( 'NONE', ( #8670 ), #4550, .F. ) ;
#3604 = VECTOR ( 'NONE', #10738, 1000.000000000000000 ) ;
#3605 = EDGE_LOOP ( 'NONE', ( #10114, #5301, #1619, #1442 ) ) ;
#3606 = CARTESIAN_POINT ( 'NONE',  ( 208.4325417971146805, 551.7875650038473623, 287.8334401905619302 ) ) ;
#3607 = CIRCLE ( 'NONE', #1377, 8.687236565862122006 ) ;
#3608 = CARTESIAN_POINT ( 'NONE',  ( -248.5985330171027670, 443.4226777085931417, 196.1048318924143246 ) ) ;
#3609 = PLANE ( 'NONE',  #4649 ) ;
#3610 = CARTESIAN_POINT ( 'NONE',  ( -171.6157891360268195, 117.0000000000000000, 327.9680754845628599 ) ) ;
#3611 = ORIENTED_EDGE ( 'NONE', *, *, #7670, .T. ) ;
#3612 = CARTESIAN_POINT ( 'NONE',  ( 101.7259631302512020, 550.1499999999997499, 350.0000000000000000 ) ) ;
#3613 = CARTESIAN_POINT ( 'NONE',  ( -195.7024822690794110, 355.0000000000001137, 263.1601945342232511 ) ) ;
#3614 = DIRECTION ( 'NONE',  ( -0.000000000000000000, -1.000000000000000000, 0.000000000000000000 ) ) ;
#3615 = AXIS2_PLACEMENT_3D ( 'NONE', #11583, #2888, #6757 ) ;
#3616 = DIRECTION ( 'NONE',  ( 0.000000000000000000, 0.000000000000000000, 1.000000000000000000 ) ) ;
#3617 = VECTOR ( 'NONE', #9757, 1000.000000000000114 ) ;
#3618 = CIRCLE ( 'NONE', #10706, 0.9584030404425902816 ) ;
#3619 = FACE_OUTER_BOUND ( 'NONE', #12406, .T. ) ;
#3620 = VERTEX_POINT ( 'NONE', #9316 ) ;
#3621 = CARTESIAN_POINT ( 'NONE',  ( -111.3767717391519767, 377.5518242583233359, 359.0020664014754743 ) ) ;
#3622 = EDGE_LOOP ( 'NONE', ( #11201, #4527, #8661, #1547 ) ) ;
#3623 = VECTOR ( 'NONE', #5017, 1000.000000000000000 ) ;
#3624 = ORIENTED_EDGE ( 'NONE', *, *, #4891, .T. ) ;
#3625 = FACE_OUTER_BOUND ( 'NONE', #460, .T. ) ;
#3626 = EDGE_CURVE ( 'NONE', #5750, #408, #9246, .T. ) ;
#3627 = DIRECTION ( 'NONE',  ( 0.000000000000000000, 0.000000000000000000, 1.000000000000000000 ) ) ;
#3628 = DIRECTION ( 'NONE',  ( -0.7071067811866901254, 0.000000000000000000, -0.7071067811864050201 ) ) ;
#3629 = VERTEX_POINT ( 'NONE', #9615 ) ;
#3630 = LINE ( 'NONE', #1850, #3330 ) ;
#3631 = CARTESIAN_POINT ( 'NONE',  ( -62.15928903933924943, 375.6925981789739240, 379.1740230565164325 ) ) ;
#3632 = DIRECTION ( 'NONE',  ( -0.6193384587389315632, 0.000000000000000000, -0.7851241134539715949 ) ) ;
#3633 = EDGE_CURVE ( 'NONE', #3519, #6978, #12231, .T. ) ;
#3634 = LINE ( 'NONE', #2687, #9961 ) ;
#3635 = VERTEX_POINT ( 'NONE', #7353 ) ;
#3636 = CARTESIAN_POINT ( 'NONE',  ( 151.4464823707511414, 550.1499999999997499, 367.7015027181651021 ) ) ;
#3637 = ORIENTED_EDGE ( 'NONE', *, *, #11756, .F. ) ;
#3638 = CIRCLE ( 'NONE', #11740, 1.211688060526509902 ) ;
#3639 = VERTEX_POINT ( 'NONE', #8242 ) ;
#3640 = CARTESIAN_POINT ( 'NONE',  ( 195.7024822690793826, 546.0078643762686852, 263.1601945342232511 ) ) ;
#3641 = CARTESIAN_POINT ( 'NONE',  ( 130.5203249716378480, 120.0000000000000000, 371.8620121559649760 ) ) ;
#3642 = ORIENTED_EDGE ( 'NONE', *, *, #2909, .F. ) ;
#3643 = CARTESIAN_POINT ( 'NONE',  ( 0.000000000000000000, 365.0000000000000000, 0.000000000000000000 ) ) ;
#3644 = CARTESIAN_POINT ( 'NONE',  ( 85.51327925558946674, 382.2776525479377483, 361.8621453137576509 ) ) ;
#3645 = EDGE_LOOP ( 'NONE', ( #3965, #4091, #7727, #10917 ) ) ;
#3646 = CARTESIAN_POINT ( 'NONE',  ( -188.7416663421355167, 370.0000000000001137, 264.9967481272447571 ) ) ;
#3647 = CIRCLE ( 'NONE', #5266, 1.689261981127287982 ) ;
#3648 = B_SPLINE_CURVE_WITH_KNOTS ( 'NONE', 2,
 ( #12206, #10116, #10995 ),
 .UNSPECIFIED., .F., .F.,
 ( 3, 3 ),
 ( 0.000000000000000000, 0.2617028656705520095 ),
 .UNSPECIFIED. ) ;
#3649 = ADVANCED_FACE ( 'NONE', ( #3477 ), #4492, .T. ) ;
#3650 = FACE_OUTER_BOUND ( 'NONE', #10311, .T. ) ;
#3651 = EDGE_CURVE ( 'NONE', #3918, #12, #3538, .T. ) ;
#3652 = ORIENTED_EDGE ( 'NONE', *, *, #6545, .T. ) ;
#3653 = VERTEX_POINT ( 'NONE', #6326 ) ;
#3654 = PLANE ( 'NONE',  #4415 ) ;
#3655 = ORIENTED_EDGE ( 'NONE', *, *, #8514, .T. ) ;
#3656 = DIRECTION ( 'NONE',  ( -0.7851241134539721500, -0.000000000000000000, -0.6193384587389308971 ) ) ;
#3657 = ORIENTED_EDGE ( 'NONE', *, *, #7604, .T. ) ;
#3658 = EDGE_CURVE ( 'NONE', #6090, #7816, #8309, .T. ) ;
#3659 = CARTESIAN_POINT ( 'NONE',  ( 183.2945361897728844, 567.1149888135075798, 257.8324963616293530 ) ) ;
#3660 = FACE_OUTER_BOUND ( 'NONE', #1477, .T. ) ;
#3661 = LINE ( 'NONE', #1692, #693 ) ;
#3662 = PLANE ( 'NONE',  #5608 ) ;
#3663 = CARTESIAN_POINT ( 'NONE',  ( -183.3631709588175625, 352.5000000000000000, 314.5935898537258595 ) ) ;
#3664 = ORIENTED_EDGE ( 'NONE', *, *, #3129, .T. ) ;
#3665 = LINE ( 'NONE', #1826, #4084 ) ;
#3666 = EDGE_LOOP ( 'NONE', ( #2327, #3102, #5364, #7270, #7525, #7693, #2639, #11217 ) ) ;
#3667 = AXIS2_PLACEMENT_3D ( 'NONE', #6037, #4131, #8013 ) ;
#3668 = DIRECTION ( 'NONE',  ( -0.6193384587389288987, 0.000000000000000000, -0.7851241134539735933 ) ) ;
#3669 = PLANE ( 'NONE',  #3225 ) ;
#3670 = CARTESIAN_POINT ( 'NONE',  ( -93.78460124417161126, 454.0461804845681968, 405.2965743149519540 ) ) ;
#3671 = ORIENTED_EDGE ( 'NONE', *, *, #2296, .F. ) ;
#3672 = CARTESIAN_POINT ( 'NONE',  ( -66.20020431027140262, 354.9999999999999432, 355.6679359893877290 ) ) ;
#3673 = CARTESIAN_POINT ( 'NONE',  ( 66.12448390330172288, 345.0000000000000000, 365.6679359893877290 ) ) ;
#3674 = PLANE ( 'NONE',  #9454 ) ;
#3675 = LINE ( 'NONE', #11551, #976 ) ;
#3676 = VECTOR ( 'NONE', #2940, 1000.000000000000000 ) ;
#3677 = CARTESIAN_POINT ( 'NONE',  ( -154.9399066829177798, 370.0000000000000000, 281.4648044825831334 ) ) ;
#3678 = CARTESIAN_POINT ( 'NONE',  ( 165.4611163655635551, 501.6802010741481013, 304.7258768060014518 ) ) ;
#3679 = VERTEX_POINT ( 'NONE', #9681 ) ;
#3680 = EDGE_CURVE ( 'NONE', #12335, #7634, #6761, .T. ) ;
#3681 = ORIENTED_EDGE ( 'NONE', *, *, #6111, .T. ) ;
#3682 = DIRECTION ( 'NONE',  ( 0.000000000000000000, -1.000000000000000000, 0.000000000000000000 ) ) ;
#3683 = ADVANCED_FACE ( 'NONE', ( #1934 ), #9377, .T. ) ;
#3684 = CARTESIAN_POINT ( 'NONE',  ( 111.3767717391520620, 447.6530411536430165, 351.4274360680452105 ) ) ;
#3685 = CARTESIAN_POINT ( 'NONE',  ( -154.9399074808346484, 370.0000000000001137, 281.4648038573122903 ) ) ;
#3686 = VECTOR ( 'NONE', #10523, 1000.000000000000000 ) ;
#3687 = ORIENTED_EDGE ( 'NONE', *, *, #9711, .F. ) ;
#3688 = EDGE_CURVE ( 'NONE', #941, #8101, #4005, .T. ) ;
#3689 = EDGE_CURVE ( 'NONE', #2112, #5691, #7418, .T. ) ;
#3690 = FACE_OUTER_BOUND ( 'NONE', #3000, .T. ) ;
#3691 = CARTESIAN_POINT ( 'NONE',  ( -195.7024822690796668, 489.0205802199568552, 263.1601945342234217 ) ) ;
#3692 = CARTESIAN_POINT ( 'NONE',  ( -174.9943130982813955, 117.0000000000000000, 290.9472914527384546 ) ) ;
#3693 = CARTESIAN_POINT ( 'NONE',  ( -153.2987821259122541, 357.5000000000000000, 297.0904220739075186 ) ) ;
#3694 = EDGE_CURVE ( 'NONE', #9768, #10880, #11291, .T. ) ;
#3695 = EDGE_LOOP ( 'NONE', ( #3761, #2525, #2756, #3180 ) ) ;
#3696 = FACE_OUTER_BOUND ( 'NONE', #3211, .T. ) ;
#3697 = ORIENTED_EDGE ( 'NONE', *, *, #9105, .F. ) ;
#3698 = ORIENTED_EDGE ( 'NONE', *, *, #187, .F. ) ;
#3699 = ORIENTED_EDGE ( 'NONE', *, *, #8704, .F. ) ;
#3700 = CYLINDRICAL_SURFACE ( 'NONE', #1438, 0.7656912382571490205 ) ;
#3701 = DIRECTION ( 'NONE',  ( 0.000000000000000000, 1.000000000000000000, 0.000000000000000000 ) ) ;
#3702 = ORIENTED_EDGE ( 'NONE', *, *, #12531, .F. ) ;
#3703 = FACE_BOUND ( 'NONE', #5242, .T. ) ;
#3704 = DIRECTION ( 'NONE',  ( 0.000000000000000000, 0.000000000000000000, 1.000000000000000000 ) ) ;
#3705 = ORIENTED_EDGE ( 'NONE', *, *, #9886, .T. ) ;
#3706 = DIRECTION ( 'NONE',  ( -0.000000000000000000, -1.000000000000000000, 0.000000000000000000 ) ) ;
#3707 = EDGE_CURVE ( 'NONE', #4839, #1263, #4794, .T. ) ;
#3708 = DIRECTION ( 'NONE',  ( -0.6193384587389297868, 0.000000000000000000, -0.7851241134539729272 ) ) ;
#3709 = AXIS2_PLACEMENT_3D ( 'NONE', #4938, #4105, #11851 ) ;
#3710 = EDGE_CURVE ( 'NONE', #4394, #7156, #7293, .T. ) ;
#3711 = VERTEX_POINT ( 'NONE', #12298 ) ;
#3712 = ORIENTED_EDGE ( 'NONE', *, *, #9630, .T. ) ;
#3713 = CARTESIAN_POINT ( 'NONE',  ( -185.3083443354863959, 340.0000000000000568, 266.1033846755358354 ) ) ;
#3714 = EDGE_LOOP ( 'NONE', ( #11772, #5015, #3447, #892 ) ) ;
#3715 = DIRECTION ( 'NONE',  ( 0.000000000000000000, 0.000000000000000000, -1.000000000000000000 ) ) ;
#3716 = ORIENTED_EDGE ( 'NONE', *, *, #12253, .T. ) ;
#3717 = CARTESIAN_POINT ( 'NONE',  ( 177.7784770540171735, 569.1904994608263451, 260.1633656828016115 ) ) ;
#3718 = LINE ( 'NONE', #934, #703 ) ;
#3719 = CARTESIAN_POINT ( 'NONE',  ( -62.15928903933924943, 401.1238794302436759, 380.3951520273985238 ) ) ;
#3720 = VECTOR ( 'NONE', #10828, 1000.000000000000000 ) ;
#3721 = FACE_OUTER_BOUND ( 'NONE', #21, .T. ) ;
#3722 = DIRECTION ( 'NONE',  ( -0.000000000000000000, -0.000000000000000000, -1.000000000000000000 ) ) ;
#3723 = CARTESIAN_POINT ( 'NONE',  ( 165.0713021149375663, 357.5000000000000000, 331.1634153273903962 ) ) ;
#3724 = EDGE_LOOP ( 'NONE', ( #4258, #10853, #9281, #7433 ) ) ;
#3725 = CARTESIAN_POINT ( 'NONE',  ( 0.000000000000000000, -280.1694956085287345, 362.4264068711929099 ) ) ;
#3726 = EDGE_LOOP ( 'NONE', ( #9082, #8603, #8770, #6729 ) ) ;
#3727 = VECTOR ( 'NONE', #1881, 1000.000000000000000 ) ;
#3728 = DIRECTION ( 'NONE',  ( 0.1924154613586764873, -0.9711530084039702304, -0.1408478771513639038 ) ) ;
#3729 = EDGE_CURVE ( 'NONE', #12, #8324, #9250, .T. ) ;
#3730 = DIRECTION ( 'NONE',  ( 0.000000000000000000, -1.000000000000000000, 0.000000000000000000 ) ) ;
#3731 = DIRECTION ( 'NONE',  ( 0.000000000000000000, 0.000000000000000000, 1.000000000000000000 ) ) ;
#3732 = ORIENTED_EDGE ( 'NONE', *, *, #684, .F. ) ;
#3733 = CARTESIAN_POINT ( 'NONE',  ( -171.6157891360268195, 117.0000000000000000, 290.9472914527384546 ) ) ;
#3734 = DIRECTION ( 'NONE',  ( 0.000000000000000000, 0.000000000000000000, -1.000000000000000000 ) ) ;
#3735 = CARTESIAN_POINT ( 'NONE',  ( 85.99406992148860240, 365.0000000000000000, 365.3661334402255534 ) ) ;
#3736 = CIRCLE ( 'NONE', #11242, 20.00000000000024158 ) ;
#3737 = FACE_BOUND ( 'NONE', #9294, .T. ) ;
#3738 = CARTESIAN_POINT ( 'NONE',  ( -187.0218920813575778, 554.8177517390718094, 313.8123964954401117 ) ) ;
#3739 = EDGE_LOOP ( 'NONE', ( #254, #10925, #11304, #4921 ) ) ;
#3740 = ORIENTED_EDGE ( 'NONE', *, *, #7340, .T. ) ;
#3741 = CARTESIAN_POINT ( 'NONE',  ( 191.8873057370086315, 117.0000000000000000, 277.5473304590436214 ) ) ;
#3742 = DIRECTION ( 'NONE',  ( 0.000000000000000000, 0.000000000000000000, -1.000000000000000000 ) ) ;
#3743 = CARTESIAN_POINT ( 'NONE',  ( 147.5242506373035951, -169.9805043914711860, 362.4264068711929099 ) ) ;
#3744 = EDGE_LOOP ( 'NONE', ( #2865, #278, #7758, #11018, #1246, #6997, #3397, #8152 ) ) ;
#3745 = LINE ( 'NONE', #8393, #5168 ) ;
#3746 = AXIS2_PLACEMENT_3D ( 'NONE', #2557, #6417, #10299 ) ;
#3747 = FACE_OUTER_BOUND ( 'NONE', #4305, .T. ) ;
#3748 = EDGE_CURVE ( 'NONE', #340, #5119, #2809, .T. ) ;
#3749 = DIRECTION ( 'NONE',  ( -1.000000000000000000, 0.000000000000000000, 0.000000000000000000 ) ) ;
#3750 = EDGE_CURVE ( 'NONE', #6248, #5863, #2471, .T. ) ;
#3751 = ADVANCED_FACE ( 'NONE', ( #2058 ), #594, .T. ) ;
#3752 = LINE ( 'NONE', #5593, #6305 ) ;
#3753 = VERTEX_POINT ( 'NONE', #11707 ) ;
#3754 = AXIS2_PLACEMENT_3D ( 'NONE', #7962, #7001, #6107 ) ;
#3755 = LINE ( 'NONE', #4709, #794 ) ;
#3756 = ORIENTED_EDGE ( 'NONE', *, *, #7535, .F. ) ;
#3757 = AXIS2_PLACEMENT_3D ( 'NONE', #4509, #837, #10478 ) ;
#3758 = ORIENTED_EDGE ( 'NONE', *, *, #8505, .F. ) ;
#3759 = CYLINDRICAL_SURFACE ( 'NONE', #616, 1.100437036551937808 ) ;
#3760 = LINE ( 'NONE', #7638, #11903 ) ;
#3761 = ORIENTED_EDGE ( 'NONE', *, *, #296, .T. ) ;
#3762 = EDGE_CURVE ( 'NONE', #12410, #1466, #3121, .T. ) ;
#3763 = CYLINDRICAL_SURFACE ( 'NONE', #4962, 72.63946798302922048 ) ;
#3764 = DIRECTION ( 'NONE',  ( 0.000000000000000000, 0.000000000000000000, -1.000000000000000000 ) ) ;
#3765 = ORIENTED_EDGE ( 'NONE', *, *, #313, .F. ) ;
#3766 = CARTESIAN_POINT ( 'NONE',  ( 212.1485725495483337, 551.7875650038473623, 283.1226955098380245 ) ) ;
#3767 = VECTOR ( 'NONE', #9307, 1000.000000000000000 ) ;
#3768 = DIRECTION ( 'NONE',  ( 0.6193384587389316742, 1.965047575521714584E-16, 0.7851241134539714839 ) ) ;
#3769 = AXIS2_PLACEMENT_3D ( 'NONE', #894, #1073, #5767 ) ;
#3770 = ORIENTED_EDGE ( 'NONE', *, *, #1020, .F. ) ;
#3771 = ORIENTED_EDGE ( 'NONE', *, *, #3762, .F. ) ;
#3772 = AXIS2_PLACEMENT_3D ( 'NONE', #3814, #12321, #2684 ) ;
#3773 = DIRECTION ( 'NONE',  ( 0.000000000000000000, 0.000000000000000000, 1.000000000000000000 ) ) ;
#3774 = ORIENTED_EDGE ( 'NONE', *, *, #2225, .F. ) ;
#3775 = ADVANCED_FACE ( 'NONE', ( #8783 ), #5976, .T. ) ;
#3776 = AXIS2_PLACEMENT_3D ( 'NONE', #622, #12533, #10209 ) ;
#3777 = CARTESIAN_POINT ( 'NONE',  ( -111.4464948675895073, 120.0000000000000000, 368.5173196178368471 ) ) ;
#3778 = DIRECTION ( 'NONE',  ( -1.217029536772293280E-16, 1.000000000000000000, 0.000000000000000000 ) ) ;
#3779 = CARTESIAN_POINT ( 'NONE',  ( -185.8640213965181829, 500.0703352398940638, 295.9168938673615799 ) ) ;
#3780 = DIRECTION ( 'NONE',  ( 1.000000000000000000, 0.000000000000000000, 0.000000000000000000 ) ) ;
#3781 = VECTOR ( 'NONE', #2797, 1000.000000000000000 ) ;
#3782 = CARTESIAN_POINT ( 'NONE',  ( -50.51394905014938530, 370.0000000000000000, 375.2826803297231208 ) ) ;
#3783 = ORIENTED_EDGE ( 'NONE', *, *, #9812, .F. ) ;
#3784 = LINE ( 'NONE', #6711, #2681 ) ;
#3785 = B_SPLINE_CURVE_WITH_KNOTS ( 'NONE', 2,
 ( #8942, #6975, #1267 ),
 .UNSPECIFIED., .F., .F.,
 ( 3, 3 ),
 ( 0.2281005506883931333, 0.3568024759965912063 ),
 .UNSPECIFIED. ) ;
#3786 = ORIENTED_EDGE ( 'NONE', *, *, #3809, .T. ) ;
#3787 = AXIS2_PLACEMENT_3D ( 'NONE', #11709, #10873, #10935 ) ;
#3788 = FACE_OUTER_BOUND ( 'NONE', #7763, .T. ) ;
#3789 = CARTESIAN_POINT ( 'NONE',  ( -163.5903419963029251, 443.4226777085930848, 368.4532128227288581 ) ) ;
#3790 = CARTESIAN_POINT ( 'NONE',  ( -189.3724808414119423, 554.7597163524981170, 310.8096042854041343 ) ) ;
#3791 = VECTOR ( 'NONE', #3816, 1000.000000000000000 ) ;
#3792 = ORIENTED_EDGE ( 'NONE', *, *, #9953, .F. ) ;
#3793 = DIRECTION ( 'NONE',  ( 0.000000000000000000, 1.000000000000000000, 0.000000000000000000 ) ) ;
#3794 = DIRECTION ( 'NONE',  ( 0.000000000000000000, 0.000000000000000000, -1.000000000000000000 ) ) ;
#3795 = CARTESIAN_POINT ( 'NONE',  ( 171.6157891360269332, 120.0000000000000000, 349.9640353578184886 ) ) ;
#3796 = LINE ( 'NONE', #885, #9070 ) ;
#3797 = AXIS2_PLACEMENT_3D ( 'NONE', #3422, #1514, #12120 ) ;
#3798 = CARTESIAN_POINT ( 'NONE',  ( 200.0000000000001705, -585.1500000000002046, 340.0000000000000000 ) ) ;
#3799 = VECTOR ( 'NONE', #7705, 1000.000000000000000 ) ;
#3800 = ADVANCED_FACE ( 'NONE', ( #206 ), #7777, .T. ) ;
#3801 = ADVANCED_FACE ( 'NONE', ( #8905 ), #9803, .T. ) ;
#3802 = VECTOR ( 'NONE', #5516, 1000.000000000000000 ) ;
#3803 = ORIENTED_EDGE ( 'NONE', *, *, #11864, .T. ) ;
#3804 = CARTESIAN_POINT ( 'NONE',  ( 171.5626951537902869, 552.6893489008107281, 281.3250713856848506 ) ) ;
#3805 = FACE_OUTER_BOUND ( 'NONE', #666, .T. ) ;
#3806 = CARTESIAN_POINT ( 'NONE',  ( -148.0061200503008934, 120.0000000000000000, 349.9640353578183749 ) ) ;
#3807 = AXIS2_PLACEMENT_3D ( 'NONE', #261, #2054, #3949 ) ;
#3808 = DIRECTION ( 'NONE',  ( 1.000000000000000000, 0.000000000000000000, 0.000000000000000000 ) ) ;
#3809 = EDGE_CURVE ( 'NONE', #3201, #10880, #1373, .T. ) ;
#3810 = VECTOR ( 'NONE', #8209, 1000.000000000000114 ) ;
#3811 = ORIENTED_EDGE ( 'NONE', *, *, #7113, .F. ) ;
#3812 = ADVANCED_FACE ( 'NONE', ( #8842 ), #6045, .F. ) ;
#3813 = CARTESIAN_POINT ( 'NONE',  ( -171.6157891360268195, 117.0000000000000000, 349.9640353578183749 ) ) ;
#3814 = CARTESIAN_POINT ( 'NONE',  ( -190.1818355124831328, 117.0000000000000000, 311.3514577545970496 ) ) ;
#3815 = AXIS2_PLACEMENT_3D ( 'NONE', #4028, #6894, #6829 ) ;
#3816 = DIRECTION ( 'NONE',  ( 0.6193384587389311191, 2.751066605730404510E-16, -0.7851241134539719280 ) ) ;
#3817 = DIRECTION ( 'NONE',  ( 0.000000000000000000, 1.000000000000000000, 0.000000000000000000 ) ) ;
#3818 = ORIENTED_EDGE ( 'NONE', *, *, #4219, .T. ) ;
#3819 = AXIS2_PLACEMENT_3D ( 'NONE', #7241, #2223, #5205 ) ;
#3820 = CARTESIAN_POINT ( 'NONE',  ( 59.34243920159818231, 385.0000000000000000, 385.9443499868726803 ) ) ;
#3821 = ORIENTED_EDGE ( 'NONE', *, *, #788, .T. ) ;
#3822 = ORIENTED_EDGE ( 'NONE', *, *, #11001, .F. ) ;
#3823 = DIRECTION ( 'NONE',  ( 0.000000000000000000, -1.000000000000000000, 0.000000000000000000 ) ) ;
#3824 = ORIENTED_EDGE ( 'NONE', *, *, #8260, .F. ) ;
#3825 = PLANE ( 'NONE',  #7808 ) ;
#3826 = CARTESIAN_POINT ( 'NONE',  ( -191.8873057370085178, 120.0000000000000000, 277.5473304590434509 ) ) ;
#3827 = CARTESIAN_POINT ( 'NONE',  ( -272.1522564207221535, 494.0205802199568552, 214.6849856545823911 ) ) ;
#3828 = CARTESIAN_POINT ( 'NONE',  ( -166.2758664040001690, 500.7070571008912339, 318.6731749292977156 ) ) ;
#3829 = ORIENTED_EDGE ( 'NONE', *, *, #8652, .F. ) ;
#3830 = DIRECTION ( 'NONE',  ( 0.7851241134539721500, 0.000000000000000000, 0.6193384587389310081 ) ) ;
#3831 = ORIENTED_EDGE ( 'NONE', *, *, #2700, .F. ) ;
#3832 = VECTOR ( 'NONE', #330, 1000.000000000000000 ) ;
#3833 = LINE ( 'NONE', #12281, #8168 ) ;
#3834 = DIRECTION ( 'NONE',  ( -0.000000000000000000, -1.000000000000000000, 0.000000000000000000 ) ) ;
#3835 = EDGE_LOOP ( 'NONE', ( #58, #9488, #5532, #7965, #10942 ) ) ;
#3836 = EDGE_CURVE ( 'NONE', #1864, #9391, #2180, .T. ) ;
#3837 = CARTESIAN_POINT ( 'NONE',  ( 102.8717205707466178, 120.0000000000000000, 380.2970430871540088 ) ) ;
#3838 = DIRECTION ( 'NONE',  ( -0.000000000000000000, -1.000000000000000000, -0.000000000000000000 ) ) ;
#3839 = LINE ( 'NONE', #1052, #8235 ) ;
#3840 = VECTOR ( 'NONE', #5378, 1000.000000000000000 ) ;
#3841 = EDGE_CURVE ( 'NONE', #7114, #10895, #1787, .T. ) ;
#3842 = PLANE ( 'NONE',  #9192 ) ;
#3843 = ADVANCED_FACE ( 'NONE', ( #992 ), #4854, .F. ) ;
#3844 = DIRECTION ( 'NONE',  ( 0.6193384587389361151, 0.000000000000000000, 0.7851241134539678201 ) ) ;
#3845 = ORIENTED_EDGE ( 'NONE', *, *, #2302, .F. ) ;
#3846 = FACE_OUTER_BOUND ( 'NONE', #429, .T. ) ;
#3847 = EDGE_CURVE ( 'NONE', #540, #5456, #4417, .T. ) ;
#3848 = VERTEX_POINT ( 'NONE', #2001 ) ;
#3849 = DIRECTION ( 'NONE',  ( 1.000000000000000000, -0.000000000000000000, -0.000000000000000000 ) ) ;
#3850 = CARTESIAN_POINT ( 'NONE',  ( 191.8873057370085746, 120.0000000000000000, 351.4274360680452673 ) ) ;
#3851 = DIRECTION ( 'NONE',  ( -0.7071067811864054642, 0.000000000000000000, 0.7071067811866895703 ) ) ;
#3852 = EDGE_LOOP ( 'NONE', ( #2635, #2215, #1194, #10735, #5842, #10439 ) ) ;
#3853 = LINE ( 'NONE', #1955, #6610 ) ;
#3854 = CIRCLE ( 'NONE', #1632, 1.100437036551937808 ) ;
#3855 = CARTESIAN_POINT ( 'NONE',  ( 2.081899558550500674E-14, 572.1499999999997499, 258.2442605493605470 ) ) ;
#3856 = PLANE ( 'NONE',  #9666 ) ;
#3857 = DIRECTION ( 'NONE',  ( -0.000000000000000000, -1.000000000000000000, 0.000000000000000000 ) ) ;
#3858 = EDGE_CURVE ( 'NONE', #12, #5845, #5862, .T. ) ;
#3859 = CARTESIAN_POINT ( 'NONE',  ( -21.30323522931121261, 117.0000000000000000, 383.8903845222603195 ) ) ;
#3860 = VECTOR ( 'NONE', #7710, 1000.000000000000114 ) ;
#3861 = EDGE_CURVE ( 'NONE', #8429, #7388, #10244, .T. ) ;
#3862 = PERSON_AND_ORGANIZATION_ROLE ( 'creator' ) ;
#3863 = EDGE_LOOP ( 'NONE', ( #2399, #9422, #11461, #8483 ) ) ;
#3864 = ORIENTED_EDGE ( 'NONE', *, *, #7375, .T. ) ;
#3865 = CARTESIAN_POINT ( 'NONE',  ( 173.3050511171542212, 120.0000000000000000, 290.9472914527386251 ) ) ;
#3866 = FACE_OUTER_BOUND ( 'NONE', #7339, .T. ) ;
#3867 = DIRECTION ( 'NONE',  ( 0.000000000000000000, -1.000000000000000000, 0.000000000000000000 ) ) ;
#3868 = ORIENTED_EDGE ( 'NONE', *, *, #3286, .T. ) ;
#3869 = ADVANCED_FACE ( 'NONE', ( #9216 ), #2505, .T. ) ;
#3870 = EDGE_CURVE ( 'NONE', #3629, #1667, #12317, .T. ) ;
#3871 = CARTESIAN_POINT ( 'NONE',  ( -85.51327925558938148, 382.2776525479378051, 361.8621453137577078 ) ) ;
#3872 = DIRECTION ( 'NONE',  ( 0.000000000000000000, 0.000000000000000000, 1.000000000000000000 ) ) ;
#3873 = CARTESIAN_POINT ( 'NONE',  ( -177.0287412513492313, 554.9789710167461863, 326.5444071225838911 ) ) ;
#3874 = DIRECTION ( 'NONE',  ( 0.000000000000000000, 0.000000000000000000, 1.000000000000000000 ) ) ;
#3875 = VERTEX_POINT ( 'NONE', #530 ) ;
#3876 = DIRECTION ( 'NONE',  ( 0.000000000000000000, -0.9961946980917455452, -0.08715574274765820750 ) ) ;
#3877 = ORIENTED_EDGE ( 'NONE', *, *, #9423, .F. ) ;
#3878 = AXIS2_PLACEMENT_3D ( 'NONE', #1768, #12425, #11544 ) ;
#3879 = VECTOR ( 'NONE', #7937, 1000.000000000000114 ) ;
#3880 = ORIENTED_EDGE ( 'NONE', *, *, #7895, .F. ) ;
#3881 = DIRECTION ( 'NONE',  ( -0.3557061876755083785, 0.8924066731809369157, 0.2776390421239215978 ) ) ;
#3882 = EDGE_LOOP ( 'NONE', ( #3214, #3624, #12094, #7326 ) ) ;
#3883 = EDGE_CURVE ( 'NONE', #531, #5207, #2438, .T. ) ;
#3884 = FACE_OUTER_BOUND ( 'NONE', #9859, .T. ) ;
#3885 = EDGE_CURVE ( 'NONE', #8548, #7544, #6235, .T. ) ;
#3886 = DIRECTION ( 'NONE',  ( -0.000000000000000000, -1.000000000000000000, 0.000000000000000000 ) ) ;
#3887 = CARTESIAN_POINT ( 'NONE',  ( 200.0000000000001705, -585.1500000000002046, 0.000000000000000000 ) ) ;
#3888 = AXIS2_PLACEMENT_3D ( 'NONE', #11541, #4677, #8563 ) ;
#3889 = EDGE_LOOP ( 'NONE', ( #3368, #4042, #12527, #4085 ) ) ;
#3890 = DIRECTION ( 'NONE',  ( 1.000000000000000000, 0.000000000000000000, 0.000000000000000000 ) ) ;
#3891 = CARTESIAN_POINT ( 'NONE',  ( -162.0196774713020602, 500.8166844330152117, 324.1121025183072106 ) ) ;
#3892 = ORIENTED_EDGE ( 'NONE', *, *, #2843, .F. ) ;
#3893 = CARTESIAN_POINT ( 'NONE',  ( 190.1818355124832465, 117.0000000000000000, 313.0569279791225767 ) ) ;
#3894 = EDGE_LOOP ( 'NONE', ( #1242, #9470, #10442, #8467 ) ) ;
#3895 = CARTESIAN_POINT ( 'NONE',  ( -59.26671879462830361, 360.0000000000000000, 367.2715862585909008 ) ) ;
#3896 = DIRECTION ( 'NONE',  ( 0.000000000000000000, 0.000000000000000000, 1.000000000000000000 ) ) ;
#3897 = VERTEX_POINT ( 'NONE', #7387 ) ;
#3898 = CARTESIAN_POINT ( 'NONE',  ( 101.6000514717914598, 570.1499999999997499, 350.4788477664440052 ) ) ;
#3899 = CARTESIAN_POINT ( 'NONE',  ( 148.0061200503010070, 117.0000000000000000, 351.4274360680452673 ) ) ;
#3900 = CARTESIAN_POINT ( 'NONE',  ( -217.4124379294768517, 540.5796700423167067, 280.2859078419566004 ) ) ;
#3901 = DIRECTION ( 'NONE',  ( -0.000000000000000000, 0.000000000000000000, 1.000000000000000000 ) ) ;
#3902 = CARTESIAN_POINT ( 'NONE',  ( 50.60003379395966761, 370.0000000000000000, 375.2561429881301933 ) ) ;
#3903 = ORIENTED_EDGE ( 'NONE', *, *, #12472, .F. ) ;
#3904 = DIRECTION ( 'NONE',  ( -1.000000000000000000, 0.000000000000000000, 0.000000000000000000 ) ) ;
#3905 = EDGE_CURVE ( 'NONE', #2100, #5456, #1420, .T. ) ;
#3906 = VECTOR ( 'NONE', #8224, 1000.000000000000114 ) ;
#3907 = EDGE_CURVE ( 'NONE', #5380, #8832, #3648, .T. ) ;
#3908 = DIRECTION ( 'NONE',  ( 0.000000000000000000, -1.000000000000000000, 0.000000000000000000 ) ) ;
#3909 = CIRCLE ( 'NONE', #7157, 8.000000000000007105 ) ;
#3910 = CARTESIAN_POINT ( 'NONE',  ( -151.8249679581558098, 117.0000000000000000, 380.2970430871539520 ) ) ;
#3911 = LINE ( 'NONE', #5818, #11675 ) ;
#3912 = EDGE_CURVE ( 'NONE', #11256, #9599, #6298, .T. ) ;
#3913 = CARTESIAN_POINT ( 'NONE',  ( -187.7746619140061455, 500.0445392671189779, 293.4845892630852973 ) ) ;
#3914 = CARTESIAN_POINT ( 'NONE',  ( 102.0804178407809815, 570.1160211952073951, 351.4274360680452105 ) ) ;
#3915 = DIRECTION ( 'NONE',  ( -0.6193384587389315632, 0.000000000000000000, -0.7851241134539715949 ) ) ;
#3916 = CARTESIAN_POINT ( 'NONE',  ( -195.7024822690793826, 120.0000000000000000, 263.1601945342233648 ) ) ;
#3917 = AXIS2_PLACEMENT_3D ( 'NONE', #2133, #8862, #5759 ) ;
#3918 = VERTEX_POINT ( 'NONE', #5225 ) ;
#3919 = ORIENTED_EDGE ( 'NONE', *, *, #9274, .F. ) ;
#3920 = FACE_OUTER_BOUND ( 'NONE', #10506, .T. ) ;
#3921 = CARTESIAN_POINT ( 'NONE',  ( 190.7868687004566937, 117.0000000000000000, 332.2694703950618873 ) ) ;
#3922 = ADVANCED_FACE ( 'NONE', ( #12012 ), #8280, .F. ) ;
#3923 = DIRECTION ( 'NONE',  ( 0.000000000000000000, 0.000000000000000000, 1.000000000000000000 ) ) ;
#3924 = ORIENTED_EDGE ( 'NONE', *, *, #1206, .F. ) ;
#3925 = VECTOR ( 'NONE', #3333, 1000.000000000000000 ) ;
#3926 = DIRECTION ( 'NONE',  ( 0.000000000000000000, 1.000000000000000000, -0.000000000000000000 ) ) ;
#3927 = EDGE_CURVE ( 'NONE', #2444, #1876, #1372, .T. ) ;
#3928 = DIRECTION ( 'NONE',  ( -0.7071067811865523467, 0.7044160264027539142, 0.06162841671621895057 ) ) ;
#3929 = CARTESIAN_POINT ( 'NONE',  ( 116.3767717391520620, 442.6530411536430165, 351.4274360680452105 ) ) ;
#3930 = ADVANCED_FACE ( 'NONE', ( #401 ), #596, .T. ) ;
#3931 = DIRECTION ( 'NONE',  ( 0.000000000000000000, -1.000000000000000000, 0.000000000000000000 ) ) ;
#3932 = EDGE_LOOP ( 'NONE', ( #9136, #6895, #8170, #3758 ) ) ;
#3933 = ORIENTED_EDGE ( 'NONE', *, *, #342, .T. ) ;
#3934 = CARTESIAN_POINT ( 'NONE',  ( 70.18354552143794933, 117.0000000000000000, 385.8071906031455569 ) ) ;
#3935 = ORIENTED_EDGE ( 'NONE', *, *, #12227, .F. ) ;
#3936 = VECTOR ( 'NONE', #12536, 1000.000000000000114 ) ;
#3937 = ORIENTED_EDGE ( 'NONE', *, *, #2109, .F. ) ;
#3938 = DIRECTION ( 'NONE',  ( -1.000000000000000000, 0.000000000000000000, 0.000000000000000000 ) ) ;
#3939 = ORIENTED_EDGE ( 'NONE', *, *, #8036, .T. ) ;
#3940 = CARTESIAN_POINT ( 'NONE',  ( -116.3767717391519767, 120.0000000000002132, 326.4274360680452105 ) ) ;
#3941 = DIRECTION ( 'NONE',  ( 6.938893903907228378E-15, 0.000000000000000000, -1.000000000000000000 ) ) ;
#3942 = CARTESIAN_POINT ( 'NONE',  ( 74.86688931094020916, 370.0000000000000000, 370.8061429881302047 ) ) ;
#3943 = AXIS2_PLACEMENT_3D ( 'NONE', #855, #1034, #9669 ) ;
#3944 = ORIENTED_EDGE ( 'NONE', *, *, #6976, .T. ) ;
#3945 = CYLINDRICAL_SURFACE ( 'NONE', #1860, 3.093108195208626121 ) ;
#3946 = CARTESIAN_POINT ( 'NONE',  ( -66.20020431027140262, 352.7778575094078519, 381.2573938590626881 ) ) ;
#3947 = VECTOR ( 'NONE', #10232, 1000.000000000000000 ) ;
#3948 = ORIENTED_EDGE ( 'NONE', *, *, #3977, .F. ) ;
#3949 = DIRECTION ( 'NONE',  ( 0.000000000000000000, 0.000000000000000000, 1.000000000000000000 ) ) ;
#3950 = EDGE_LOOP ( 'NONE', ( #5473, #262, #10224, #3611 ) ) ;
#3951 = EDGE_CURVE ( 'NONE', #1812, #8324, #9155, .T. ) ;
#3952 = EDGE_CURVE ( 'NONE', #7365, #6098, #11273, .T. ) ;
#3953 = AXIS2_PLACEMENT_3D ( 'NONE', #8179, #5263, #11099 ) ;
#3954 = CARTESIAN_POINT ( 'NONE',  ( -59.20020431027140262, 349.9412953080442321, 379.8958356672611671 ) ) ;
#3955 = CARTESIAN_POINT ( 'NONE',  ( -59.20020431027140262, 343.9926239642709902, 377.5617482014901043 ) ) ;
#3956 = ORIENTED_EDGE ( 'NONE', *, *, #1020, .T. ) ;
#3957 = DIRECTION ( 'NONE',  ( -0.6193384587389316742, 0.000000000000000000, -0.7851241134539714839 ) ) ;
#3958 = CIRCLE ( 'NONE', #11054, 10.00000000000000888 ) ;
#3959 = CARTESIAN_POINT ( 'NONE',  ( -62.78826645942975659, 374.0785508645338382, 377.9443499868726803 ) ) ;
#3960 = CARTESIAN_POINT ( 'NONE',  ( -216.0735326257985207, 546.8189754609419424, 284.4552178441869614 ) ) ;
#3961 = ADVANCED_FACE ( 'NONE', ( #8147 ), #2368, .F. ) ;
#3962 = VECTOR ( 'NONE', #10476, 1000.000000000000227 ) ;
#3963 = LINE ( 'NONE', #7845, #12029 ) ;
#3964 = DIRECTION ( 'NONE',  ( 0.6193384587389316742, 0.000000000000000000, 0.7851241134539713729 ) ) ;
#3965 = ORIENTED_EDGE ( 'NONE', *, *, #1736, .F. ) ;
#3966 = DIRECTION ( 'NONE',  ( 0.000000000000000000, -0.08715574274765820750, -0.9961946980917455452 ) ) ;
#3967 = CIRCLE ( 'NONE', #8645, 1.211688060526509902 ) ;
#3968 = AXIS2_PLACEMENT_3D ( 'NONE', #5949, #6676, #8642 ) ;
#3969 = CARTESIAN_POINT ( 'NONE',  ( 159.9882456870035412, 320.0000000000000568, 314.3847163883809230 ) ) ;
#3970 = LINE ( 'NONE', #1186, #386 ) ;
#3971 = AXIS2_PLACEMENT_3D ( 'NONE', #7737, #11726, #7794 ) ;
#3972 = DIRECTION ( 'NONE',  ( 0.000000000000000000, 0.000000000000000000, 1.000000000000000000 ) ) ;
#3973 = EDGE_CURVE ( 'NONE', #3555, #11312, #351, .T. ) ;
#3974 = CARTESIAN_POINT ( 'NONE',  ( 171.6157891360269332, 117.0000000000000000, 349.9640353578184886 ) ) ;
#3975 = CARTESIAN_POINT ( 'NONE',  ( -165.0713021149375663, 357.5000000000000000, 331.1634153273903962 ) ) ;
#3976 = LINE ( 'NONE', #10830, #2179 ) ;
#3977 = EDGE_CURVE ( 'NONE', #1680, #7634, #7264, .T. ) ;
#3978 = CARTESIAN_POINT ( 'NONE',  ( 130.5203249716378480, 120.0000000000000000, 368.2120121559649988 ) ) ;
#3979 = CIRCLE ( 'NONE', #12100, 60.00000000000000000 ) ;
#3980 = DATE_TIME_ROLE ( 'creation_date' ) ;
#3981 = ORIENTED_EDGE ( 'NONE', *, *, #10035, .T. ) ;
#3982 = DIRECTION ( 'NONE',  ( 0.6193384587389321183, 0.000000000000000000, 0.7851241134539710398 ) ) ;
#3983 = EDGE_CURVE ( 'NONE', #10117, #8576, #155, .T. ) ;
#3984 = CIRCLE ( 'NONE', #5819, 10.00000000000000888 ) ;
#3985 = DIRECTION ( 'NONE',  ( -0.000000000000000000, 1.000000000000000000, -0.000000000000000000 ) ) ;
#3986 = DIRECTION ( 'NONE',  ( 0.000000000000000000, 0.000000000000000000, 1.000000000000000000 ) ) ;
#3987 = DIRECTION ( 'NONE',  ( -0.000000000000000000, 1.000000000000000000, -0.000000000000000000 ) ) ;
#3988 = DIRECTION ( 'NONE',  ( -0.7851241134539720390, -0.000000000000000000, -0.6193384587389308971 ) ) ;
#3989 = ORIENTED_EDGE ( 'NONE', *, *, #10142, .F. ) ;
#3990 = EDGE_CURVE ( 'NONE', #8988, #4296, #12396, .T. ) ;
#3991 = CARTESIAN_POINT ( 'NONE',  ( -86.68222252302349773, 382.2776525479378620, 361.8621453137577078 ) ) ;
#3992 = PLANE ( 'NONE',  #1953 ) ;
#3993 = AXIS2_PLACEMENT_3D ( 'NONE', #659, #5354, #534 ) ;
#3994 = AXIS2_PLACEMENT_3D ( 'NONE', #7311, #11180, #6347 ) ;
#3995 = DIRECTION ( 'NONE',  ( 0.000000000000000000, -1.000000000000000000, 0.000000000000000000 ) ) ;
#3996 = EDGE_CURVE ( 'NONE', #1732, #3753, #2695, .T. ) ;
#3997 = AXIS2_PLACEMENT_3D ( 'NONE', #4875, #10650, #8802 ) ;
#3998 = DIRECTION ( 'NONE',  ( -0.000000000000000000, 1.000000000000000000, -0.000000000000000000 ) ) ;
#3999 = ORIENTED_EDGE ( 'NONE', *, *, #6320, .T. ) ;
#4000 = EDGE_LOOP ( 'NONE', ( #2055, #1805, #2946, #3039 ) ) ;
#4001 = CARTESIAN_POINT ( 'NONE',  ( -84.00168052530503360, 365.0000000000000000, 363.3737440440420414 ) ) ;
#4002 = ORIENTED_EDGE ( 'NONE', *, *, #4502, .T. ) ;
#4003 = ADVANCED_FACE ( 'NONE', ( #2755 ), #9479, .T. ) ;
#4004 = EDGE_LOOP ( 'NONE', ( #217, #9476 ) ) ;
#4005 = CIRCLE ( 'NONE', #773, 5.249904202499100947 ) ;
#4006 = CARTESIAN_POINT ( 'NONE',  ( 70.18354552143794933, 117.0000000000000000, 385.8071906031455569 ) ) ;
#4007 = VECTOR ( 'NONE', #291, 1000.000000000000114 ) ;
#4008 = VERTEX_POINT ( 'NONE', #2638 ) ;
#4009 = CARTESIAN_POINT ( 'NONE',  ( 200.0000000000000568, 120.0000000000000000, 250.7734253594444738 ) ) ;
#4010 = CARTESIAN_POINT ( 'NONE',  ( -173.3050511171541075, 117.0000000000000000, 290.9472914527384546 ) ) ;
#4011 = VERTEX_POINT ( 'NONE', #4715 ) ;
#4012 = DIRECTION ( 'NONE',  ( 0.08682659386424763925, 0.9924325091389670783, -0.08682659386424763925 ) ) ;
#4013 = CARTESIAN_POINT ( 'NONE',  ( -189.9418468697614912, 565.8988962445547486, 270.4628473842357153 ) ) ;
#4014 = ORIENTED_EDGE ( 'NONE', *, *, #11617, .T. ) ;
#4015 = VECTOR ( 'NONE', #6306, 999.9999999999998863 ) ;
#4016 = DIRECTION ( 'NONE',  ( -0.7625037589850115483, -0.2383113124287892792, 0.6014945850979835917 ) ) ;
#4017 = VERTEX_POINT ( 'NONE', #9410 ) ;
#4018 = VECTOR ( 'NONE', #4756, 1000.000000000000000 ) ;
#4019 = CARTESIAN_POINT ( 'NONE',  ( 147.5242506373035383, 3.715997803843051425E-14, 362.4264068711929099 ) ) ;
#4020 = CARTESIAN_POINT ( 'NONE',  ( -66.20020431027140262, 345.3533849292755917, 361.3157116688129236 ) ) ;
#4021 = ORIENTED_EDGE ( 'NONE', *, *, #7173, .T. ) ;
#4022 = CARTESIAN_POINT ( 'NONE',  ( 116.3767717391520620, 377.5518242583233359, 326.4274360680452105 ) ) ;
#4023 = DIRECTION ( 'NONE',  ( -0.000000000000000000, -1.000000000000000000, -0.000000000000000000 ) ) ;
#4024 = CARTESIAN_POINT ( 'NONE',  ( -102.8717205707465610, 117.0000000000000000, 381.2424543206986982 ) ) ;
#4025 = EDGE_CURVE ( 'NONE', #5001, #1763, #655, .T. ) ;
#4026 = EDGE_CURVE ( 'NONE', #10871, #4696, #5622, .T. ) ;
#4027 = CARTESIAN_POINT ( 'NONE',  ( 163.4842185463904514, 377.4823331915915787, 368.5877435923811163 ) ) ;
#4028 = CARTESIAN_POINT ( 'NONE',  ( -188.4763652879577478, 117.0000000000000000, 277.5473304590434509 ) ) ;
#4029 = PRODUCT_DEFINITION_FORMATION_WITH_SPECIFIED_SOURCE ( 'HERHANGÝ', '', #893, .NOT_KNOWN. ) ;
#4030 = ORIENTED_EDGE ( 'NONE', *, *, #11287, .F. ) ;
#4031 = CARTESIAN_POINT ( 'NONE',  ( 151.8249679581558667, 120.0000000000000000, 382.1878655542435581 ) ) ;
#4032 = VECTOR ( 'NONE', #9954, 1000.000000000000000 ) ;
#4033 = DIRECTION ( 'NONE',  ( 0.2571383543738345878, 0.9448466723902517739, 0.2028413971135687444 ) ) ;
#4034 = DIRECTION ( 'NONE',  ( 0.7843279627585255653, 0.000000000000000000, 0.6203463926187214872 ) ) ;
#4035 = DIRECTION ( 'NONE',  ( 0.000000000000000000, 0.000000000000000000, 1.000000000000000000 ) ) ;
#4036 = LINE ( 'NONE', #10585, #2714 ) ;
#4037 = CARTESIAN_POINT ( 'NONE',  ( 130.5203249716378480, 120.0000000000000000, 364.5620121559650215 ) ) ;
#4038 = CARTESIAN_POINT ( 'NONE',  ( -216.1595133790040961, 494.0205802199568552, 285.6659688636611918 ) ) ;
#4039 = AXIS2_PLACEMENT_3D ( 'NONE', #7018, #6316, #3329 ) ;
#4040 = DIRECTION ( 'NONE',  ( 0.000000000000000000, 0.000000000000000000, 1.000000000000000000 ) ) ;
#4041 = COORDINATED_UNIVERSAL_TIME_OFFSET ( 3, 0, .AHEAD. ) ;
#4042 = ORIENTED_EDGE ( 'NONE', *, *, #2207, .F. ) ;
#4043 = DIRECTION ( 'NONE',  ( 0.7877996178484113488, 0.000000000000000000, 0.6159316213005278096 ) ) ;
#4044 = PLANE ( 'NONE',  #3769 ) ;
#4045 = VECTOR ( 'NONE', #1, 1000.000000000000000 ) ;
#4046 = DIRECTION ( 'NONE',  ( 0.000000000000000000, 1.000000000000000000, -0.000000000000000000 ) ) ;
#4047 = DIRECTION ( 'NONE',  ( -0.000000000000000000, 1.000000000000000000, -0.000000000000000000 ) ) ;
#4048 = CARTESIAN_POINT ( 'NONE',  ( 14.47175039158928556, 117.0000000000000000, 370.0487020943512562 ) ) ;
#4049 = ORIENTED_EDGE ( 'NONE', *, *, #8879, .F. ) ;
#4050 = LINE ( 'NONE', #1513, #6140 ) ;
#4051 = DIRECTION ( 'NONE',  ( 0.08682659386424763925, 0.9924325091389670783, -0.08682659386424763925 ) ) ;
#4052 = FACE_OUTER_BOUND ( 'NONE', #9210, .T. ) ;
#4053 = DIRECTION ( 'NONE',  ( -0.6193384587389321183, 0.000000000000000000, -0.7851241134539710398 ) ) ;
#4054 = EDGE_CURVE ( 'NONE', #4410, #10492, #4777, .T. ) ;
#4055 = VERTEX_POINT ( 'NONE', #10314 ) ;
#4056 = EDGE_LOOP ( 'NONE', ( #7044, #2198 ) ) ;
#4057 = CARTESIAN_POINT ( 'NONE',  ( -102.8717205707465610, 120.0000000000000000, 380.2970430871539520 ) ) ;
#4058 = EDGE_LOOP ( 'NONE', ( #12544, #4678, #215, #1210 ) ) ;
#4059 = EDGE_CURVE ( 'NONE', #1253, #7841, #1162, .T. ) ;
#4060 = VERTEX_POINT ( 'NONE', #4653 ) ;
#4061 = EDGE_CURVE ( 'NONE', #3653, #1402, #7248, .T. ) ;
#4062 = AXIS2_PLACEMENT_3D ( 'NONE', #10535, #11554, #5706 ) ;
#4063 = CIRCLE ( 'NONE', #11376, 1.100437036551937808 ) ;
#4064 = CARTESIAN_POINT ( 'NONE',  ( 0.000000000000000000, 360.0000000000000000, 374.3406997176694517 ) ) ;
#4065 = ORIENTED_EDGE ( 'NONE', *, *, #10178, .F. ) ;
#4066 = CARTESIAN_POINT ( 'NONE',  ( -101.4756535940664008, 570.1386715929563707, 350.9519385559528928 ) ) ;
#4067 = EDGE_CURVE ( 'NONE', #6950, #10422, #9877, .T. ) ;
#4068 = DIRECTION ( 'NONE',  ( 0.000000000000000000, -0.000000000000000000, 1.000000000000000000 ) ) ;
#4069 = DIRECTION ( 'NONE',  ( 0.000000000000000000, 0.000000000000000000, 1.000000000000000000 ) ) ;
#4070 = CARTESIAN_POINT ( 'NONE',  ( -193.4679631336132672, 561.2762970619011185, 265.9928538507379585 ) ) ;
#4071 = VECTOR ( 'NONE', #5189, 1000.000000000000000 ) ;
#4072 = AXIS2_PLACEMENT_3D ( 'NONE', #9402, #7508, #4577 ) ;
#4073 = ORIENTED_EDGE ( 'NONE', *, *, #10433, .T. ) ;
#4074 = PLANE ( 'NONE',  #8273 ) ;
#4075 = VERTEX_POINT ( 'NONE', #3641 ) ;
#4076 = ORIENTED_EDGE ( 'NONE', *, *, #5927, .T. ) ;
#4077 = LINE ( 'NONE', #7839, #8774 ) ;
#4078 = DIRECTION ( 'NONE',  ( 0.000000000000000000, -0.000000000000000000, 1.000000000000000000 ) ) ;
#4079 = ORIENTED_EDGE ( 'NONE', *, *, #5708, .T. ) ;
#4080 = CARTESIAN_POINT ( 'NONE',  ( -159.9882456869716520, 315.0000000000000568, 304.0335863528722484 ) ) ;
#4081 = ADVANCED_FACE ( 'NONE', ( #12455 ), #8660, .F. ) ;
#4082 = CARTESIAN_POINT ( 'NONE',  ( -229.6163532091666468, 315.0000000000000568, 229.6163532089957471 ) ) ;
#4083 = CARTESIAN_POINT ( 'NONE',  ( 155.6329774118507601, 550.1499999999997499, 362.3943590049917134 ) ) ;
#4084 = VECTOR ( 'NONE', #4864, 1000.000000000000000 ) ;
#4085 = ORIENTED_EDGE ( 'NONE', *, *, #8505, .T. ) ;
#4086 = CARTESIAN_POINT ( 'NONE',  ( -209.1111365005501455, 543.5767603526562652, 284.4878805949542766 ) ) ;
#4087 = EDGE_CURVE ( 'NONE', #2128, #11524, #764, .T. ) ;
#4088 = DIRECTION ( 'NONE',  ( 0.000000000000000000, 0.000000000000000000, 1.000000000000000000 ) ) ;
#4089 = ORIENTED_EDGE ( 'NONE', *, *, #99, .T. ) ;
#4090 = FACE_OUTER_BOUND ( 'NONE', #7010, .T. ) ;
#4091 = ORIENTED_EDGE ( 'NONE', *, *, #5177, .F. ) ;
#4092 = LINE ( 'NONE', #2962, #5836 ) ;
#4093 = ORIENTED_EDGE ( 'NONE', *, *, #12545, .F. ) ;
#4094 = CARTESIAN_POINT ( 'NONE',  ( 185.7024822690794110, 570.1499999999997499, 275.8370128776635966 ) ) ;
#4095 = CARTESIAN_POINT ( 'NONE',  ( -102.8717205707465610, 117.0000000000000000, 382.1878655542434444 ) ) ;
#4096 = CARTESIAN_POINT ( 'NONE',  ( 165.0713021149375663, 352.5000000000000000, 331.1634153273903962 ) ) ;
#4097 = DIRECTION ( 'NONE',  ( 0.000000000000000000, 0.000000000000000000, 1.000000000000000000 ) ) ;
#4098 = ORIENTED_EDGE ( 'NONE', *, *, #11104, .T. ) ;
#4099 = CARTESIAN_POINT ( 'NONE',  ( 89.70512701532697974, 416.8296090012181594, 382.7730451548060842 ) ) ;
#4100 = CIRCLE ( 'NONE', #11206, 60.00000000000000000 ) ;
#4101 = DIRECTION ( 'NONE',  ( -0.7625037589850115483, -0.2383113124287892792, 0.6014945850979835917 ) ) ;
#4102 = CLOSED_SHELL ( 'NONE', ( #3319, #8840, #6983, #28, #5203, #12452, #2004 ) ) ;
#4103 = ORIENTED_EDGE ( 'NONE', *, *, #2278, .F. ) ;
#4104 = EDGE_CURVE ( 'NONE', #619, #6343, #1958, .T. ) ;
#4105 = DIRECTION ( 'NONE',  ( -0.6193384587389317852, 0.000000000000000000, -0.7851241134539714839 ) ) ;
#4106 = LINE ( 'NONE', #3093, #2151 ) ;
#4107 = CARTESIAN_POINT ( 'NONE',  ( -190.7868687004565800, 117.0000000000000000, 332.2694703950617168 ) ) ;
#4108 = CYLINDRICAL_SURFACE ( 'NONE', #1837, 1.689261981127287982 ) ;
#4109 = CARTESIAN_POINT ( 'NONE',  ( -39.47285318341118909, 365.0000000000000000, -0.000000000000000000 ) ) ;
#4110 = ORIENTED_EDGE ( 'NONE', *, *, #5895, .T. ) ;
#4111 = FACE_OUTER_BOUND ( 'NONE', #9523, .T. ) ;
#4112 = DIRECTION ( 'NONE',  ( -0.000000000000000000, -0.8555234017384713008, -0.5177641442566626173 ) ) ;
#4113 = DIRECTION ( 'NONE',  ( 0.000000000000000000, -0.9961946980917455452, -0.08715574274765820750 ) ) ;
#4114 = CIRCLE ( 'NONE', #5746, 16.70248815446684176 ) ;
#4115 = EDGE_CURVE ( 'NONE', #8457, #9905, #12267, .T. ) ;
#4116 = CARTESIAN_POINT ( 'NONE',  ( 111.4464948675895926, 117.0000000000000000, 369.2830108560941085 ) ) ;
#4117 = FACE_OUTER_BOUND ( 'NONE', #4058, .T. ) ;
#4118 = ORIENTED_EDGE ( 'NONE', *, *, #739, .T. ) ;
#4119 = EDGE_LOOP ( 'NONE', ( #10618, #3232 ) ) ;
#4120 = DIRECTION ( 'NONE',  ( 0.000000000000000000, -0.000000000000000000, -1.000000000000000000 ) ) ;
#4121 = VERTEX_POINT ( 'NONE', #1804 ) ;
#4122 = VERTEX_POINT ( 'NONE', #853 ) ;
#4123 = CARTESIAN_POINT ( 'NONE',  ( -87.75731284390609233, 385.1539588257066953, 363.6028905178079640 ) ) ;
#4124 = EDGE_LOOP ( 'NONE', ( #8159, #12465, #7925, #12059 ) ) ;
#4125 = CARTESIAN_POINT ( 'NONE',  ( -155.6329774118507316, 489.0205802199568552, 362.3943590049919408 ) ) ;
#4126 = EDGE_CURVE ( 'NONE', #12309, #12221, #3760, .T. ) ;
#4127 = ADVANCED_FACE ( 'NONE', ( #10554 ), #1863, .F. ) ;
#4128 = CARTESIAN_POINT ( 'NONE',  ( 200.0000000000001705, -570.1500000000002046, 340.0000000000000000 ) ) ;
#4129 = AXIS2_PLACEMENT_3D ( 'NONE', #3942, #7829, #20 ) ;
#4130 = CARTESIAN_POINT ( 'NONE',  ( -61.09150759268329978, 340.0000000000000568, 61.09150759270781350 ) ) ;
#4131 = DIRECTION ( 'NONE',  ( 0.000000000000000000, 0.000000000000000000, 1.000000000000000000 ) ) ;
#4132 = EDGE_CURVE ( 'NONE', #6630, #2871, #3577, .T. ) ;
#4133 = ORIENTED_EDGE ( 'NONE', *, *, #5185, .F. ) ;
#4134 = DIRECTION ( 'NONE',  ( 2.518906408803957098E-16, -1.000000000000000000, 0.000000000000000000 ) ) ;
#4135 = ORIENTED_EDGE ( 'NONE', *, *, #1055, .F. ) ;
#4136 = ORIENTED_EDGE ( 'NONE', *, *, #2272, .T. ) ;
#4137 = LINE ( 'NONE', #2057, #4314 ) ;
#4138 = CARTESIAN_POINT ( 'NONE',  ( -59.20020431027140262, 348.6241495211186248, 386.3284239788339391 ) ) ;
#4139 = ORIENTED_EDGE ( 'NONE', *, *, #1137, .F. ) ;
#4140 = CARTESIAN_POINT ( 'NONE',  ( 111.4464948675895926, 120.0000000000000000, 370.0487020943513130 ) ) ;
#4141 = DIRECTION ( 'NONE',  ( 0.000000000000000000, 1.000000000000000000, 0.000000000000000000 ) ) ;
#4142 = PLANE ( 'NONE',  #10030 ) ;
#4143 = AXIS2_PLACEMENT_3D ( 'NONE', #4796, #8673, #11589 ) ;
#4144 = ORIENTED_EDGE ( 'NONE', *, *, #6545, .F. ) ;
#4145 = CARTESIAN_POINT ( 'NONE',  ( 130.5203249716378480, 120.0000000000000000, 368.2120121559649988 ) ) ;
#4146 = VECTOR ( 'NONE', #5774, 1000.000000000000000 ) ;
#4147 = CARTESIAN_POINT ( 'NONE',  ( -157.7584481937591079, 500.9005157923640468, 329.5471993326201527 ) ) ;
#4148 = VERTEX_POINT ( 'NONE', #10371 ) ;
#4149 = CARTESIAN_POINT ( 'NONE',  ( -103.4081392903285490, 569.9941122601588859, 351.9026866690718975 ) ) ;
#4150 = ORIENTED_EDGE ( 'NONE', *, *, #296, .F. ) ;
#4151 = VECTOR ( 'NONE', #2852, 1000.000000000000000 ) ;
#4152 = ADVANCED_FACE ( 'NONE', ( #3108 ), #10612, .F. ) ;
#4153 = AXIS2_PLACEMENT_3D ( 'NONE', #5260, #9124, #4304 ) ;
#4154 = CARTESIAN_POINT ( 'NONE',  ( -59.20020431027140262, 377.5518242583233359, 357.2715862585909008 ) ) ;
#4155 = ORIENTED_EDGE ( 'NONE', *, *, #9224, .T. ) ;
#4156 = CARTESIAN_POINT ( 'NONE',  ( -59.20020431027140262, 360.0000000000000000, 357.2715862585909008 ) ) ;
#4157 = CARTESIAN_POINT ( 'NONE',  ( -66.20020431027140262, 377.5518242583233359, 359.0020664014754743 ) ) ;
#4158 = DIRECTION ( 'NONE',  ( 0.7851241134539705957, 0.000000000000000000, -0.6193384587389326734 ) ) ;
#4159 = EDGE_CURVE ( 'NONE', #1114, #10411, #5024, .T. ) ;
#4160 = CARTESIAN_POINT ( 'NONE',  ( 111.4464948675895926, 117.0000000000000000, 368.5173196178369608 ) ) ;
#4161 = ORIENTED_EDGE ( 'NONE', *, *, #7303, .F. ) ;
#4162 = CARTESIAN_POINT ( 'NONE',  ( -226.8164854144677349, 340.0000000000000568, 226.8164854142989100 ) ) ;
#4163 = VECTOR ( 'NONE', #3331, 1000.000000000000000 ) ;
#4164 = ORIENTED_EDGE ( 'NONE', *, *, #9577, .T. ) ;
#4165 = AXIS2_PLACEMENT_3D ( 'NONE', #452, #11178, #4256 ) ;
#4166 = EDGE_LOOP ( 'NONE', ( #4710, #4272 ) ) ;
#4167 = AXIS2_PLACEMENT_3D ( 'NONE', #2983, #4051, #9718 ) ;
#4168 = CARTESIAN_POINT ( 'NONE',  ( 0.000000000000000000, 385.0000000000000000, 0.000000000000000000 ) ) ;
#4169 = CARTESIAN_POINT ( 'NONE',  ( 191.8873057370086315, 117.0000000000000000, 311.3514577545972202 ) ) ;
#4170 = CARTESIAN_POINT ( 'NONE',  ( 169.9999999999999432, 570.1499999999997499, 263.4502437028849613 ) ) ;
#4171 = PLANE ( 'NONE',  #3239 ) ;
#4172 = LINE ( 'NONE', #11923, #10448 ) ;
#4173 = ORIENTED_EDGE ( 'NONE', *, *, #295, .T. ) ;
#4174 = LINE ( 'NONE', #1806, #2938 ) ;
#4175 = DIRECTION ( 'NONE',  ( -0.7625037589850115483, -0.2383113124287892515, 0.6014945850979835917 ) ) ;
#4176 = LINE ( 'NONE', #11928, #6828 ) ;
#4177 = ADVANCED_FACE ( 'NONE', ( #1215 ), #8892, .T. ) ;
#4178 = EDGE_CURVE ( 'NONE', #1540, #4055, #6872, .T. ) ;
#4179 = CARTESIAN_POINT ( 'NONE',  ( 0.000000000000000000, 0.000000000000000000, 326.4274360680452105 ) ) ;
#4180 = AXIS2_PLACEMENT_3D ( 'NONE', #1008, #6902, #10770 ) ;
#4181 = ORIENTED_EDGE ( 'NONE', *, *, #11283, .F. ) ;
#4182 = ORIENTED_EDGE ( 'NONE', *, *, #8848, .F. ) ;
#4183 = FACE_OUTER_BOUND ( 'NONE', #3724, .T. ) ;
#4184 = EDGE_LOOP ( 'NONE', ( #7337, #2900 ) ) ;
#4185 = VERTEX_POINT ( 'NONE', #1152 ) ;
#4186 = EDGE_CURVE ( 'NONE', #426, #8551, #1032, .T. ) ;
#4187 = EDGE_CURVE ( 'NONE', #854, #8576, #1983, .T. ) ;
#4188 = DIRECTION ( 'NONE',  ( 0.7625037589850115483, 0.2383113124287892792, -0.6014945850979835917 ) ) ;
#4189 = VECTOR ( 'NONE', #9353, 1000.000000000000000 ) ;
#4190 = DIRECTION ( 'NONE',  ( 1.000000000000000000, 0.000000000000000000, 0.000000000000000000 ) ) ;
#4191 = ORIENTED_EDGE ( 'NONE', *, *, #5933, .T. ) ;
#4192 = DIRECTION ( 'NONE',  ( 0.000000000000000000, -0.000000000000000000, 1.000000000000000000 ) ) ;
#4193 = CIRCLE ( 'NONE', #7242, 1.463400710226769874 ) ;
#4194 = CARTESIAN_POINT ( 'NONE',  ( -62.80334236607136233, 397.5500634567055158, 381.0863034817294306 ) ) ;
#4195 = FACE_OUTER_BOUND ( 'NONE', #673, .T. ) ;
#4196 = CARTESIAN_POINT ( 'NONE',  ( -198.7323768692514534, 549.7767562157462180, 259.3192521895770142 ) ) ;
#4197 = ORIENTED_EDGE ( 'NONE', *, *, #9398, .T. ) ;
#4198 = FACE_BOUND ( 'NONE', #9358, .T. ) ;
#4199 = AXIS2_PLACEMENT_3D ( 'NONE', #7132, #5291, #3511 ) ;
#4200 = VERTEX_POINT ( 'NONE', #7944 ) ;
#4201 = VERTEX_POINT ( 'NONE', #4123 ) ;
#4202 = CIRCLE ( 'NONE', #8484, 1.373246468596767134 ) ;
#4203 = CARTESIAN_POINT ( 'NONE',  ( 171.6157891360269332, 120.0000000000000000, 327.9680754845630304 ) ) ;
#4204 = DIRECTION ( 'NONE',  ( 5.632823858135333867E-17, -1.000000000000000000, 2.058509098322226626E-16 ) ) ;
#4205 = ORIENTED_EDGE ( 'NONE', *, *, #1918, .T. ) ;
#4206 = CARTESIAN_POINT ( 'NONE',  ( -116.3767717391519767, 90.00000000000018474, 351.4274360680452105 ) ) ;
#4207 = DIRECTION ( 'NONE',  ( 0.3542694005188250506, -0.8924090777664590579, -0.2794623942072531064 ) ) ;
#4208 = AXIS2_PLACEMENT_3D ( 'NONE', #8203, #10307, #12075 ) ;
#4209 = ORIENTED_EDGE ( 'NONE', *, *, #3413, .F. ) ;
#4210 = DIRECTION ( 'NONE',  ( -0.000000000000000000, -1.000000000000000000, -0.000000000000000000 ) ) ;
#4211 = VECTOR ( 'NONE', #4346, 1000.000000000000000 ) ;
#4212 = VECTOR ( 'NONE', #10074, 1000.000000000000114 ) ;
#4213 = PLANE ( 'NONE',  #786 ) ;
#4214 = ORIENTED_EDGE ( 'NONE', *, *, #265, .T. ) ;
#4215 = CARTESIAN_POINT ( 'NONE',  ( -101.4741398813534516, 570.1385330575475336, 350.9576952742889944 ) ) ;
#4216 = EDGE_LOOP ( 'NONE', ( #3522, #12086, #2980, #1150 ) ) ;
#4217 = EDGE_CURVE ( 'NONE', #4885, #11803, #4818, .T. ) ;
#4218 = AXIS2_PLACEMENT_3D ( 'NONE', #11570, #8400, #2872 ) ;
#4219 = EDGE_CURVE ( 'NONE', #11135, #7497, #2044, .T. ) ;
#4220 = CARTESIAN_POINT ( 'NONE',  ( 116.3767717391520620, 442.6530411536430165, 392.5570525041796373 ) ) ;
#4221 = ORIENTED_EDGE ( 'NONE', *, *, #7038, .T. ) ;
#4222 = EDGE_CURVE ( 'NONE', #7222, #8682, #5422, .T. ) ;
#4223 = EDGE_CURVE ( 'NONE', #9829, #12559, #5211, .T. ) ;
#4224 = CARTESIAN_POINT ( 'NONE',  ( 88.05505890628789700, 340.0000000000000568, 88.05505890635352273 ) ) ;
#4225 = LINE ( 'NONE', #3082, #521 ) ;
#4226 = CYLINDRICAL_SURFACE ( 'NONE', #11230, 4.450000000000009948 ) ;
#4227 = LINE ( 'NONE', #6319, #5808 ) ;
#4228 = CC_DESIGN_SECURITY_CLASSIFICATION ( #11340, ( #4029 ) ) ;
#4229 = VERTEX_POINT ( 'NONE', #9667 ) ;
#4230 = EDGE_CURVE ( 'NONE', #8157, #1091, #6747, .T. ) ;
#4231 = FACE_OUTER_BOUND ( 'NONE', #10096, .T. ) ;
#4232 = ORIENTED_EDGE ( 'NONE', *, *, #8912, .F. ) ;
#4233 = AXIS2_PLACEMENT_3D ( 'NONE', #3910, #4870, #7790 ) ;
#4234 = ORIENTED_EDGE ( 'NONE', *, *, #8793, .T. ) ;
#4235 = DIRECTION ( 'NONE',  ( 0.6193384587389310081, 0.000000000000000000, -0.7851241134539720390 ) ) ;
#4236 = DIRECTION ( 'NONE',  ( -0.000000000000000000, 1.000000000000000000, -0.000000000000000000 ) ) ;
#4237 = CARTESIAN_POINT ( 'NONE',  ( 140.0000000000001705, -585.1500000000002046, 340.0000000000000000 ) ) ;
#4238 = DIRECTION ( 'NONE',  ( 0.7851241134539714839, 0.000000000000000000, -0.6193384587389316742 ) ) ;
#4239 = LINE ( 'NONE', #9187, #3351 ) ;
#4240 = ORIENTED_EDGE ( 'NONE', *, *, #9787, .F. ) ;
#4241 = LINE ( 'NONE', #7487, #724 ) ;
#4242 = DIRECTION ( 'NONE',  ( 1.000000000000000000, 0.000000000000000000, 0.000000000000000000 ) ) ;
#4243 = EDGE_CURVE ( 'NONE', #9547, #1703, #4290, .T. ) ;
#4244 = CARTESIAN_POINT ( 'NONE',  ( -190.1818355124831328, 117.0000000000000000, 311.3514577545970496 ) ) ;
#4245 = VECTOR ( 'NONE', #11012, 999.9999999999998863 ) ;
#4246 = DIRECTION ( 'NONE',  ( -0.000000000000000000, -1.000000000000000000, -0.000000000000000000 ) ) ;
#4247 = EDGE_CURVE ( 'NONE', #4841, #8665, #8827, .T. ) ;
#4248 = ORIENTED_EDGE ( 'NONE', *, *, #5591, .T. ) ;
#4249 = ORIENTED_EDGE ( 'NONE', *, *, #9846, .F. ) ;
#4250 = ORIENTED_EDGE ( 'NONE', *, *, #4772, .T. ) ;
#4251 = PLANE ( 'NONE',  #12130 ) ;
#4252 = VERTEX_POINT ( 'NONE', #4840 ) ;
#4253 = ORIENTED_EDGE ( 'NONE', *, *, #10764, .T. ) ;
#4254 = EDGE_CURVE ( 'NONE', #7171, #1812, #8717, .T. ) ;
#4255 = ADVANCED_FACE ( 'NONE', ( #1090 ), #9727, .F. ) ;
#4256 = DIRECTION ( 'NONE',  ( 0.6193384587389385576, 0.000000000000000000, 0.7851241134539660438 ) ) ;
#4257 = CARTESIAN_POINT ( 'NONE',  ( -171.6157891360268195, 120.0000000000000000, 349.9640353578183749 ) ) ;
#4258 = ORIENTED_EDGE ( 'NONE', *, *, #5884, .F. ) ;
#4259 = FACE_OUTER_BOUND ( 'NONE', #9850, .T. ) ;
#4260 = DIRECTION ( 'NONE',  ( -0.000000000000000000, -1.000000000000000000, 0.000000000000000000 ) ) ;
#4261 = AXIS2_PLACEMENT_3D ( 'NONE', #4508, #8389, #3036 ) ;
#4262 = CARTESIAN_POINT ( 'NONE',  ( -62.80334236607136233, 397.6372191994531704, 380.0901087836376746 ) ) ;
#4263 = DIRECTION ( 'NONE',  ( -0.000000000000000000, 0.000000000000000000, 1.000000000000000000 ) ) ;
#4264 = ORIENTED_EDGE ( 'NONE', *, *, #1499, .T. ) ;
#4265 = CARTESIAN_POINT ( 'NONE',  ( -75.48879919395864135, 375.6925981789739240, 379.1740230565165461 ) ) ;
#4266 = VERTEX_POINT ( 'NONE', #11690 ) ;
#4267 = VECTOR ( 'NONE', #11886, 1000.000000000000000 ) ;
#4268 = ORIENTED_EDGE ( 'NONE', *, *, #788, .F. ) ;
#4269 = EDGE_CURVE ( 'NONE', #7528, #2630, #4958, .T. ) ;
#4270 = DIRECTION ( 'NONE',  ( 0.000000000000000000, 1.000000000000000000, 0.000000000000000000 ) ) ;
#4271 = CARTESIAN_POINT ( 'NONE',  ( -164.6850016612867194, 555.1982256809940282, 342.2792099597633069 ) ) ;
#4272 = ORIENTED_EDGE ( 'NONE', *, *, #257, .T. ) ;
#4273 = PLANE ( 'NONE',  #6789 ) ;
#4274 = LINE ( 'NONE', #4526, #3595 ) ;
#4275 = ORIENTED_EDGE ( 'NONE', *, *, #1790, .T. ) ;
#4276 = DIRECTION ( 'NONE',  ( 1.000000000000000000, -0.000000000000000000, -0.000000000000000000 ) ) ;
#4277 = AXIS2_PLACEMENT_3D ( 'NONE', #7892, #11760, #3113 ) ;
#4278 = CARTESIAN_POINT ( 'NONE',  ( 66.12448390330172288, 355.0000000000000000, 365.6679359893877290 ) ) ;
#4279 = ORIENTED_EDGE ( 'NONE', *, *, #8752, .T. ) ;
#4280 = ORIENTED_EDGE ( 'NONE', *, *, #11380, .F. ) ;
#4281 = LINE ( 'NONE', #7206, #10099 ) ;
#4282 = ORIENTED_EDGE ( 'NONE', *, *, #7266, .F. ) ;
#4283 = AXIS2_PLACEMENT_3D ( 'NONE', #6393, #9315, #4491 ) ;
#4284 = LINE ( 'NONE', #6313, #7473 ) ;
#4285 = VECTOR ( 'NONE', #1503, 1000.000000000000000 ) ;
#4286 = ORIENTED_EDGE ( 'NONE', *, *, #2012, .F. ) ;
#4287 = CARTESIAN_POINT ( 'NONE',  ( -172.4527765438765528, 500.6232257415425124, 310.8096042854040206 ) ) ;
#4288 = CARTESIAN_POINT ( 'NONE',  ( 50.60003379395966761, 370.0000000000000000, 375.2561429881301933 ) ) ;
#4289 = DIRECTION ( 'NONE',  ( -0.000000000000000000, 1.000000000000000000, -0.000000000000000000 ) ) ;
#4290 =( BOUNDED_CURVE ( )  B_SPLINE_CURVE ( 3, ( #5964, #1920, #10796, #5907 ),
 .UNSPECIFIED., .F., .T. ) 
 B_SPLINE_CURVE_WITH_KNOTS ( ( 4, 4 ),
 ( 4.712388980384689674, 6.283185307179586232 ),
 .UNSPECIFIED. ) 
 CURVE ( )  GEOMETRIC_REPRESENTATION_ITEM ( )  RATIONAL_B_SPLINE_CURVE ( ( 1.000000000000000000, 0.8047378541243649375, 0.8047378541243649375, 1.000000000000000000 ) ) 
 REPRESENTATION_ITEM ( '' )  );
#4291 = FACE_OUTER_BOUND ( 'NONE', #4730, .T. ) ;
#4292 = ORIENTED_EDGE ( 'NONE', *, *, #10775, .T. ) ;
#4293 = EDGE_CURVE ( 'NONE', #3897, #7256, #6405, .T. ) ;
#4294 = LINE ( 'NONE', #1382, #7475 ) ;
#4295 = AXIS2_PLACEMENT_3D ( 'NONE', #11848, #4101, #5123 ) ;
#4296 = VERTEX_POINT ( 'NONE', #6928 ) ;
#4297 = EDGE_CURVE ( 'NONE', #10238, #3244, #10031, .T. ) ;
#4298 = EDGE_LOOP ( 'NONE', ( #11798, #10144, #9314, #1445 ) ) ;
#4299 = DIRECTION ( 'NONE',  ( 0.000000000000000000, -1.000000000000000000, 0.000000000000000000 ) ) ;
#4300 = FACE_OUTER_BOUND ( 'NONE', #4216, .T. ) ;
#4301 = EDGE_CURVE ( 'NONE', #5016, #1453, #1527, .T. ) ;
#4302 = FACE_OUTER_BOUND ( 'NONE', #1816, .T. ) ;
#4303 = LINE ( 'NONE', #10084, #825 ) ;
#4304 = DIRECTION ( 'NONE',  ( 0.000000000000000000, 0.000000000000000000, -1.000000000000000000 ) ) ;
#4305 = EDGE_LOOP ( 'NONE', ( #9072, #9014, #4975, #4563 ) ) ;
#4306 = DIRECTION ( 'NONE',  ( 0.000000000000000000, -1.000000000000000000, 0.000000000000000000 ) ) ;
#4307 = DIRECTION ( 'NONE',  ( 1.000000000000000000, 0.000000000000000000, 0.000000000000000000 ) ) ;
#4308 = CYLINDRICAL_SURFACE ( 'NONE', #5800, 0.9454112335447462101 ) ;
#4309 = CARTESIAN_POINT ( 'NONE',  ( -174.9943130982813955, 117.0000000000000000, 327.9680754845628599 ) ) ;
#4310 = ORIENTED_EDGE ( 'NONE', *, *, #7792, .T. ) ;
#4311 = ORIENTED_EDGE ( 'NONE', *, *, #10553, .F. ) ;
#4312 = EDGE_LOOP ( 'NONE', ( #9164, #938, #6163, #9878 ) ) ;
#4313 = ORIENTED_EDGE ( 'NONE', *, *, #657, .F. ) ;
#4314 = VECTOR ( 'NONE', #9924, 1000.000000000000000 ) ;
#4315 = VERTEX_POINT ( 'NONE', #6152 ) ;
#4316 = CARTESIAN_POINT ( 'NONE',  ( 52.98730513377550011, 380.0582785066275164, 378.5521507562208967 ) ) ;
#4317 = EDGE_CURVE ( 'NONE', #4060, #12243, #5144, .T. ) ;
#4318 = DIRECTION ( 'NONE',  ( -0.7625037589850115483, -0.2383113124287892515, 0.6014945850979835917 ) ) ;
#4319 = ORIENTED_EDGE ( 'NONE', *, *, #7412, .T. ) ;
#4320 = CIRCLE ( 'NONE', #12229, 8.687236565862122006 ) ;
#4321 = ADVANCED_FACE ( 'NONE', ( #2488 ), #8132, .T. ) ;
#4322 = LINE ( 'NONE', #7376, #2772 ) ;
#4323 = CARTESIAN_POINT ( 'NONE',  ( 0.000000000000000000, 365.0000000000000000, 378.2385419322183111 ) ) ;
#4324 = CARTESIAN_POINT ( 'NONE',  ( -196.5160582699446365, 540.4239594998676921, 270.2019691924186304 ) ) ;
#4325 = ORIENTED_EDGE ( 'NONE', *, *, #10979, .T. ) ;
#4326 = CARTESIAN_POINT ( 'NONE',  ( 151.8249679581558667, 117.0000000000000000, 380.2970430871540657 ) ) ;
#4327 = VERTEX_POINT ( 'NONE', #4257 ) ;
#4328 = AXIS2_PLACEMENT_3D ( 'NONE', #8230, #5179, #10070 ) ;
#4329 = ORIENTED_EDGE ( 'NONE', *, *, #9132, .F. ) ;
#4330 = DIRECTION ( 'NONE',  ( -0.000000000000000000, -1.000000000000000000, 0.000000000000000000 ) ) ;
#4331 = DIRECTION ( 'NONE',  ( -0.000000000000000000, 1.000000000000000000, -0.000000000000000000 ) ) ;
#4332 = ORIENTED_EDGE ( 'NONE', *, *, #5735, .T. ) ;
#4333 = FACE_OUTER_BOUND ( 'NONE', #5292, .T. ) ;
#4334 = CARTESIAN_POINT ( 'NONE',  ( -181.9175275489054115, 554.5937432337955215, 322.5218903331670504 ) ) ;
#4335 = ORIENTED_EDGE ( 'NONE', *, *, #10046, .F. ) ;
#4336 = VECTOR ( 'NONE', #9685, 1000.000000000000000 ) ;
#4337 = CARTESIAN_POINT ( 'NONE',  ( -193.6232282608479807, 377.5518242583233359, 359.0020664014754743 ) ) ;
#4338 = ADVANCED_FACE ( 'NONE', ( #12000 ), #5336, .T. ) ;
#4339 = CARTESIAN_POINT ( 'NONE',  ( -66.20020431027140262, 358.4786935883467436, 357.3583549759672451 ) ) ;
#4340 = EDGE_CURVE ( 'NONE', #7458, #5461, #1570, .T. ) ;
#4341 = EDGE_LOOP ( 'NONE', ( #7371, #1240, #1151, #7647 ) ) ;
#4342 = ORIENTED_EDGE ( 'NONE', *, *, #1299, .F. ) ;
#4343 = DIRECTION ( 'NONE',  ( -0.000000000000000000, -1.000000000000000000, -0.000000000000000000 ) ) ;
#4344 = ORIENTED_EDGE ( 'NONE', *, *, #8051, .F. ) ;
#4345 = AXIS2_PLACEMENT_3D ( 'NONE', #8908, #272, #11770 ) ;
#4346 = DIRECTION ( 'NONE',  ( -0.000000000000000000, -0.000000000000000000, 1.000000000000000000 ) ) ;
#4347 = EDGE_CURVE ( 'NONE', #7816, #8384, #8263, .T. ) ;
#4348 = VERTEX_POINT ( 'NONE', #11939 ) ;
#4349 = EDGE_CURVE ( 'NONE', #6601, #1916, #7117, .T. ) ;
#4350 = DIRECTION ( 'NONE',  ( -0.000000000000000000, 1.000000000000000000, -0.000000000000000000 ) ) ;
#4351 = VECTOR ( 'NONE', #2152, 1000.000000000000000 ) ;
#4352 = FACE_OUTER_BOUND ( 'NONE', #2036, .T. ) ;
#4353 = DIRECTION ( 'NONE',  ( 0.000000000000000000, -0.000000000000000000, -1.000000000000000000 ) ) ;
#4354 = DIRECTION ( 'NONE',  ( 0.000000000000000000, 1.000000000000000000, -0.000000000000000000 ) ) ;
#4355 = ORIENTED_EDGE ( 'NONE', *, *, #3651, .T. ) ;
#4356 = DIRECTION ( 'NONE',  ( 0.000000000000000000, 0.000000000000000000, 1.000000000000000000 ) ) ;
#4357 = CIRCLE ( 'NONE', #3337, 3.093108195208626121 ) ;
#4358 = ORIENTED_EDGE ( 'NONE', *, *, #5615, .T. ) ;
#4359 = CARTESIAN_POINT ( 'NONE',  ( -158.5131318662553781, 555.3078530131178923, 350.1466113783531000 ) ) ;
#4360 = CIRCLE ( 'NONE', #3757, 1.463400710226769874 ) ;
#4361 = ORIENTED_EDGE ( 'NONE', *, *, #4297, .T. ) ;
#4362 = CARTESIAN_POINT ( 'NONE',  ( -66.20020431027140262, 349.8554360125530138, 369.0841896480072251 ) ) ;
#4363 = DIRECTION ( 'NONE',  ( 0.000000000000000000, -0.000000000000000000, 1.000000000000000000 ) ) ;
#4364 = ADVANCED_FACE ( 'NONE', ( #1409 ), #11046, .T. ) ;
#4365 = DIRECTION ( 'NONE',  ( -0.000000000000000000, -1.000000000000000000, -0.000000000000000000 ) ) ;
#4366 = DIRECTION ( 'NONE',  ( 0.000000000000000000, 0.000000000000000000, -1.000000000000000000 ) ) ;
#4367 = EDGE_LOOP ( 'NONE', ( #5083, #4089, #9484, #12514 ) ) ;
#4368 = CARTESIAN_POINT ( 'NONE',  ( 188.4763652879578615, 120.0000000000000000, 277.5473304590436214 ) ) ;
#4369 = DIRECTION ( 'NONE',  ( 0.000000000000000000, 0.000000000000000000, 1.000000000000000000 ) ) ;
#4370 = VECTOR ( 'NONE', #354, 1000.000000000000000 ) ;
#4371 = CARTESIAN_POINT ( 'NONE',  ( 46.12448390330171577, 377.5518242583233359, 359.0020664014754743 ) ) ;
#4372 = CYLINDRICAL_SURFACE ( 'NONE', #9881, 25.34415947953466741 ) ;
#4373 = AXIS2_PLACEMENT_3D ( 'NONE', #1017, #959, #5830 ) ;
#4374 = EDGE_LOOP ( 'NONE', ( #608, #6220, #4504, #10993 ) ) ;
#4375 = CIRCLE ( 'NONE', #9269, 5.000000000000004441 ) ;
#4376 = ORIENTED_EDGE ( 'NONE', *, *, #10929, .F. ) ;
#4377 = ORIENTED_EDGE ( 'NONE', *, *, #2989, .T. ) ;
#4378 = EDGE_CURVE ( 'NONE', #4229, #7079, #5275, .T. ) ;
#4379 = CARTESIAN_POINT ( 'NONE',  ( 85.51327925558946674, 382.2776525479377483, 361.8621453137576509 ) ) ;
#4380 = EDGE_LOOP ( 'NONE', ( #12131, #8058, #8478, #2927 ) ) ;
#4381 = VECTOR ( 'NONE', #2713, 1000.000000000000227 ) ;
#4382 = EDGE_LOOP ( 'NONE', ( #10298, #3290, #11547, #10474, #10367, #8257, #3298 ) ) ;
#4383 = EDGE_CURVE ( 'NONE', #6237, #6626, #9971, .T. ) ;
#4384 = CARTESIAN_POINT ( 'NONE',  ( 190.7868687004566937, 117.0000000000000000, 332.2694703950618873 ) ) ;
#4385 = DIRECTION ( 'NONE',  ( 0.000000000000000000, 0.08715574274764570362, 0.9961946980917466554 ) ) ;
#4386 = VERTEX_POINT ( 'NONE', #3367 ) ;
#4387 = EDGE_CURVE ( 'NONE', #1858, #10043, #10165, .T. ) ;
#4388 = CARTESIAN_POINT ( 'NONE',  ( 35.27504519909474112, 412.9811648176871586, 380.4439605203514247 ) ) ;
#4389 = VECTOR ( 'NONE', #7236, 1000.000000000000000 ) ;
#4390 = FACE_BOUND ( 'NONE', #4000, .T. ) ;
#4391 = CARTESIAN_POINT ( 'NONE',  ( 66.12448390330172288, 385.0000000000000000, 379.9883152027368283 ) ) ;
#4392 = CARTESIAN_POINT ( 'NONE',  ( -196.4318157119595867, 540.8099292569811496, 270.3087619528548089 ) ) ;
#4393 = ADVANCED_FACE ( 'NONE', ( #3434 ), #9013, .T. ) ;
#4394 = VERTEX_POINT ( 'NONE', #10230 ) ;
#4395 = DIRECTION ( 'NONE',  ( 0.6193384587389310081, 0.000000000000000000, -0.7851241134539720390 ) ) ;
#4396 = ORIENTED_EDGE ( 'NONE', *, *, #5434, .T. ) ;
#4397 = ORIENTED_EDGE ( 'NONE', *, *, #12209, .F. ) ;
#4398 = DIRECTION ( 'NONE',  ( -1.000000000000000000, 0.000000000000000000, -0.000000000000000000 ) ) ;
#4399 = CARTESIAN_POINT ( 'NONE',  ( -66.20020431027140262, 377.5518242583233359, 401.4274360680452105 ) ) ;
#4400 = VECTOR ( 'NONE', #326, 1000.000000000000000 ) ;
#4401 = ORIENTED_EDGE ( 'NONE', *, *, #5348, .T. ) ;
#4402 = LINE ( 'NONE', #12269, #94 ) ;
#4403 = DIRECTION ( 'NONE',  ( 0.1924154613586771256, -0.9711530084039702304, -0.1408478771513626548 ) ) ;
#4404 = ORIENTED_EDGE ( 'NONE', *, *, #3332, .T. ) ;
#4405 = CARTESIAN_POINT ( 'NONE',  ( -196.4542072730197049, 540.7398200061907119, 270.2803765776562273 ) ) ;
#4406 = EDGE_CURVE ( 'NONE', #11171, #399, #11089, .T. ) ;
#4407 = CIRCLE ( 'NONE', #11299, 0.9584030404425902816 ) ;
#4408 = VECTOR ( 'NONE', #194, 1000.000000000000000 ) ;
#4409 = DIRECTION ( 'NONE',  ( 0.6193384587389310081, 0.000000000000000000, -0.7851241134539720390 ) ) ;
#4410 = VERTEX_POINT ( 'NONE', #582 ) ;
#4411 = VECTOR ( 'NONE', #4246, 1000.000000000000000 ) ;
#4412 = VERTEX_POINT ( 'NONE', #4449 ) ;
#4413 = DIRECTION ( 'NONE',  ( 1.703841351481210740E-16, -1.000000000000000000, -2.159928729876911032E-16 ) ) ;
#4414 = ORIENTED_EDGE ( 'NONE', *, *, #5125, .F. ) ;
#4415 = AXIS2_PLACEMENT_3D ( 'NONE', #4850, #10441, #7527 ) ;
#4416 = CARTESIAN_POINT ( 'NONE',  ( -248.5985330171027385, 666.0000000000001137, 196.1048318924143246 ) ) ;
#4417 = CIRCLE ( 'NONE', #8867, 3.093108195208626121 ) ;
#4418 = VERTEX_POINT ( 'NONE', #11875 ) ;
#4419 = EDGE_CURVE ( 'NONE', #1405, #5654, #9893, .T. ) ;
#4420 = ADVANCED_FACE ( 'NONE', ( #1276 ), #1593, .F. ) ;
#4421 = CARTESIAN_POINT ( 'NONE',  ( 199.0404994611919847, 547.9284770521798009, 251.1788724938197106 ) ) ;
#4422 = PLANE ( 'NONE',  #9243 ) ;
#4423 = AXIS2_PLACEMENT_3D ( 'NONE', #1444, #9051, #5312 ) ;
#4424 = CYLINDRICAL_SURFACE ( 'NONE', #2721, 25.34415947953466741 ) ;
#4425 = CARTESIAN_POINT ( 'NONE',  ( -173.8375568172954218, 340.0000000000000568, 270.4181253755400576 ) ) ;
#4426 = CARTESIAN_POINT ( 'NONE',  ( -66.20020431027140262, 350.0000000000000000, 367.2715862585909008 ) ) ;
#4427 = EDGE_LOOP ( 'NONE', ( #11599, #8385, #11356, #3506, #207, #8891 ) ) ;
#4428 = CARTESIAN_POINT ( 'NONE',  ( -111.4464948675895073, 117.0000000000000000, 369.2830108560940516 ) ) ;
#4429 = ORIENTED_EDGE ( 'NONE', *, *, #7450, .T. ) ;
#4430 = DIRECTION ( 'NONE',  ( 0.000000000000000000, 1.000000000000000000, 0.000000000000000000 ) ) ;
#4431 = DIRECTION ( 'NONE',  ( 0.000000000000000000, -0.000000000000000000, -1.000000000000000000 ) ) ;
#4432 = DIRECTION ( 'NONE',  ( -0.08682659386424762538, 0.9924325091389669673, -0.08682659386424761150 ) ) ;
#4433 = CARTESIAN_POINT ( 'NONE',  ( 0.000000000000000000, -570.1500000000002046, 0.000000000000000000 ) ) ;
#4434 = EDGE_LOOP ( 'NONE', ( #8712, #11132 ) ) ;
#4435 = DIRECTION ( 'NONE',  ( 0.3418952699519141047, 0.9002049238753678795, 0.2697011668774366711 ) ) ;
#4436 = LINE ( 'NONE', #5264, #11630 ) ;
#4437 = DIRECTION ( 'NONE',  ( -0.6177089183133550598, -0.008339822323400586032, -0.7863626005856071410 ) ) ;
#4438 = LINE ( 'NONE', #8319, #355 ) ;
#4439 = ORIENTED_EDGE ( 'NONE', *, *, #8609, .F. ) ;
#4440 = ORIENTED_EDGE ( 'NONE', *, *, #11692, .F. ) ;
#4441 = VERTEX_POINT ( 'NONE', #4569 ) ;
#4442 = B_SPLINE_SURFACE_WITH_KNOTS ( 'NONE', 3, 1, ( 
 ( #752, #2790 ),
 ( #943, #4618 ),
 ( #11415, #819 ),
 ( #9571, #12485 ) ),
 .UNSPECIFIED., .F., .F., .F.,
 ( 4, 4 ),
 ( 2, 2 ),
 ( 0.6153310052447833467, 0.7534681227295547679 ),
 ( 0.000000000000000000, 1.000000000000000000 ),
 .UNSPECIFIED. ) ;
#4443 = DIRECTION ( 'NONE',  ( -0.6193384587389297868, 0.000000000000000000, -0.7851241134539729272 ) ) ;
#4444 = ORIENTED_EDGE ( 'NONE', *, *, #5565, .F. ) ;
#4445 = ORIENTED_EDGE ( 'NONE', *, *, #6681, .F. ) ;
#4446 = DIRECTION ( 'NONE',  ( -0.000000000000000000, 1.000000000000000000, -0.000000000000000000 ) ) ;
#4447 = DIRECTION ( 'NONE',  ( 0.000000000000000000, 0.000000000000000000, 1.000000000000000000 ) ) ;
#4448 = CIRCLE ( 'NONE', #2423, 59.99999999999977263 ) ;
#4449 = CARTESIAN_POINT ( 'NONE',  ( -167.3215075925851067, 370.0000000000001137, 273.5368941889740881 ) ) ;
#4450 = ORIENTED_EDGE ( 'NONE', *, *, #7704, .F. ) ;
#4451 = DIRECTION ( 'NONE',  ( 0.000000000000000000, -0.000000000000000000, -1.000000000000000000 ) ) ;
#4452 = PLANE ( 'NONE',  #12488 ) ;
#4453 = DIRECTION ( 'NONE',  ( 1.000000000000000000, -0.000000000000000000, -0.000000000000000000 ) ) ;
#4454 = EDGE_CURVE ( 'NONE', #5009, #5001, #6993, .T. ) ;
#4455 = DIRECTION ( 'NONE',  ( -1.000000000000000000, 0.000000000000000000, 0.000000000000000000 ) ) ;
#4456 = EDGE_LOOP ( 'NONE', ( #6644, #11883, #8432, #8156, #3956, #1766, #1286, #6423, #8253 ) ) ;
#4457 = DIRECTION ( 'NONE',  ( -1.000000000000000000, 0.000000000000000000, -1.133962590713343958E-15 ) ) ;
#4458 = EDGE_LOOP ( 'NONE', ( #9668, #7687, #3655, #12111, #4232, #593, #12170, #1224 ) ) ;
#4459 = EDGE_CURVE ( 'NONE', #11867, #10522, #2951, .T. ) ;
#4460 = VERTEX_POINT ( 'NONE', #3743 ) ;
#4461 = DIRECTION ( 'NONE',  ( -0.7418219060103320439, 0.3275130007695392642, -0.5851798818227861299 ) ) ;
#4462 = CARTESIAN_POINT ( 'NONE',  ( 169.9999999999999716, 550.1499999999997499, 263.4502437028849613 ) ) ;
#4463 = ORIENTED_EDGE ( 'NONE', *, *, #8250, .F. ) ;
#4464 = ADVANCED_FACE ( 'NONE', ( #9460 ), #6479, .F. ) ;
#4465 = VECTOR ( 'NONE', #10838, 1000.000000000000114 ) ;
#4466 = CARTESIAN_POINT ( 'NONE',  ( 36.93073935700697064, 416.8296090012182731, 382.7730451548061410 ) ) ;
#4467 = CARTESIAN_POINT ( 'NONE',  ( -66.20020431027140262, 352.7778575094078519, 381.2573938590626881 ) ) ;
#4468 = ORIENTED_EDGE ( 'NONE', *, *, #5347, .F. ) ;
#4469 = CARTESIAN_POINT ( 'NONE',  ( -196.5314105426548679, 540.1499999999996362, 270.1825073951878835 ) ) ;
#4470 = CARTESIAN_POINT ( 'NONE',  ( -219.2562056726987123, -7.938782836991120696E-16, 281.7403482963914030 ) ) ;
#4471 = EDGE_LOOP ( 'NONE', ( #3705, #11158, #11931, #1314 ) ) ;
#4472 = ORIENTED_EDGE ( 'NONE', *, *, #1684, .T. ) ;
#4473 = PLANE ( 'NONE',  #6658 ) ;
#4474 = EDGE_LOOP ( 'NONE', ( #1334, #769, #6366, #4520, #9540, #5916, #11148, #383 ) ) ;
#4475 = EDGE_CURVE ( 'NONE', #3374, #160, #10541, .T. ) ;
#4476 = CARTESIAN_POINT ( 'NONE',  ( 155.6329774118507601, 550.1499999999997499, 362.3943590049917134 ) ) ;
#4477 = ORIENTED_EDGE ( 'NONE', *, *, #7914, .T. ) ;
#4478 = CARTESIAN_POINT ( 'NONE',  ( 103.1381325881824722, 569.9180364958485825, 352.8383629839455580 ) ) ;
#4479 = VECTOR ( 'NONE', #12386, 1000.000000000000000 ) ;
#4480 = EDGE_CURVE ( 'NONE', #6188, #193, #10040, .T. ) ;
#4481 = LINE ( 'NONE', #10262, #11486 ) ;
#4482 = ADVANCED_FACE ( 'NONE', ( #3496 ), #2740, .T. ) ;
#4483 = CARTESIAN_POINT ( 'NONE',  ( 34.64595634993823126, 420.1716832666299410, 381.0730493695079417 ) ) ;
#4484 = CARTESIAN_POINT ( 'NONE',  ( 155.9304210587549733, 501.6802010741481013, 314.4361411584399661 ) ) ;
#4485 = LINE ( 'NONE', #9177, #9081 ) ;
#4486 = ORIENTED_EDGE ( 'NONE', *, *, #14, .T. ) ;
#4487 = LINE ( 'NONE', #5372, #9969 ) ;
#4488 = AXIS2_PLACEMENT_3D ( 'NONE', #9249, #11290, #4235 ) ;
#4489 = VECTOR ( 'NONE', #11379, 1000.000000000000000 ) ;
#4490 = VERTEX_POINT ( 'NONE', #1848 ) ;
#4491 = DIRECTION ( 'NONE',  ( 0.000000000000000000, 0.000000000000000000, -1.000000000000000000 ) ) ;
#4492 = PLANE ( 'NONE',  #1339 ) ;
#4493 = LINE ( 'NONE', #10526, #9920 ) ;
#4494 = PLANE ( 'NONE',  #5183 ) ;
#4495 = ORIENTED_EDGE ( 'NONE', *, *, #6111, .F. ) ;
#4496 = DIRECTION ( 'NONE',  ( -0.7625037589850115483, -0.2383113124287892515, 0.6014945850979835917 ) ) ;
#4497 = DIRECTION ( 'NONE',  ( -0.6193384587389330065, 0.000000000000000000, -0.7851241134539704847 ) ) ;
#4498 = DIRECTION ( 'NONE',  ( 0.000000000000000000, -0.000000000000000000, 1.000000000000000000 ) ) ;
#4499 = VECTOR ( 'NONE', #2465, 1000.000000000000114 ) ;
#4500 = DIRECTION ( 'NONE',  ( 0.6193384587389297868, 0.000000000000000000, 0.7851241134539729272 ) ) ;
#4501 = CARTESIAN_POINT ( 'NONE',  ( -195.3826487561388205, 542.7428256840596532, 263.5656416685925478 ) ) ;
#4502 = EDGE_CURVE ( 'NONE', #10672, #1424, #4360, .T. ) ;
#4503 = ORIENTED_EDGE ( 'NONE', *, *, #7340, .F. ) ;
#4504 = ORIENTED_EDGE ( 'NONE', *, *, #7212, .T. ) ;
#4505 = EDGE_LOOP ( 'NONE', ( #2158, #11197, #10424, #6675 ) ) ;
#4506 = ORIENTED_EDGE ( 'NONE', *, *, #7512, .F. ) ;
#4507 = DIRECTION ( 'NONE',  ( 0.000000000000000000, 0.000000000000000000, -1.000000000000000000 ) ) ;
#4508 = CARTESIAN_POINT ( 'NONE',  ( -191.8873057370085178, 120.0000000000000000, 351.4274360680451537 ) ) ;
#4509 = CARTESIAN_POINT ( 'NONE',  ( -171.6157891360268195, 117.0000000000000000, 351.4274360680451537 ) ) ;
#4510 = VERTEX_POINT ( 'NONE', #11245 ) ;
#4511 = EDGE_CURVE ( 'NONE', #7414, #11677, #10358, .T. ) ;
#4512 = CARTESIAN_POINT ( 'NONE',  ( -59.20020431027140262, 377.5518242583233359, 355.6679359893877290 ) ) ;
#4513 = DIRECTION ( 'NONE',  ( -0.000000000000000000, 0.000000000000000000, 1.000000000000000000 ) ) ;
#4514 = LINE ( 'NONE', #7252, #1357 ) ;
#4515 = LINE ( 'NONE', #10303, #3473 ) ;
#4516 = AXIS2_PLACEMENT_3D ( 'NONE', #7529, #5740, #2834 ) ;
#4517 = EDGE_LOOP ( 'NONE', ( #881, #5352, #1027 ) ) ;
#4518 = CARTESIAN_POINT ( 'NONE',  ( 14.47175039158928556, 120.0000000000000000, 371.2683589063772160 ) ) ;
#4519 = ORIENTED_EDGE ( 'NONE', *, *, #6503, .F. ) ;
#4520 = ORIENTED_EDGE ( 'NONE', *, *, #10707, .T. ) ;
#4521 = DIRECTION ( 'NONE',  ( 1.224646799147349509E-16, 0.000000000000000000, -1.000000000000000000 ) ) ;
#4522 = DIRECTION ( 'NONE',  ( 0.000000000000000000, 0.000000000000000000, 1.000000000000000000 ) ) ;
#4523 = ORIENTED_EDGE ( 'NONE', *, *, #4406, .F. ) ;
#4524 = EDGE_CURVE ( 'NONE', #9144, #2289, #2555, .T. ) ;
#4525 = DIRECTION ( 'NONE',  ( -1.000000000000000000, 0.000000000000000000, 0.000000000000000000 ) ) ;
#4526 = CARTESIAN_POINT ( 'NONE',  ( -59.20020431027140262, 385.0000000000000000, 385.9443499868726803 ) ) ;
#4527 = ORIENTED_EDGE ( 'NONE', *, *, #12253, .F. ) ;
#4528 = CARTESIAN_POINT ( 'NONE',  ( -66.20020431027140262, 344.7977620481757413, 368.1767981924078867 ) ) ;
#4529 = EDGE_CURVE ( 'NONE', #470, #7874, #727, .T. ) ;
#4530 = VECTOR ( 'NONE', #8378, 1000.000000000000114 ) ;
#4531 = CARTESIAN_POINT ( 'NONE',  ( -124.4707399695010110, 355.0000000000001137, 280.7574829257859506 ) ) ;
#4532 = ORIENTED_EDGE ( 'NONE', *, *, #11040, .T. ) ;
#4533 = ORIENTED_EDGE ( 'NONE', *, *, #6524, .F. ) ;
#4534 = DIRECTION ( 'NONE',  ( 1.981605846146593378E-15, 0.000000000000000000, -1.000000000000000000 ) ) ;
#4535 = ORIENTED_EDGE ( 'NONE', *, *, #233, .T. ) ;
#4536 = LINE ( 'NONE', #1623, #1273 ) ;
#4538 = ORIENTED_EDGE ( 'NONE', *, *, #4617, .T. ) ;
#4537 = CIRCLE ( 'NONE', #11022, 7.564999999999988844 ) ;
#4539 = CARTESIAN_POINT ( 'NONE',  ( 103.2729958692049479, 569.9615798223774163, 352.3710836103840052 ) ) ;
#4540 = CARTESIAN_POINT ( 'NONE',  ( 0.000000000000000000, -280.1694956085287345, 362.4264068711929099 ) ) ;
#4541 = DIRECTION ( 'NONE',  ( 0.7625037589850115483, 0.2383113124287892515, -0.6014945850979835917 ) ) ;
#4542 = DIRECTION ( 'NONE',  ( 0.000000000000000000, -1.000000000000000000, 0.000000000000000000 ) ) ;
#4543 = CARTESIAN_POINT ( 'NONE',  ( 131.8187301371596050, 120.0000000000000000, 335.1700527001624437 ) ) ;
#4544 = ORIENTED_EDGE ( 'NONE', *, *, #6087, .F. ) ;
#4545 = CARTESIAN_POINT ( 'NONE',  ( 227.1074468072384320, 447.7225322203747737, 287.9337328837804648 ) ) ;
#4546 = VECTOR ( 'NONE', #4276, 1000.000000000000000 ) ;
#4547 = EDGE_CURVE ( 'NONE', #4510, #4581, #8390, .T. ) ;
#4548 = ORIENTED_EDGE ( 'NONE', *, *, #994, .T. ) ;
#4549 = DIRECTION ( 'NONE',  ( -1.000000000000000000, 0.000000000000000000, 0.000000000000000000 ) ) ;
#4550 = PLANE ( 'NONE',  #7635 ) ;
#4551 = CARTESIAN_POINT ( 'NONE',  ( 130.5203249716378480, 117.0000000000000000, 375.7770121559649965 ) ) ;
#4552 = ADVANCED_FACE ( 'NONE', ( #4701 ), #12439, .T. ) ;
#4553 = DIRECTION ( 'NONE',  ( 0.000000000000000000, -1.000000000000000000, 0.000000000000000000 ) ) ;
#4554 = ORIENTED_EDGE ( 'NONE', *, *, #10145, .T. ) ;
#4555 = FACE_OUTER_BOUND ( 'NONE', #7204, .T. ) ;
#4556 = CARTESIAN_POINT ( 'NONE',  ( -161.4912776463228852, 554.9484212029425407, 348.5563991932134513 ) ) ;
#4557 = AXIS2_PLACEMENT_3D ( 'NONE', #11889, #5293, #9157 ) ;
#4558 = CARTESIAN_POINT ( 'NONE',  ( 196.2295792432506971, 539.1499999999996362, 270.5651334504786405 ) ) ;
#4559 = AXIS2_PLACEMENT_3D ( 'NONE', #5401, #7374, #4979 ) ;
#4560 = CARTESIAN_POINT ( 'NONE',  ( -197.4067025095970394, 553.7587673468192406, 260.9997854936061117 ) ) ;
#4561 = ORIENTED_EDGE ( 'NONE', *, *, #9621, .T. ) ;
#4562 =( NAMED_UNIT ( * ) PLANE_ANGLE_UNIT ( ) SI_UNIT ( $, .RADIAN. ) );
#4563 = ORIENTED_EDGE ( 'NONE', *, *, #2611, .F. ) ;
#4564 = VECTOR ( 'NONE', #12366, 1000.000000000000000 ) ;
#4565 = EDGE_LOOP ( 'NONE', ( #11398, #8047, #3811, #11385, #9738 ) ) ;
#4566 = CARTESIAN_POINT ( 'NONE',  ( 170.7821151946522207, 420.0000000000000000, 340.8446098432762028 ) ) ;
#4567 = FACE_OUTER_BOUND ( 'NONE', #1163, .T. ) ;
#4568 = VECTOR ( 'NONE', #1019, 1000.000000000000000 ) ;
#4569 = CARTESIAN_POINT ( 'NONE',  ( -148.0061200503008934, 117.0000000000000000, 352.8908367782719324 ) ) ;
#4570 = EDGE_LOOP ( 'NONE', ( #5082, #5034, #12271, #11759 ) ) ;
#4571 = ADVANCED_FACE ( 'NONE', ( #4638 ), #10296, .T. ) ;
#4572 = ADVANCED_FACE ( 'NONE', ( #705 ), #10222, .T. ) ;
#4573 = VECTOR ( 'NONE', #9713, 1000.000000000000000 ) ;
#4574 = CARTESIAN_POINT ( 'NONE',  ( 74.86688931094020916, 370.0000000000000000, 370.8061429881302047 ) ) ;
#4575 = DIRECTION ( 'NONE',  ( -0.6193384587389310081, 0.000000000000000000, 0.7851241134539720390 ) ) ;
#4576 = FACE_OUTER_BOUND ( 'NONE', #12282, .T. ) ;
#4577 = DIRECTION ( 'NONE',  ( 0.000000000000000000, 0.000000000000000000, 1.000000000000000000 ) ) ;
#4578 = CIRCLE ( 'NONE', #5792, 1.373246468596767134 ) ;
#4579 = ORIENTED_EDGE ( 'NONE', *, *, #9999, .T. ) ;
#4580 = DIRECTION ( 'NONE',  ( -0.000000000000000000, -1.000000000000000000, -0.000000000000000000 ) ) ;
#4581 = VERTEX_POINT ( 'NONE', #2082 ) ;
#4582 = ADVANCED_FACE ( 'NONE', ( #7809 ), #57, .F. ) ;
#4583 = VECTOR ( 'NONE', #1637, 1000.000000000000000 ) ;
#4584 = EDGE_LOOP ( 'NONE', ( #8386, #1369, #1862, #4073 ) ) ;
#4585 = CIRCLE ( 'NONE', #8231, 5.000000000000004441 ) ;
#4586 = LINE ( 'NONE', #3510, #11364 ) ;
#4587 = CARTESIAN_POINT ( 'NONE',  ( -160.1090369538139555, 500.8424804057902975, 326.5444071225835501 ) ) ;
#4588 = ORIENTED_EDGE ( 'NONE', *, *, #3651, .F. ) ;
#4589 = FACE_OUTER_BOUND ( 'NONE', #6410, .T. ) ;
#4590 = CARTESIAN_POINT ( 'NONE',  ( -138.6532530255901179, 370.0000000000000000, 300.6102691007595240 ) ) ;
#4591 = ORIENTED_EDGE ( 'NONE', *, *, #8861, .T. ) ;
#4592 = FACE_OUTER_BOUND ( 'NONE', #2381, .T. ) ;
#4593 = PLANE ( 'NONE',  #6905 ) ;
#4594 = ORIENTED_EDGE ( 'NONE', *, *, #48, .T. ) ;
#4595 = ORIENTED_EDGE ( 'NONE', *, *, #9684, .T. ) ;
#4596 = DIRECTION ( 'NONE',  ( 0.000000000000000000, 0.000000000000000000, 1.000000000000000000 ) ) ;
#4597 = ORIENTED_EDGE ( 'NONE', *, *, #5966, .F. ) ;
#4598 = AXIS2_PLACEMENT_3D ( 'NONE', #6020, #11929, #3226 ) ;
#4599 = CARTESIAN_POINT ( 'NONE',  ( -102.8717205707465610, 117.0000000000000000, 380.2970430871539520 ) ) ;
#4600 = ORIENTED_EDGE ( 'NONE', *, *, #586, .T. ) ;
#4601 = CARTESIAN_POINT ( 'NONE',  ( 185.0345202258094730, 566.1849479698508958, 257.0972476434160967 ) ) ;
#4602 = DIRECTION ( 'NONE',  ( 0.000000000000000000, 0.000000000000000000, 1.000000000000000000 ) ) ;
#4603 = AXIS2_PLACEMENT_3D ( 'NONE', #6497, #7199, #9219 ) ;
#4604 = VECTOR ( 'NONE', #12065, 1000.000000000000000 ) ;
#4605 = CARTESIAN_POINT ( 'NONE',  ( -173.3050511171541075, 117.0000000000000000, 327.9680754845628599 ) ) ;
#4606 = DIRECTION ( 'NONE',  ( 0.000000000000000000, -0.000000000000000000, -1.000000000000000000 ) ) ;
#4607 = VECTOR ( 'NONE', #2479, 1000.000000000000000 ) ;
#4608 = CARTESIAN_POINT ( 'NONE',  ( -175.1311997525218089, 352.5000000000000000, 324.1304959033155342 ) ) ;
#4609 = EDGE_CURVE ( 'NONE', #3541, #11897, #10783, .T. ) ;
#4610 = B_SPLINE_CURVE_WITH_KNOTS ( 'NONE', 3,
 ( #3537, #7417, #8434, #1951 ),
 .UNSPECIFIED., .F., .F.,
 ( 4, 4 ),
 ( 0.2021644668702075320, 0.2655180741460584914 ),
 .UNSPECIFIED. ) ;
#4611 = ORIENTED_EDGE ( 'NONE', *, *, #12483, .T. ) ;
#4612 = FACE_OUTER_BOUND ( 'NONE', #8438, .T. ) ;
#4613 = EDGE_CURVE ( 'NONE', #1864, #7256, #2149, .T. ) ;
#4614 = VECTOR ( 'NONE', #11259, 1000.000000000000114 ) ;
#4615 = EDGE_LOOP ( 'NONE', ( #2450, #11687, #5181, #7975 ) ) ;
#4616 = ADVANCED_FACE ( 'NONE', ( #8877 ), #3096, .F. ) ;
#4617 = EDGE_CURVE ( 'NONE', #5543, #3541, #11797, .T. ) ;
#4618 = CARTESIAN_POINT ( 'NONE',  ( -136.1948344576598799, 340.0000000000000568, 305.2559512890150586 ) ) ;
#4619 = AXIS2_PLACEMENT_3D ( 'NONE', #2717, #7539, #6579 ) ;
#4620 = LINE ( 'NONE', #12363, #9520 ) ;
#4621 = CARTESIAN_POINT ( 'NONE',  ( -70.18354552143789249, 117.0000000000000000, 384.8487875627029098 ) ) ;
#4622 = ORIENTED_EDGE ( 'NONE', *, *, #1013, .T. ) ;
#4623 = CARTESIAN_POINT ( 'NONE',  ( -195.7024822690793826, 120.0000000000000000, 263.1601945342233648 ) ) ;
#4624 = EDGE_CURVE ( 'NONE', #1484, #5097, #6969, .T. ) ;
#4625 = DIRECTION ( 'NONE',  ( -0.000000000000000000, 1.000000000000000000, -0.000000000000000000 ) ) ;
#4626 = CARTESIAN_POINT ( 'NONE',  ( 85.17062379273923511, 365.0000000000000000, 363.3737440440420414 ) ) ;
#4627 = CIRCLE ( 'NONE', #12550, 2.114999999999978009 ) ;
#4628 = LINE ( 'NONE', #4558, #6222 ) ;
#4629 = VECTOR ( 'NONE', #9624, 1000.000000000000000 ) ;
#4630 = DIRECTION ( 'NONE',  ( -1.703841351481210493E-16, 1.000000000000000000, 2.159928729876910786E-16 ) ) ;
#4631 = CARTESIAN_POINT ( 'NONE',  ( -59.20020431027140262, 385.0000000000000000, 384.3406997176695086 ) ) ;
#4632 = VERTEX_POINT ( 'NONE', #10660 ) ;
#4633 = VECTOR ( 'NONE', #10421, 1000.000000000000000 ) ;
#4634 = ORIENTED_EDGE ( 'NONE', *, *, #11792, .F. ) ;
#4635 = DIRECTION ( 'NONE',  ( 0.000000000000000000, -0.08715574274765820750, 0.9961946980917455452 ) ) ;
#4636 = DIRECTION ( 'NONE',  ( 0.000000000000000000, 1.000000000000000000, 0.000000000000000000 ) ) ;
#4637 = EDGE_CURVE ( 'NONE', #10173, #6535, #9834, .T. ) ;
#4638 = FACE_OUTER_BOUND ( 'NONE', #333, .T. ) ;
#4639 = ORIENTED_EDGE ( 'NONE', *, *, #6242, .F. ) ;
#4640 = DIRECTION ( 'NONE',  ( -1.703841351481210740E-16, 1.000000000000000000, -0.000000000000000000 ) ) ;
#4641 = ADVANCED_FACE ( 'NONE', ( #4884 ), #8646, .F. ) ;
#4642 = CARTESIAN_POINT ( 'NONE',  ( -89.70512701532693711, 416.8296090012182162, 382.7730451548061410 ) ) ;
#4643 = DIRECTION ( 'NONE',  ( -1.000000000000000000, 0.000000000000000000, -1.133962590713343958E-15 ) ) ;
#4644 = CARTESIAN_POINT ( 'NONE',  ( 63.87115989019968509, 402.9660550741079987, 380.5563215124602152 ) ) ;
#4645 = VERTEX_POINT ( 'NONE', #8759 ) ;
#4646 = FACE_BOUND ( 'NONE', #12422, .T. ) ;
#4647 = VERTEX_POINT ( 'NONE', #179 ) ;
#4648 = EDGE_CURVE ( 'NONE', #10253, #6002, #12273, .T. ) ;
#4649 = AXIS2_PLACEMENT_3D ( 'NONE', #2791, #6461, #6663 ) ;
#4650 = ORIENTED_EDGE ( 'NONE', *, *, #9180, .T. ) ;
#4651 = ORIENTED_EDGE ( 'NONE', *, *, #3748, .T. ) ;
#4652 = CARTESIAN_POINT ( 'NONE',  ( 101.7259631302511309, 570.1499999999997499, 350.0000000000000000 ) ) ;
#4653 = CARTESIAN_POINT ( 'NONE',  ( -151.8249679581558098, 120.0000000000000000, 380.2970430871539520 ) ) ;
#4654 = VERTEX_POINT ( 'NONE', #9899 ) ;
#4655 = CARTESIAN_POINT ( 'NONE',  ( 130.5203249716378480, 120.0000000000000000, 368.2120121559649988 ) ) ;
#4656 = FACE_OUTER_BOUND ( 'NONE', #5042, .T. ) ;
#4657 = EDGE_LOOP ( 'NONE', ( #5331, #2135, #8207, #4757 ) ) ;
#4658 = PERSON ( 'BELÝRTÝLMEMÝÞ', 'BELÝRTÝLMEMÝÞ', 'BELÝRTÝLMEMÝÞ', ('BELÝRTÝLMEMÝÞ'), ('BELÝRTÝLMEMÝÞ'), ('BELÝRTÝLMEMÝÞ') ) ;
#4659 = CARTESIAN_POINT ( 'NONE',  ( -196.3960291037429613, 540.9480574619587969, 270.3541279860038458 ) ) ;
#4660 = VECTOR ( 'NONE', #6887, 1000.000000000000000 ) ;
#4661 = ORIENTED_EDGE ( 'NONE', *, *, #12138, .F. ) ;
#4662 = DIRECTION ( 'NONE',  ( -0.7071067811865426878, -0.7044160264027642393, -0.06162841671621044348 ) ) ;
#4663 = EDGE_LOOP ( 'NONE', ( #6068, #7240, #2990 ) ) ;
#4664 = ORIENTED_EDGE ( 'NONE', *, *, #7408, .F. ) ;
#4665 = CARTESIAN_POINT ( 'NONE',  ( -122.6100064043392877, 561.9920003185840187, 351.4274360680452105 ) ) ;
#4666 = ORIENTED_EDGE ( 'NONE', *, *, #498, .F. ) ;
#4667 = ADVANCED_FACE ( 'NONE', ( #8812 ), #12502, .T. ) ;
#4668 = CARTESIAN_POINT ( 'NONE',  ( -175.7456577538738998, 554.7033705659193856, 330.3892917517569572 ) ) ;
#4669 = ORIENTED_EDGE ( 'NONE', *, *, #5515, .F. ) ;
#4670 = DIRECTION ( 'NONE',  ( 0.000000000000000000, 0.000000000000000000, 1.000000000000000000 ) ) ;
#4671 = DIRECTION ( 'NONE',  ( 0.7851241134539720390, 0.000000000000000000, 0.6193384587389310081 ) ) ;
#4672 = CARTESIAN_POINT ( 'NONE',  ( 42.48496570340527967, 117.0000000000000000, 370.0487020943513130 ) ) ;
#4673 = LINE ( 'NONE', #4483, #7983 ) ;
#4674 = PLANE ( 'NONE',  #1767 ) ;
#4675 = CARTESIAN_POINT ( 'NONE',  ( -178.6196059940629937, 500.4878024366432783, 302.9383720921178451 ) ) ;
#4676 = ORIENTED_EDGE ( 'NONE', *, *, #9016, .F. ) ;
#4677 = DIRECTION ( 'NONE',  ( 0.000000000000000000, 1.000000000000000000, 0.000000000000000000 ) ) ;
#4678 = ORIENTED_EDGE ( 'NONE', *, *, #1789, .T. ) ;
#4679 = VECTOR ( 'NONE', #11425, 1000.000000000000000 ) ;
#4680 = VECTOR ( 'NONE', #8598, 1000.000000000000000 ) ;
#4681 = ADVANCED_FACE ( 'NONE', ( #4943 ), #118, .T. ) ;
#4682 = CARTESIAN_POINT ( 'NONE',  ( 50.60003379395966761, 365.0000000000000000, 366.3561429881301592 ) ) ;
#4683 = LINE ( 'NONE', #10272, #5252 ) ;
#4684 = CARTESIAN_POINT ( 'NONE',  ( -133.2375149975243005, 340.0000000000000568, 315.4117178612977455 ) ) ;
#4685 = ORIENTED_EDGE ( 'NONE', *, *, #8585, .F. ) ;
#4686 = CARTESIAN_POINT ( 'NONE',  ( -173.1633011187294642, 120.0000000000000000, 268.7283367417280147 ) ) ;
#4687 = EDGE_CURVE ( 'NONE', #2892, #4122, #3958, .T. ) ;
#4688 = DIRECTION ( 'NONE',  ( 1.000000000000000000, 0.000000000000000000, 0.000000000000000000 ) ) ;
#4689 = CARTESIAN_POINT ( 'NONE',  ( -132.1853774581440746, 443.4226777085930848, 343.6796744731715876 ) ) ;
#4690 = VECTOR ( 'NONE', #3415, 1000.000000000000000 ) ;
#4691 = LINE ( 'NONE', #8511, #3186 ) ;
#4692 = EDGE_CURVE ( 'NONE', #8252, #240, #10293, .T. ) ;
#4693 = AXIS2_PLACEMENT_3D ( 'NONE', #8928, #232, #2076 ) ;
#4694 = LINE ( 'NONE', #7617, #11774 ) ;
#4695 = CARTESIAN_POINT ( 'NONE',  ( -188.4763652879577478, 120.0000000000000000, 311.3514577545970496 ) ) ;
#4696 = VERTEX_POINT ( 'NONE', #4827 ) ;
#4697 = ADVANCED_FACE ( 'NONE', ( #961 ), #11618, .T. ) ;
#4698 = EDGE_LOOP ( 'NONE', ( #8214, #5477, #6171, #3444 ) ) ;
#4699 = CARTESIAN_POINT ( 'NONE',  ( -159.9882456869716520, 315.0000000000000568, 309.1348121858569016 ) ) ;
#4700 = CARTESIAN_POINT ( 'NONE',  ( -191.8873057370085178, 117.0000000000000000, 332.2694703950617168 ) ) ;
#4701 = FACE_OUTER_BOUND ( 'NONE', #4505, .T. ) ;
#4702 = AXIS2_PLACEMENT_3D ( 'NONE', #93, #3966, #7851 ) ;
#4703 = ORIENTED_EDGE ( 'NONE', *, *, #10681, .T. ) ;
#4704 = LINE ( 'NONE', #11502, #2543 ) ;
#4705 = LINE ( 'NONE', #2868, #2570 ) ;
#4706 = DIRECTION ( 'NONE',  ( -0.6193384587389308971, -2.751066605730403524E-16, 0.7851241134539720390 ) ) ;
#4707 = CARTESIAN_POINT ( 'NONE',  ( 176.3135992134150740, 385.0000000000000000, 318.3040661615337967 ) ) ;
#4708 = ORIENTED_EDGE ( 'NONE', *, *, #6657, .T. ) ;
#4709 = CARTESIAN_POINT ( 'NONE',  ( 159.9882456870035412, 320.0000000000000568, 303.8849079833827318 ) ) ;
#4710 = ORIENTED_EDGE ( 'NONE', *, *, #2553, .F. ) ;
#4711 = ADVANCED_FACE ( 'NONE', ( #8703 ), #9956, .F. ) ;
#4712 = ORIENTED_EDGE ( 'NONE', *, *, #1500, .F. ) ;
#4713 = VERTEX_POINT ( 'NONE', #12116 ) ;
#4714 = DIRECTION ( 'NONE',  ( 0.000000000000000000, -1.000000000000000000, 0.000000000000000000 ) ) ;
#4715 = CARTESIAN_POINT ( 'NONE',  ( -132.0792540082314019, 550.1499999999997499, 343.8142052428237889 ) ) ;
#4716 = ORIENTED_EDGE ( 'NONE', *, *, #3282, .T. ) ;
#4717 = CARTESIAN_POINT ( 'NONE',  ( -59.20020431027140262, 377.5518242583233359, 355.6679359893877290 ) ) ;
#4718 = CARTESIAN_POINT ( 'NONE',  ( 191.8873057370085746, 117.0000000000000000, 351.4274360680452673 ) ) ;
#4719 = ORIENTED_EDGE ( 'NONE', *, *, #4957, .F. ) ;
#4720 = VECTOR ( 'NONE', #2000, 999.9999999999998863 ) ;
#4721 = LINE ( 'NONE', #8663, #7593 ) ;
#4722 = CARTESIAN_POINT ( 'NONE',  ( 14.47175039158928556, 117.0000000000000000, 371.2683589063772160 ) ) ;
#4723 = CLOSED_SHELL ( 'NONE', ( #1318, #11600, #11373, #8143, #3548, #9004 ) ) ;
#4724 = EDGE_LOOP ( 'NONE', ( #6571, #10079, #6566, #6936 ) ) ;
#4725 = ORIENTED_EDGE ( 'NONE', *, *, #11617, .F. ) ;
#4726 = LINE ( 'NONE', #1747, #7078 ) ;
#4727 = B_SPLINE_CURVE_WITH_KNOTS ( 'NONE', 3,
 ( #4915, #10811, #9560, #2113 ),
 .UNSPECIFIED., .F., .F.,
 ( 4, 4 ),
 ( 0.000000000000000000, 0.2010256083882483169 ),
 .UNSPECIFIED. ) ;
#4728 = ORIENTED_EDGE ( 'NONE', *, *, #2385, .F. ) ;
#4729 = CARTESIAN_POINT ( 'NONE',  ( 218.9543743732946268, 489.0199999999996976, 282.1229743516821031 ) ) ;
#4730 = EDGE_LOOP ( 'NONE', ( #3590, #4893, #2944, #5664 ) ) ;
#4731 = CARTESIAN_POINT ( 'NONE',  ( 173.3050511171542212, 117.0000000000000000, 327.9680754845630304 ) ) ;
#4732 = DIRECTION ( 'NONE',  ( 0.6193384587389315632, 0.000000000000000000, 0.7851241134539715949 ) ) ;
#4733 = CARTESIAN_POINT ( 'NONE',  ( 66.12448390330172288, 345.0000000000000000, 0.000000000000000000 ) ) ;
#4734 = CIRCLE ( 'NONE', #6955, 4.450000000000009948 ) ;
#4735 = ADVANCED_FACE ( 'NONE', ( #12046 ), #373, .T. ) ;
#4736 = DIRECTION ( 'NONE',  ( 0.000000000000000000, -1.000000000000000000, 0.000000000000000000 ) ) ;
#4737 = EDGE_CURVE ( 'NONE', #2642, #12076, #9837, .T. ) ;
#4738 = CARTESIAN_POINT ( 'NONE',  ( -73.04314379576342731, 378.2161028627631367, 378.3909812711591485 ) ) ;
#4739 = B_SPLINE_SURFACE_WITH_KNOTS ( 'NONE', 3, 1, ( 
 ( #1126, #1066 ),
 ( #2137, #229 ),
 ( #10771, #8751 ),
 ( #5941, #5881 ) ),
 .UNSPECIFIED., .F., .F., .F.,
 ( 4, 4 ),
 ( 2, 2 ),
 ( 0.000000000000000000, 1.000000000000000000 ),
 ( 0.000000000000000000, 1.000000000000000000 ),
 .UNSPECIFIED. ) ;
#4740 = ORIENTED_EDGE ( 'NONE', *, *, #10304, .F. ) ;
#4741 = CARTESIAN_POINT ( 'NONE',  ( 111.4464948675895926, 117.0000000000000000, 368.5173196178369608 ) ) ;
#4742 = EDGE_CURVE ( 'NONE', #12456, #11288, #11162, .T. ) ;
#4743 = ORIENTED_EDGE ( 'NONE', *, *, #7537, .T. ) ;
#4744 = AXIS2_PLACEMENT_3D ( 'NONE', #11015, #6318, #3596 ) ;
#4745 = EDGE_CURVE ( 'NONE', #845, #260, #105, .T. ) ;
#4746 = CARTESIAN_POINT ( 'NONE',  ( -209.2562056726987407, 550.1499999999997499, 294.4171666398315210 ) ) ;
#4747 = CARTESIAN_POINT ( 'NONE',  ( 39.47285318341127436, 365.0000000000000000, 365.3661334402254965 ) ) ;
#4748 = CARTESIAN_POINT ( 'NONE',  ( -187.0218920813575778, 554.8177517390718094, 313.8123964954401117 ) ) ;
#4749 = ORIENTED_EDGE ( 'NONE', *, *, #630, .F. ) ;
#4750 = LINE ( 'NONE', #1773, #12070 ) ;
#4751 = DIRECTION ( 'NONE',  ( -1.000000000000000000, 0.000000000000000000, -1.981605846146593378E-15 ) ) ;
#4752 = CARTESIAN_POINT ( 'NONE',  ( -111.4464948675895073, 117.0000000000000000, 370.0487020943512562 ) ) ;
#4753 = AXIS2_PLACEMENT_3D ( 'NONE', #1425, #12088, #3128 ) ;
#4754 = LINE ( 'NONE', #9640, #7662 ) ;
#4755 = DIRECTION ( 'NONE',  ( 0.000000000000000000, 0.000000000000000000, -1.000000000000000000 ) ) ;
#4756 = DIRECTION ( 'NONE',  ( 1.000000000000000000, 0.000000000000000000, 0.000000000000000000 ) ) ;
#4757 = ORIENTED_EDGE ( 'NONE', *, *, #2722, .F. ) ;
#4758 = ORIENTED_EDGE ( 'NONE', *, *, #4992, .T. ) ;
#4759 = FACE_OUTER_BOUND ( 'NONE', #7589, .T. ) ;
#4760 = CARTESIAN_POINT ( 'NONE',  ( 173.3050511171542212, 117.0000000000000000, 329.6573374656903184 ) ) ;
#4761 = DIRECTION ( 'NONE',  ( 1.000000000000000000, 0.000000000000000000, 0.000000000000000000 ) ) ;
#4762 = ORIENTED_EDGE ( 'NONE', *, *, #6652, .T. ) ;
#4763 = DIRECTION ( 'NONE',  ( 0.000000000000000000, 0.000000000000000000, -1.000000000000000000 ) ) ;
#4764 = CIRCLE ( 'NONE', #4559, 20.00000000000001776 ) ;
#4765 = CARTESIAN_POINT ( 'NONE',  ( -42.48496570340520861, 117.0000000000000000, 368.8290452823252963 ) ) ;
#4766 = CARTESIAN_POINT ( 'NONE',  ( 63.01608243374601415, 376.0859873310966464, 377.9443499868726803 ) ) ;
#4767 = DIRECTION ( 'NONE',  ( 0.000000000000000000, -1.000000000000000000, 0.000000000000000000 ) ) ;
#4768 = ORIENTED_EDGE ( 'NONE', *, *, #10519, .F. ) ;
#4769 = AXIS2_PLACEMENT_3D ( 'NONE', #7328, #9352, #4525 ) ;
#4770 = CARTESIAN_POINT ( 'NONE',  ( -163.0871827338810647, 500.4830485956148891, 324.9541949374443561 ) ) ;
#4771 = ORIENTED_EDGE ( 'NONE', *, *, #5162, .F. ) ;
#4772 = EDGE_CURVE ( 'NONE', #8944, #5787, #1526, .T. ) ;
#4773 = CIRCLE ( 'NONE', #4153, 0.9454112335447462101 ) ;
#4774 = ORIENTED_EDGE ( 'NONE', *, *, #9623, .F. ) ;
#4775 = EDGE_CURVE ( 'NONE', #7603, #1417, #7163, .T. ) ;
#4776 = ADVANCED_FACE ( 'NONE', ( #7991 ), #8177, .T. ) ;
#4777 = LINE ( 'NONE', #11387, #3799 ) ;
#4778 = ORIENTED_EDGE ( 'NONE', *, *, #3836, .F. ) ;
#4779 = DIRECTION ( 'NONE',  ( 0.1924154613586765150, -0.9711530084039703414, -0.1408478771513629324 ) ) ;
#4780 =( BOUNDED_CURVE ( )  B_SPLINE_CURVE ( 3, ( #11408, #2460, #6514, #7404 ),
 .UNSPECIFIED., .F., .F. ) 
 B_SPLINE_CURVE_WITH_KNOTS ( ( 4, 4 ),
 ( 5.501585242055410774, 7.064785372303754585 ),
 .UNSPECIFIED. ) 
 CURVE ( )  GEOMETRIC_REPRESENTATION_ITEM ( )  RATIONAL_B_SPLINE_CURVE ( ( 1.000000000000000000, 0.8065248903853456941, 0.8065248903853456941, 1.000000000000000000 ) ) 
 REPRESENTATION_ITEM ( '' )  );
#4781 = LINE ( 'NONE', #3826, #9676 ) ;
#4782 = EDGE_CURVE ( 'NONE', #2647, #531, #4239, .T. ) ;
#4783 = DIRECTION ( 'NONE',  ( 0.000000000000000000, 0.000000000000000000, 1.000000000000000000 ) ) ;
#4784 = CLOSED_SHELL ( 'NONE', ( #11900, #4735, #8205, #6607, #11645, #11577, #6246 ) ) ;
#4785 = VECTOR ( 'NONE', #5558, 1000.000000000000000 ) ;
#4786 = ORIENTED_EDGE ( 'NONE', *, *, #1765, .T. ) ;
#4787 = CARTESIAN_POINT ( 'NONE',  ( -88.14400427749249900, 412.3469771424736336, 382.3808656844058191 ) ) ;
#4788 = VECTOR ( 'NONE', #1653, 1000.000000000000114 ) ;
#4789 = ORIENTED_EDGE ( 'NONE', *, *, #3485, .T. ) ;
#4790 = CARTESIAN_POINT ( 'NONE',  ( -74.95297405475031383, 370.0000000000000000, 366.3296056465372885 ) ) ;
#4791 = VERTEX_POINT ( 'NONE', #1262 ) ;
#4792 = AXIS2_PLACEMENT_3D ( 'NONE', #8134, #8332, #517 ) ;
#4793 = CARTESIAN_POINT ( 'NONE',  ( -62.15928903933924943, 375.7797539217215785, 378.1778283584246765 ) ) ;
#4794 = LINE ( 'NONE', #10271, #2388 ) ;
#4795 = ORIENTED_EDGE ( 'NONE', *, *, #9509, .T. ) ;
#4796 = CARTESIAN_POINT ( 'NONE',  ( -186.7071566514271410, 500.3781751045193005, 292.6424968439480949 ) ) ;
#4797 = ADVANCED_FACE ( 'NONE', ( #304 ), #6201, .T. ) ;
#4798 = CARTESIAN_POINT ( 'NONE',  ( 140.0000000000001705, -570.1500000000002046, 340.0000000000000000 ) ) ;
#4799 = DIRECTION ( 'NONE',  ( -1.000000000000000000, 0.000000000000000000, 0.000000000000000000 ) ) ;
#4800 = LINE ( 'NONE', #4981, #6563 ) ;
#4801 = AXIS2_PLACEMENT_3D ( 'NONE', #9241, #9049, #12168 ) ;
#4802 = DIRECTION ( 'NONE',  ( 0.7851241134539714839, -0.000000000000000000, -0.6193384587389316742 ) ) ;
#4803 = ORIENTED_EDGE ( 'NONE', *, *, #4782, .T. ) ;
#4804 = CARTESIAN_POINT ( 'NONE',  ( -143.7660069451176525, 117.0000000000000000, 367.1410134558357186 ) ) ;
#4805 = ORIENTED_EDGE ( 'NONE', *, *, #6421, .T. ) ;
#4806 = EDGE_CURVE ( 'NONE', #9566, #3504, #4172, .T. ) ;
#4807 = EDGE_CURVE ( 'NONE', #9446, #11543, #1392, .T. ) ;
#4808 = VECTOR ( 'NONE', #9730, 1000.000000000000000 ) ;
#4809 = CYLINDRICAL_SURFACE ( 'NONE', #3878, 1.070998700129166536 ) ;
#4810 = CARTESIAN_POINT ( 'NONE',  ( -171.6157891360268195, 120.0000000000000000, 352.8908367782719324 ) ) ;
#4811 = FACE_OUTER_BOUND ( 'NONE', #4298, .T. ) ;
#4812 = EDGE_LOOP ( 'NONE', ( #7703, #7574, #8065, #6265 ) ) ;
#4813 = DIRECTION ( 'NONE',  ( 0.000000000000000000, 1.000000000000000000, 0.000000000000000000 ) ) ;
#4814 = CARTESIAN_POINT ( 'NONE',  ( 140.0000000000000853, -169.9805043914711860, 340.0000000000000000 ) ) ;
#4815 = CARTESIAN_POINT ( 'NONE',  ( 101.3506228754718848, 570.1160211952075088, 351.4274360680452105 ) ) ;
#4816 = LINE ( 'NONE', #1776, #559 ) ;
#4817 = CARTESIAN_POINT ( 'NONE',  ( -181.9175275489053831, 554.5937432337955215, 322.5218903331670504 ) ) ;
#4818 = CIRCLE ( 'NONE', #1779, 1.100437036551937808 ) ;
#4819 = CIRCLE ( 'NONE', #10699, 25.34415947953466741 ) ;
#4820 = VERTEX_POINT ( 'NONE', #10963 ) ;
#4821 = EDGE_CURVE ( 'NONE', #6241, #11619, #12064, .T. ) ;
#4822 = EDGE_CURVE ( 'NONE', #10325, #7365, #239, .T. ) ;
#4823 = DIRECTION ( 'NONE',  ( 0.000000000000000000, 0.000000000000000000, -1.000000000000000000 ) ) ;
#4824 = DIRECTION ( 'NONE',  ( 0.000000000000000000, 1.000000000000000000, 0.000000000000000000 ) ) ;
#4825 = DIRECTION ( 'NONE',  ( 0.000000000000000000, -1.000000000000000000, 0.000000000000000000 ) ) ;
#4826 = CIRCLE ( 'NONE', #6445, 4.450000000000009948 ) ;
#4827 = CARTESIAN_POINT ( 'NONE',  ( 132.3286687525343268, 370.0000000000001137, 343.4980267022535827 ) ) ;
#4828 = ORIENTED_EDGE ( 'NONE', *, *, #9387, .F. ) ;
#4829 = DIRECTION ( 'NONE',  ( 0.000000000000000000, -0.5177641442566629504, 0.8555234017384711898 ) ) ;
#4830 = VECTOR ( 'NONE', #7789, 1000.000000000000000 ) ;
#4831 = PLANE ( 'NONE',  #6614 ) ;
#4832 = VECTOR ( 'NONE', #2119, 1000.000000000000114 ) ;
#4833 = LINE ( 'NONE', #3692, #8462 ) ;
#4834 = CARTESIAN_POINT ( 'NONE',  ( -171.6157891360268195, 117.0000000000000000, 351.4274360680451537 ) ) ;
#4835 = ORIENTED_EDGE ( 'NONE', *, *, #9305, .T. ) ;
#4836 = VECTOR ( 'NONE', #4952, 1000.000000000000000 ) ;
#4837 = CARTESIAN_POINT ( 'NONE',  ( -85.99406992148850293, 365.0000000000000000, 364.1971901727915224 ) ) ;
#4838 = ORIENTED_EDGE ( 'NONE', *, *, #5324, .T. ) ;
#4839 = VERTEX_POINT ( 'NONE', #6135 ) ;
#4840 = CARTESIAN_POINT ( 'NONE',  ( 111.3767717391520620, 442.6530411536430165, 397.5570525041796373 ) ) ;
#4841 = VERTEX_POINT ( 'NONE', #10016 ) ;
#4842 = CARTESIAN_POINT ( 'NONE',  ( -74.95297405475031383, 370.0000000000000000, 370.8061429881302047 ) ) ;
#4843 = LINE ( 'NONE', #5604, #7648 ) ;
#4844 = EDGE_CURVE ( 'NONE', #12428, #4348, #1324, .T. ) ;
#4845 = FACE_OUTER_BOUND ( 'NONE', #576, .T. ) ;
#4846 = FACE_BOUND ( 'NONE', #4166, .T. ) ;
#4847 = CARTESIAN_POINT ( 'NONE',  ( -193.1937618763888906, 554.7081244069478316, 305.9449950768503186 ) ) ;
#4848 = EDGE_CURVE ( 'NONE', #6490, #11582, #4773, .T. ) ;
#4849 = ORIENTED_EDGE ( 'NONE', *, *, #7955, .F. ) ;
#4850 = CARTESIAN_POINT ( 'NONE',  ( -42.48496570340520861, 117.0000000000000000, 368.8290452823252963 ) ) ;
#4851 = ORIENTED_EDGE ( 'NONE', *, *, #3228, .T. ) ;
#4852 = ADVANCED_FACE ( 'NONE', ( #495 ), #6396, .T. ) ;
#4853 = DIRECTION ( 'NONE',  ( 0.000000000000000000, -0.000000000000000000, 1.000000000000000000 ) ) ;
#4854 = CYLINDRICAL_SURFACE ( 'NONE', #9890, 0.9454112335447462101 ) ;
#4855 = ORIENTED_EDGE ( 'NONE', *, *, #11660, .F. ) ;
#4856 = CARTESIAN_POINT ( 'NONE',  ( -35.07750468181011883, 415.2390632621638815, 381.8104443050700638 ) ) ;
#4857 = CARTESIAN_POINT ( 'NONE',  ( 0.000000000000000000, -585.1500000000002046, 0.000000000000000000 ) ) ;
#4858 = CARTESIAN_POINT ( 'NONE',  ( 200.0000000000001705, -585.1500000000002046, 340.0000000000000000 ) ) ;
#4859 = VECTOR ( 'NONE', #753, 1000.000000000000000 ) ;
#4860 = B_SPLINE_CURVE_WITH_KNOTS ( 'NONE', 3,
 ( #7036, #11517, #18, #1922 ),
 .UNSPECIFIED., .F., .F.,
 ( 4, 4 ),
 ( 0.000000000000000000, 1.000000000000000000 ),
 .UNSPECIFIED. ) ;
#4861 = CARTESIAN_POINT ( 'NONE',  ( 140.0000000000001705, -570.1500000000002046, 340.0000000000000000 ) ) ;
#4862 = DIRECTION ( 'NONE',  ( -0.000000000000000000, -1.000000000000000000, 0.000000000000000000 ) ) ;
#4863 = EDGE_LOOP ( 'NONE', ( #989, #11831, #5158, #4136 ) ) ;
#4864 = DIRECTION ( 'NONE',  ( -0.000000000000000000, 1.000000000000000000, -0.000000000000000000 ) ) ;
#4865 = ADVANCED_FACE ( 'NONE', ( #10273 ), #12540, .T. ) ;
#4866 = ORIENTED_EDGE ( 'NONE', *, *, #8993, .F. ) ;
#4867 = EDGE_CURVE ( 'NONE', #8068, #12201, #11482, .T. ) ;
#4868 = LINE ( 'NONE', #8745, #11322 ) ;
#4869 = EDGE_CURVE ( 'NONE', #4201, #5170, #3540, .T. ) ;
#4870 = DIRECTION ( 'NONE',  ( -0.000000000000000000, 0.000000000000000000, 1.000000000000000000 ) ) ;
#4871 = DIRECTION ( 'NONE',  ( -0.000000000000000000, -0.000000000000000000, 1.000000000000000000 ) ) ;
#4872 = CIRCLE ( 'NONE', #6701, 25.34415947953466741 ) ;
#4873 = CARTESIAN_POINT ( 'NONE',  ( -42.48496570340520861, 117.0000000000000000, 371.2683589063772160 ) ) ;
#4874 = CARTESIAN_POINT ( 'NONE',  ( -192.9877427735604556, 120.0000000000000000, 332.2694703950617168 ) ) ;
#4875 = CARTESIAN_POINT ( 'NONE',  ( 102.8717205707466178, 117.0000000000000000, 381.2424543206987551 ) ) ;
#4876 = APPROVAL ( #110, 'BELÝRTÝLMEMÝÞ' ) ;
#4877 = DIRECTION ( 'NONE',  ( 0.1924154613586759321, -0.9711530084039704525, -0.1408478771513632377 ) ) ;
#4878 = VECTOR ( 'NONE', #4662, 1000.000000000000114 ) ;
#4879 = CARTESIAN_POINT ( 'NONE',  ( 0.000000000000000000, 0.000000000000000000, 0.000000000000000000 ) ) ;
#4880 = EDGE_LOOP ( 'NONE', ( #2760, #10024, #9544, #11186 ) ) ;
#4881 = ORIENTED_EDGE ( 'NONE', *, *, #10010, .T. ) ;
#4882 = CARTESIAN_POINT ( 'NONE',  ( 21.30323522931127656, 117.0000000000000000, 383.8903845222603195 ) ) ;
#4883 = CARTESIAN_POINT ( 'NONE',  ( 199.9999999999999716, 570.1499999999997499, 0.000000000000000000 ) ) ;
#4884 = FACE_OUTER_BOUND ( 'NONE', #6929, .T. ) ;
#4885 = VERTEX_POINT ( 'NONE', #5635 ) ;
#4886 = DIRECTION ( 'NONE',  ( -1.000000000000000000, 0.000000000000000000, -1.133962590713343958E-15 ) ) ;
#4887 = VECTOR ( 'NONE', #1282, 1000.000000000000000 ) ;
#4888 = CARTESIAN_POINT ( 'NONE',  ( 171.6157891360269332, 117.0000000000000000, 349.9640353578184886 ) ) ;
#4889 = EDGE_CURVE ( 'NONE', #1667, #5995, #1575, .T. ) ;
#4890 = CARTESIAN_POINT ( 'NONE',  ( -199.9999999999998863, -585.1500000000002046, 0.000000000000000000 ) ) ;
#4891 = EDGE_CURVE ( 'NONE', #7171, #5860, #10342, .T. ) ;
#4892 = CARTESIAN_POINT ( 'NONE',  ( 159.9882456870035412, 320.0000000000000568, 309.1348121858818558 ) ) ;
#4893 = ORIENTED_EDGE ( 'NONE', *, *, #3065, .T. ) ;
#4894 = CARTESIAN_POINT ( 'NONE',  ( -66.20020431027140262, 420.0000000000000000, 383.0504184261441765 ) ) ;
#4895 = ORIENTED_EDGE ( 'NONE', *, *, #10764, .F. ) ;
#4896 = AXIS2_PLACEMENT_3D ( 'NONE', #10958, #10779, #4043 ) ;
#4897 = ORIENTED_EDGE ( 'NONE', *, *, #10561, .T. ) ;
#4898 = EDGE_CURVE ( 'NONE', #11495, #2305, #7609, .T. ) ;
#4899 = CARTESIAN_POINT ( 'NONE',  ( 191.8873057370085746, 117.0000000000000000, 351.4274360680452673 ) ) ;
#4900 = ORIENTED_EDGE ( 'NONE', *, *, #10167, .F. ) ;
#4901 = FACE_OUTER_BOUND ( 'NONE', #851, .T. ) ;
#4902 = CARTESIAN_POINT ( 'NONE',  ( 130.5203249716378480, 117.0000000000000000, 359.5247755901028768 ) ) ;
#4903 = CARTESIAN_POINT ( 'NONE',  ( -154.9996320765163773, 500.5926759277388101, 335.2500701856146179 ) ) ;
#4904 = VECTOR ( 'NONE', #8430, 1000.000000000000000 ) ;
#4905 = DIRECTION ( 'NONE',  ( -0.000000000000000000, 0.000000000000000000, 1.000000000000000000 ) ) ;
#4906 = DIRECTION ( 'NONE',  ( 0.000000000000000000, 1.000000000000000000, 0.000000000000000000 ) ) ;
#4907 = ORIENTED_EDGE ( 'NONE', *, *, #7147, .T. ) ;
#4908 = DIRECTION ( 'NONE',  ( -0.000000000000000000, -0.000000000000000000, 1.000000000000000000 ) ) ;
#4909 = ORIENTED_EDGE ( 'NONE', *, *, #5023, .F. ) ;
#4910 = EDGE_CURVE ( 'NONE', #8415, #689, #7485, .T. ) ;
#4911 = CARTESIAN_POINT ( 'NONE',  ( -66.20020431027141683, 358.2489785920855070, 357.2691572981634636 ) ) ;
#4912 = CARTESIAN_POINT ( 'NONE',  ( -66.20020431027140262, 355.0000000000000568, 385.9443499868727372 ) ) ;
#4913 = ORIENTED_EDGE ( 'NONE', *, *, #11491, .T. ) ;
#4914 = ADVANCED_FACE ( 'NONE', ( #1510 ), #7355, .T. ) ;
#4915 = CARTESIAN_POINT ( 'NONE',  ( -66.20020431027140262, 360.0000000000000000, 384.3406997176695086 ) ) ;
#4916 = CARTESIAN_POINT ( 'NONE',  ( -70.94564275331566705, 501.6802010741481013, 81.87240171792704757 ) ) ;
#4917 = CARTESIAN_POINT ( 'NONE',  ( 148.0061200503009502, 117.0000000000000000, 352.8908367782720461 ) ) ;
#4918 = DIRECTION ( 'NONE',  ( -0.000000000000000000, 1.000000000000000000, -0.000000000000000000 ) ) ;
#4919 = DIRECTION ( 'NONE',  ( 1.000000000000000000, 0.000000000000000000, 0.000000000000000000 ) ) ;
#4920 = EDGE_CURVE ( 'NONE', #11867, #8953, #8374, .T. ) ;
#4921 = ORIENTED_EDGE ( 'NONE', *, *, #11444, .T. ) ;
#4922 = CARTESIAN_POINT ( 'NONE',  ( -101.6000514718078165, 570.1499999999997499, 350.4788477664490074 ) ) ;
#4923 = VECTOR ( 'NONE', #6569, 1000.000000000000000 ) ;
#4924 = EDGE_CURVE ( 'NONE', #7495, #5448, #12300, .T. ) ;
#4925 = DIRECTION ( 'NONE',  ( 0.000000000000000000, 0.000000000000000000, -1.000000000000000000 ) ) ;
#4926 = AXIS2_PLACEMENT_3D ( 'NONE', #1080, #3926, #9901 ) ;
#4927 = EDGE_CURVE ( 'NONE', #5849, #2810, #2726, .T. ) ;
#4928 = CARTESIAN_POINT ( 'NONE',  ( 163.4842185463904514, 8.788413529595577551E-15, 368.5877435923811163 ) ) ;
#4929 = DIRECTION ( 'NONE',  ( -0.9961946980917455452, -0.08715574274765820750, 0.000000000000000000 ) ) ;
#4930 = FACE_OUTER_BOUND ( 'NONE', #11754, .T. ) ;
#4931 = DIRECTION ( 'NONE',  ( 0.000000000000000000, -1.000000000000000000, 0.000000000000000000 ) ) ;
#4932 = ADVANCED_FACE ( 'NONE', ( #9252 ), #562, .T. ) ;
#4933 = DIRECTION ( 'NONE',  ( 0.000000000000000000, -1.000000000000000000, 0.000000000000000000 ) ) ;
#4934 = CARTESIAN_POINT ( 'NONE',  ( -171.6157891360268195, 117.0000000000000000, 349.9640353578183749 ) ) ;
#4935 = AXIS2_PLACEMENT_3D ( 'NONE', #998, #10634, #2007 ) ;
#4936 = DIRECTION ( 'NONE',  ( 0.000000000000000000, 0.000000000000000000, 1.000000000000000000 ) ) ;
#4937 = ORIENTED_EDGE ( 'NONE', *, *, #6206, .T. ) ;
#4938 = CARTESIAN_POINT ( 'NONE',  ( -209.2562056726987407, 550.1499999999997499, 294.4171666398315210 ) ) ;
#4939 = FACE_OUTER_BOUND ( 'NONE', #11512, .T. ) ;
#4940 = LINE ( 'NONE', #3921, #7702 ) ;
#4941 = CARTESIAN_POINT ( 'NONE',  ( 191.8873057370086315, 117.0000000000000000, 277.5473304590436214 ) ) ;
#4942 = ADVANCED_FACE ( 'NONE', ( #5570 ), #4494, .F. ) ;
#4943 = FACE_OUTER_BOUND ( 'NONE', #5141, .T. ) ;
#4944 = VERTEX_POINT ( 'NONE', #8311 ) ;
#4945 = VECTOR ( 'NONE', #6810, 1000.000000000000114 ) ;
#4946 = DIRECTION ( 'NONE',  ( 0.08682659386424762538, -0.9924325091389669673, -0.08682659386424761150 ) ) ;
#4947 = CARTESIAN_POINT ( 'NONE',  ( 143.7660069451177094, 117.0000000000000000, 369.2830108560941653 ) ) ;
#4948 = DIRECTION ( 'NONE',  ( -0.08682659386424763925, 0.9924325091389670783, 0.08682659386424763925 ) ) ;
#4949 = FACE_OUTER_BOUND ( 'NONE', #2845, .T. ) ;
#4950 = ORIENTED_EDGE ( 'NONE', *, *, #3200, .F. ) ;
#4951 = ORIENTED_EDGE ( 'NONE', *, *, #1499, .F. ) ;
#4952 = DIRECTION ( 'NONE',  ( -0.000000000000000000, 1.000000000000000000, -0.000000000000000000 ) ) ;
#4953 = ORIENTED_EDGE ( 'NONE', *, *, #3355, .F. ) ;
#4954 = AXIS2_PLACEMENT_3D ( 'NONE', #10054, #4141, #5164 ) ;
#4955 = ORIENTED_EDGE ( 'NONE', *, *, #6081, .T. ) ;
#4956 = ADVANCED_FACE ( 'NONE', ( #12176 ), #3479, .T. ) ;
#4957 = EDGE_CURVE ( 'NONE', #8665, #1571, #7830, .T. ) ;
#4958 = LINE ( 'NONE', #4006, #11311 ) ;
#4959 = VERTEX_POINT ( 'NONE', #3610 ) ;
#4960 = DIRECTION ( 'NONE',  ( 0.000000000000000000, 0.000000000000000000, 1.000000000000000000 ) ) ;
#4961 = PLANE ( 'NONE',  #9871 ) ;
#4962 = AXIS2_PLACEMENT_3D ( 'NONE', #3160, #914, #7641 ) ;
#4963 = VERTEX_POINT ( 'NONE', #6900 ) ;
#4964 = CARTESIAN_POINT ( 'NONE',  ( 0.000000000000000000, 0.000000000000000000, 362.4264068711929099 ) ) ;
#4965 = DIRECTION ( 'NONE',  ( -0.000000000000000000, -1.000000000000000000, 0.000000000000000000 ) ) ;
#4966 = EDGE_CURVE ( 'NONE', #5153, #1284, #3967, .T. ) ;
#4967 = VECTOR ( 'NONE', #3219, 1000.000000000000000 ) ;
#4968 = ORIENTED_EDGE ( 'NONE', *, *, #7013, .F. ) ;
#4969 = CARTESIAN_POINT ( 'NONE',  ( -199.3155116479956632, 120.0000000000000000, 255.9610076263725773 ) ) ;
#4970 = ORIENTED_EDGE ( 'NONE', *, *, #9532, .F. ) ;
#4971 = B_SPLINE_CURVE_WITH_KNOTS ( 'NONE', 3,
 ( #5763, #829, #7494, #1960 ),
 .UNSPECIFIED., .F., .F.,
 ( 4, 4 ),
 ( 0.000000000000000000, 0.09477362003418668412 ),
 .UNSPECIFIED. ) ;
#4972 = AXIS2_PLACEMENT_3D ( 'NONE', #7234, #4306, #6271 ) ;
#4973 = CARTESIAN_POINT ( 'NONE',  ( -178.9393817688378192, 554.9531750439708730, 324.1121025183068696 ) ) ;
#4974 = CARTESIAN_POINT ( 'NONE',  ( -132.3286688073715993, 120.0000000000000000, 343.4980266327372078 ) ) ;
#4975 = ORIENTED_EDGE ( 'NONE', *, *, #6077, .F. ) ;
#4976 = CARTESIAN_POINT ( 'NONE',  ( -59.20020431027140262, 358.2489785920855070, 357.2691572981634636 ) ) ;
#4977 = VECTOR ( 'NONE', #9634, 1000.000000000000114 ) ;
#4978 = CARTESIAN_POINT ( 'NONE',  ( -252.5241535843728116, -1.785438281534746001E-14, 199.2015241861090544 ) ) ;
#4979 = DIRECTION ( 'NONE',  ( 0.000000000000000000, 0.000000000000000000, 1.000000000000000000 ) ) ;
#4980 = AXIS2_PLACEMENT_3D ( 'NONE', #6414, #6151, #581 ) ;
#4981 = CARTESIAN_POINT ( 'NONE',  ( -59.26671879462830361, 360.0000000000000000, 384.3406997176695086 ) ) ;
#4982 = DIRECTION ( 'NONE',  ( -0.08682659386424762538, -0.9924325091389669673, 0.08682659386424761150 ) ) ;
#4983 = AXIS2_PLACEMENT_3D ( 'NONE', #1344, #5213, #9083 ) ;
#4984 = ORIENTED_EDGE ( 'NONE', *, *, #10806, .F. ) ;
#4985 = DIRECTION ( 'NONE',  ( 0.000000000000000000, 1.000000000000000000, 0.000000000000000000 ) ) ;
#4986 = VECTOR ( 'NONE', #5756, 1000.000000000000114 ) ;
#4987 = VECTOR ( 'NONE', #2918, 1000.000000000000000 ) ;
#4988 = LINE ( 'NONE', #11840, #3617 ) ;
#4989 = CARTESIAN_POINT ( 'NONE',  ( 155.6532956806726133, 420.0000000000000000, 328.8788135747496995 ) ) ;
#4990 = AXIS2_PLACEMENT_3D ( 'NONE', #6064, #2323, #484 ) ;
#4991 = FACE_OUTER_BOUND ( 'NONE', #9569, .T. ) ;
#4992 = EDGE_CURVE ( 'NONE', #5834, #53, #7791, .T. ) ;
#4993 = DIRECTION ( 'NONE',  ( -1.000000000000000000, 0.000000000000000000, 0.000000000000000000 ) ) ;
#4994 = CARTESIAN_POINT ( 'NONE',  ( -188.7538232997221428, 357.5000000000000000, 303.6097127950929462 ) ) ;
#4995 = EDGE_CURVE ( 'NONE', #11246, #8668, #4578, .T. ) ;
#4996 = DIRECTION ( 'NONE',  ( 1.000000000000000000, 0.000000000000000000, 0.000000000000000000 ) ) ;
#4997 = CARTESIAN_POINT ( 'NONE',  ( 132.3286688073715993, 355.0000000000001137, 343.4980266327372078 ) ) ;
#4998 = EDGE_CURVE ( 'NONE', #1358, #7729, #10659, .T. ) ;
#4999 = VECTOR ( 'NONE', #8559, 1000.000000000000000 ) ;
#5000 = APPLICATION_PROTOCOL_DEFINITION ( 'international standard', 'config_control_design', 1994, #8561 ) ;
#5001 = VERTEX_POINT ( 'NONE', #10768 ) ;
#5002 = DIRECTION ( 'NONE',  ( 0.000000000000000000, -0.000000000000000000, 1.000000000000000000 ) ) ;
#5003 = VECTOR ( 'NONE', #10363, 1000.000000000000000 ) ;
#5004 = CARTESIAN_POINT ( 'NONE',  ( -174.3634170613648564, 500.5974297687673129, 308.3772996811273401 ) ) ;
#5005 = ADVANCED_FACE ( 'NONE', ( #4991 ), #8859, .T. ) ;
#5006 = CARTESIAN_POINT ( 'NONE',  ( -74.95297405475031383, 365.0000000000000000, 366.3296056465372885 ) ) ;
#5007 = CARTESIAN_POINT ( 'NONE',  ( -148.8277622814850361, 500.7023032598628447, 343.1174716042045247 ) ) ;
#5008 = DIRECTION ( 'NONE',  ( 0.000000000000000000, 0.000000000000000000, -1.000000000000000000 ) ) ;
#5009 = VERTEX_POINT ( 'NONE', #880 ) ;
#5010 = CARTESIAN_POINT ( 'NONE',  ( 160.5690189623163917, 380.0000000000000000, 328.3049524381731317 ) ) ;
#5011 = DIRECTION ( 'NONE',  ( 0.000000000000000000, -0.9961946980917454342, -0.08715574274765799934 ) ) ;
#5012 = AXIS2_PLACEMENT_3D ( 'NONE', #8091, #5040, #11829 ) ;
#5013 = DIRECTION ( 'NONE',  ( 1.000000000000000000, -0.000000000000000000, -0.000000000000000000 ) ) ;
#5014 = PLANE ( 'NONE',  #1656 ) ;
#5015 = ORIENTED_EDGE ( 'NONE', *, *, #6015, .T. ) ;
#5016 = VERTEX_POINT ( 'NONE', #2965 ) ;
#5017 = DIRECTION ( 'NONE',  ( -1.000000000000000000, -0.000000000000000000, -0.000000000000000000 ) ) ;
#5018 = ORIENTED_EDGE ( 'NONE', *, *, #4848, .F. ) ;
#5019 = ADVANCED_FACE ( 'NONE', ( #10582 ), #1954, .T. ) ;
#5020 = VECTOR ( 'NONE', #10175, 1000.000000000000000 ) ;
#5021 = ORIENTED_EDGE ( 'NONE', *, *, #5919, .F. ) ;
#5022 = VECTOR ( 'NONE', #2304, 1000.000000000000114 ) ;
#5023 = EDGE_CURVE ( 'NONE', #11808, #7756, #6839, .T. ) ;
#5024 = LINE ( 'NONE', #9912, #2597 ) ;
#5025 = VECTOR ( 'NONE', #10453, 1000.000000000000000 ) ;
#5026 = ORIENTED_EDGE ( 'NONE', *, *, #5347, .T. ) ;
#5027 = LINE ( 'NONE', #74, #9053 ) ;
#5028 = DIRECTION ( 'NONE',  ( 0.000000000000000000, 1.000000000000000000, 0.000000000000000000 ) ) ;
#5029 = VECTOR ( 'NONE', #3048, 1000.000000000000000 ) ;
#5030 = CARTESIAN_POINT ( 'NONE',  ( -132.0792540082313735, 570.1160211952073951, 343.8142052428237889 ) ) ;
#5031 = CARTESIAN_POINT ( 'NONE',  ( -130.5203249716377911, 117.0000000000000000, 370.3255089869799122 ) ) ;
#5032 = ORIENTED_EDGE ( 'NONE', *, *, #4115, .F. ) ;
#5033 = CARTESIAN_POINT ( 'NONE',  ( 50.60003379395966761, 365.0000000000000000, 370.8061429881302047 ) ) ;
#5034 = ORIENTED_EDGE ( 'NONE', *, *, #11491, .F. ) ;
#5035 = APPROVAL_PERSON_ORGANIZATION ( #8868, #4876, #9828 ) ;
#5036 = FACE_OUTER_BOUND ( 'NONE', #911, .T. ) ;
#5037 = DIRECTION ( 'NONE',  ( 1.000000000000000000, 0.000000000000000000, 0.000000000000000000 ) ) ;
#5038 = ORIENTED_EDGE ( 'NONE', *, *, #11205, .F. ) ;
#5039 = CARTESIAN_POINT ( 'NONE',  ( -66.20020431027140262, 350.0000000000000000, 367.2715862585909008 ) ) ;
#5040 = DIRECTION ( 'NONE',  ( -0.000000000000000000, -1.000000000000000000, 0.000000000000000000 ) ) ;
#5041 = DIRECTION ( 'NONE',  ( 0.000000000000000000, -0.08715574274765820750, -0.9961946980917455452 ) ) ;
#5042 = EDGE_LOOP ( 'NONE', ( #12518, #1559, #9650, #2161 ) ) ;
#5043 = CARTESIAN_POINT ( 'NONE',  ( -193.5987369969546137, 544.1125798692543185, 273.9002043751333417 ) ) ;
#5044 = EDGE_CURVE ( 'NONE', #5953, #1091, #3911, .T. ) ;
#5045 = CARTESIAN_POINT ( 'NONE',  ( 190.7868687004566368, 120.0000000000000000, 351.4274360680452673 ) ) ;
#5046 = ORIENTED_EDGE ( 'NONE', *, *, #5315, .T. ) ;
#5047 = CARTESIAN_POINT ( 'NONE',  ( -102.6377551370873391, 570.1499999999997499, 350.7192593457868952 ) ) ;
#5048 = VERTEX_POINT ( 'NONE', #10710 ) ;
#5049 = VECTOR ( 'NONE', #494, 1000.000000000000000 ) ;
#5050 = CARTESIAN_POINT ( 'NONE',  ( 195.7024822690796384, -1.470771475609332656E-14, 263.1601945342231375 ) ) ;
#5051 = ORIENTED_EDGE ( 'NONE', *, *, #3246, .F. ) ;
#5052 = CYLINDRICAL_SURFACE ( 'NONE', #10736, 3.093108195208626121 ) ;
#5053 = DIRECTION ( 'NONE',  ( 0.7071067811864051311, 0.000000000000000000, -0.7071067811866899033 ) ) ;
#5054 = CARTESIAN_POINT ( 'NONE',  ( 50.60003379395966761, 370.0000000000000000, 370.8061429881302047 ) ) ;
#5055 = DIRECTION ( 'NONE',  ( 0.000000000000000000, -0.08715574274765820750, 0.9961946980917455452 ) ) ;
#5056 = ORIENTED_EDGE ( 'NONE', *, *, #8470, .T. ) ;
#5057 = CARTESIAN_POINT ( 'NONE',  ( -192.9877427735604556, 117.0000000000000000, 332.2694703950617168 ) ) ;
#5058 = AXIS2_PLACEMENT_3D ( 'NONE', #10261, #1561, #5431 ) ;
#5059 = CARTESIAN_POINT ( 'NONE',  ( -158.5427290477401243, 355.0000000000001137, 278.8163079771102275 ) ) ;
#5060 = ADVANCED_FACE ( 'NONE', ( #9820 ), #165, .F. ) ;
#5061 = APPROVAL_STATUS ( 'not_yet_approved' ) ;
#5062 = ORIENTED_EDGE ( 'NONE', *, *, #11493, .T. ) ;
#5063 = LINE ( 'NONE', #3154, #5328 ) ;
#5064 = EDGE_CURVE ( 'NONE', #669, #2095, #2016, .T. ) ;
#5065 = DIRECTION ( 'NONE',  ( -0.000000000000000000, -1.000000000000000000, -0.000000000000000000 ) ) ;
#5066 = EDGE_CURVE ( 'NONE', #506, #1418, #10527, .T. ) ;
#5067 = VECTOR ( 'NONE', #6073, 1000.000000000000114 ) ;
#5068 = DIRECTION ( 'NONE',  ( 1.000000000000000000, 0.000000000000000000, 0.000000000000000000 ) ) ;
#5069 = LINE ( 'NONE', #1076, #9742 ) ;
#5070 = DIRECTION ( 'NONE',  ( -1.000000000000000000, 0.000000000000000000, 0.000000000000000000 ) ) ;
#5071 = VERTEX_POINT ( 'NONE', #98 ) ;
#5072 = LINE ( 'NONE', #9729, #7399 ) ;
#5073 = ADVANCED_FACE ( 'NONE', ( #4811 ), #9702, .T. ) ;
#5074 = CARTESIAN_POINT ( 'NONE',  ( 122.6100064043393729, 561.9920003185840187, 351.4274360680452105 ) ) ;
#5075 = FACE_OUTER_BOUND ( 'NONE', #2039, .T. ) ;
#5076 = DIRECTION ( 'NONE',  ( -0.000000000000000000, 1.000000000000000000, -0.000000000000000000 ) ) ;
#5077 = DIRECTION ( 'NONE',  ( 0.000000000000000000, -0.000000000000000000, -1.000000000000000000 ) ) ;
#5078 = ADVANCED_FACE ( 'NONE', ( #8687 ), #6777, .T. ) ;
#5079 = ORIENTED_EDGE ( 'NONE', *, *, #1478, .T. ) ;
#5080 = ORIENTED_EDGE ( 'NONE', *, *, #4387, .F. ) ;
#5081 = LINE ( 'NONE', #5960, #4836 ) ;
#5082 = ORIENTED_EDGE ( 'NONE', *, *, #11692, .T. ) ;
#5083 = ORIENTED_EDGE ( 'NONE', *, *, #11743, .F. ) ;
#5084 = AXIS2_PLACEMENT_3D ( 'NONE', #5090, #10348, #11880 ) ;
#5085 = CARTESIAN_POINT ( 'NONE',  ( -173.8375568172954218, 370.0000000000001137, 270.4181253755400576 ) ) ;
#5086 = ORIENTED_EDGE ( 'NONE', *, *, #917, .F. ) ;
#5087 = DIRECTION ( 'NONE',  ( 1.000000000000000000, 0.000000000000000000, 0.000000000000000000 ) ) ;
#5088 = LINE ( 'NONE', #6932, #10287 ) ;
#5089 = DIRECTION ( 'NONE',  ( 0.000000000000000000, 0.08715574274764570362, 0.9961946980917466554 ) ) ;
#5090 = CARTESIAN_POINT ( 'NONE',  ( -169.2590525289124912, 500.3734212634909113, 317.0867935188544493 ) ) ;
#5091 = VECTOR ( 'NONE', #10397, 1000.000000000000227 ) ;
#5092 = EDGE_CURVE ( 'NONE', #10778, #11047, #2348, .T. ) ;
#5093 = VECTOR ( 'NONE', #10800, 1000.000000000000114 ) ;
#5094 = VERTEX_POINT ( 'NONE', #10645 ) ;
#5095 = CARTESIAN_POINT ( 'NONE',  ( 50.60003379395966761, 365.0000000000000000, 370.8061429881302047 ) ) ;
#5096 = ORIENTED_EDGE ( 'NONE', *, *, #5066, .F. ) ;
#5097 = VERTEX_POINT ( 'NONE', #9573 ) ;
#5098 = CARTESIAN_POINT ( 'NONE',  ( -59.26671879462829651, 356.7920638715193604, 357.7880309870258202 ) ) ;
#5099 = CARTESIAN_POINT ( 'NONE',  ( -59.20020431027140262, 344.7977620481757413, 368.1767981924078867 ) ) ;
#5100 = ORIENTED_EDGE ( 'NONE', *, *, #2385, .T. ) ;
#5101 = CARTESIAN_POINT ( 'NONE',  ( -143.7660069451176525, 120.0000000000000000, 367.1410134558357186 ) ) ;
#5102 = CC_DESIGN_PERSON_AND_ORGANIZATION_ASSIGNMENT ( #2971, #3862, ( #4029 ) ) ;
#5103 = CARTESIAN_POINT ( 'NONE',  ( 66.12448390330172288, 355.0000000000000000, 355.6679359893877290 ) ) ;
#5104 = LINE ( 'NONE', #2491, #3549 ) ;
#5105 = AXIS2_PLACEMENT_3D ( 'NONE', #10668, #3998, #10604 ) ;
#5106 = EDGE_LOOP ( 'NONE', ( #12143, #4310, #7207, #92 ) ) ;
#5107 = DIRECTION ( 'NONE',  ( -0.000000000000000000, 1.000000000000000000, -0.000000000000000000 ) ) ;
#5108 = CARTESIAN_POINT ( 'NONE',  ( 61.09150759271651765, 340.0000000000000568, 61.09150759276195686 ) ) ;
#5109 = ORIENTED_EDGE ( 'NONE', *, *, #6759, .T. ) ;
#5110 = CARTESIAN_POINT ( 'NONE',  ( -102.2461754313621753, 570.0817509717272742, 352.1425956176069008 ) ) ;
#5111 = EDGE_LOOP ( 'NONE', ( #2167, #7594, #12036, #2583 ) ) ;
#5112 = LINE ( 'NONE', #8981, #3195 ) ;
#5113 = VERTEX_POINT ( 'NONE', #11546 ) ;
#5114 = EDGE_CURVE ( 'NONE', #2100, #5330, #1006, .T. ) ;
#5115 = CARTESIAN_POINT ( 'NONE',  ( 171.9635176810565156, 570.1499999999997499, 262.6205384710227690 ) ) ;
#5116 = DIRECTION ( 'NONE',  ( -0.000000000000000000, 0.000000000000000000, -1.000000000000000000 ) ) ;
#5117 = CARTESIAN_POINT ( 'NONE',  ( 3.189895129455995638E-14, 572.1499999999997499, 266.2442605493605470 ) ) ;
#5118 = CARTESIAN_POINT ( 'NONE',  ( 70.18354552143799197, 117.0000000000000000, 370.0487020943513130 ) ) ;
#5119 = VERTEX_POINT ( 'NONE', #11013 ) ;
#5120 = DIRECTION ( 'NONE',  ( 0.7071067811864054642, 0.000000000000000000, -0.7071067811866894592 ) ) ;
#5121 = CIRCLE ( 'NONE', #5531, 1.219656812025959880 ) ;
#5122 = ADVANCED_FACE ( 'NONE', ( #8103 ), #9172, .T. ) ;
#5123 = DIRECTION ( 'NONE',  ( 0.6193384587389297868, 0.000000000000000000, 0.7851241134539729272 ) ) ;
#5124 = B_SPLINE_CURVE_WITH_KNOTS ( 'NONE', 2,
 ( #1241, #10763, #5932 ),
 .UNSPECIFIED., .F., .F.,
 ( 3, 3 ),
 ( 0.9321078804149183217, 1.000000000000000000 ),
 .UNSPECIFIED. ) ;
#5125 = EDGE_CURVE ( 'NONE', #12235, #9247, #420, .T. ) ;
#5126 = ORIENTED_EDGE ( 'NONE', *, *, #9304, .T. ) ;
#5127 = FACE_OUTER_BOUND ( 'NONE', #11974, .T. ) ;
#5128 = FACE_OUTER_BOUND ( 'NONE', #10204, .T. ) ;
#5129 = LINE ( 'NONE', #8055, #1204 ) ;
#5130 = DIRECTION ( 'NONE',  ( -1.000000000000000000, 0.000000000000000000, 0.000000000000000000 ) ) ;
#5131 = CARTESIAN_POINT ( 'NONE',  ( 192.5135484908171009, 550.1499999999997499, 275.2758781312025462 ) ) ;
#5132 = ORIENTED_EDGE ( 'NONE', *, *, #8286, .T. ) ;
#5133 = DIRECTION ( 'NONE',  ( -1.217029536772293280E-16, 1.000000000000000000, -1.542806235626361924E-16 ) ) ;
#5134 = CARTESIAN_POINT ( 'NONE',  ( -14.47175039158921273, 117.0000000000000000, 368.8290452823252963 ) ) ;
#5135 = CARTESIAN_POINT ( 'NONE',  ( 2.081899558550500674E-14, 572.1499999999997499, 175.7695561956705319 ) ) ;
#5136 = AXIS2_PLACEMENT_3D ( 'NONE', #7612, #11485, #2796 ) ;
#5137 = CARTESIAN_POINT ( 'NONE',  ( 39.52610822843853100, 387.3387185412922804, 378.1852868871911255 ) ) ;
#5138 = ORIENTED_EDGE ( 'NONE', *, *, #3202, .F. ) ;
#5139 = VERTEX_POINT ( 'NONE', #11968 ) ;
#5140 = DIRECTION ( 'NONE',  ( 0.000000000000000000, -0.08715574274765820750, 0.9961946980917455452 ) ) ;
#5141 = EDGE_LOOP ( 'NONE', ( #2091, #1519, #3435, #1944 ) ) ;
#5142 = ORIENTED_EDGE ( 'NONE', *, *, #8763, .T. ) ;
#5143 = VECTOR ( 'NONE', #9500, 1000.000000000000114 ) ;
#5144 = LINE ( 'NONE', #8073, #12515 ) ;
#5145 = ORIENTED_EDGE ( 'NONE', *, *, #6640, .F. ) ;
#5146 = DIRECTION ( 'NONE',  ( 0.000000000000000000, 0.000000000000000000, -1.000000000000000000 ) ) ;
#5147 = CARTESIAN_POINT ( 'NONE',  ( 63.87115989019968509, 402.9660550741079987, 380.5563215124602152 ) ) ;
#5148 = EDGE_CURVE ( 'NONE', #11404, #2595, #10891, .T. ) ;
#5149 = AXIS2_PLACEMENT_3D ( 'NONE', #2937, #5854, #858 ) ;
#5150 = ADVANCED_FACE ( 'NONE', ( #4352 ), #9113, .T. ) ;
#5151 = CARTESIAN_POINT ( 'NONE',  ( -194.1781101604821345, 543.7342879942206082, 273.1657435404231364 ) ) ;
#5152 = CARTESIAN_POINT ( 'NONE',  ( -205.2141280680754960, 550.1499999999997499, 291.2286082057550516 ) ) ;
#5153 = VERTEX_POINT ( 'NONE', #11908 ) ;
#5154 = CYLINDRICAL_SURFACE ( 'NONE', #2398, 36.04942573944680362 ) ;
#5155 = VERTEX_POINT ( 'NONE', #4288 ) ;
#5156 = EDGE_CURVE ( 'NONE', #7305, #10095, #735, .T. ) ;
#5157 = EDGE_CURVE ( 'NONE', #10458, #10043, #8024, .T. ) ;
#5158 = ORIENTED_EDGE ( 'NONE', *, *, #10376, .F. ) ;
#5159 = CARTESIAN_POINT ( 'NONE',  ( 46.12448390330171577, 368.7211259633091913, 370.8125090381868745 ) ) ;
#5160 = CARTESIAN_POINT ( 'NONE',  ( -40.29629931216057059, 365.0000000000000000, 378.2385419322184248 ) ) ;
#5161 = VERTEX_POINT ( 'NONE', #5998 ) ;
#5162 = EDGE_CURVE ( 'NONE', #2095, #10725, #1376, .T. ) ;
#5163 = CARTESIAN_POINT ( 'NONE',  ( -62.15928903933924943, 401.1238794302436759, 380.3951520273985238 ) ) ;
#5164 = DIRECTION ( 'NONE',  ( 0.000000000000000000, 0.000000000000000000, 1.000000000000000000 ) ) ;
#5165 = AXIS2_PLACEMENT_3D ( 'NONE', #1737, #2697, #5541 ) ;
#5166 = ORIENTED_EDGE ( 'NONE', *, *, #3423, .F. ) ;
#5167 = CARTESIAN_POINT ( 'NONE',  ( -193.1564578678104738, 544.3505210669914050, 274.4608735928590590 ) ) ;
#5168 = VECTOR ( 'NONE', #5527, 1000.000000000000000 ) ;
#5169 = CARTESIAN_POINT ( 'NONE',  ( -66.20020431027140262, 357.7399038299451490, 357.5303355533629883 ) ) ;
#5170 = VERTEX_POINT ( 'NONE', #5307 ) ;
#5171 = CARTESIAN_POINT ( 'NONE',  ( -103.1381325881822875, 569.9180364958488099, 352.8383629839454443 ) ) ;
#5172 = EDGE_LOOP ( 'NONE', ( #2718, #8542, #1603, #8622, #8979 ) ) ;
#5173 = EDGE_CURVE ( 'NONE', #11619, #12134, #7084, .T. ) ;
#5174 = DIRECTION ( 'NONE',  ( -0.000000000000000000, -1.000000000000000000, -0.000000000000000000 ) ) ;
#5175 = VERTEX_POINT ( 'NONE', #4095 ) ;
#5176 = CARTESIAN_POINT ( 'NONE',  ( -174.9943130982813955, 117.0000000000000000, 290.9472914527384546 ) ) ;
#5177 = EDGE_CURVE ( 'NONE', #5391, #2430, #8923, .T. ) ;
#5178 = CARTESIAN_POINT ( 'NONE',  ( -70.94564275331566705, 501.6802010741481013, 81.87240171792704757 ) ) ;
#5179 = DIRECTION ( 'NONE',  ( 0.7625037589850115483, 0.2383113124287892515, -0.6014945850979835917 ) ) ;
#5180 = CARTESIAN_POINT ( 'NONE',  ( -62.80334236607136233, 372.3895018983490672, 377.8812197398837611 ) ) ;
#5181 = ORIENTED_EDGE ( 'NONE', *, *, #1552, .F. ) ;
#5182 = LINE ( 'NONE', #2325, #4212 ) ;
#5183 = AXIS2_PLACEMENT_3D ( 'NONE', #4433, #7420, #9445 ) ;
#5184 = ORIENTED_EDGE ( 'NONE', *, *, #9111, .F. ) ;
#5185 = EDGE_CURVE ( 'NONE', #1424, #2024, #7216, .T. ) ;
#5186 = EDGE_CURVE ( 'NONE', #6377, #3679, #2200, .T. ) ;
#5187 = AXIS2_PLACEMENT_3D ( 'NONE', #3741, #580, #2551 ) ;
#5188 = EDGE_LOOP ( 'NONE', ( #9178, #9775, #1686 ) ) ;
#5189 = DIRECTION ( 'NONE',  ( -0.000000000000000000, 1.000000000000000000, -0.000000000000000000 ) ) ;
#5190 = DIRECTION ( 'NONE',  ( 0.6193384587389308971, -0.000000000000000000, -0.7851241134539720390 ) ) ;
#5191 = CARTESIAN_POINT ( 'NONE',  ( 111.3767717391520620, 377.5518242583233359, 359.0020664014754743 ) ) ;
#5192 = DIRECTION ( 'NONE',  ( -0.000000000000000000, 0.000000000000000000, 1.000000000000000000 ) ) ;
#5193 = CARTESIAN_POINT ( 'NONE',  ( -153.9371671587826143, 500.9521077379143321, 334.4118085411734000 ) ) ;
#5194 = ORIENTED_EDGE ( 'NONE', *, *, #11049, .F. ) ;
#5195 = DIRECTION ( 'NONE',  ( 1.000000000000000000, 0.000000000000000000, 0.000000000000000000 ) ) ;
#5196 = DIRECTION ( 'NONE',  ( 0.000000000000000000, 0.000000000000000000, -1.000000000000000000 ) ) ;
#5197 = DIRECTION ( 'NONE',  ( -0.000000000000000000, 1.000000000000000000, -0.000000000000000000 ) ) ;
#5198 = DIRECTION ( 'NONE',  ( -1.000000000000000000, 0.000000000000000000, 0.000000000000000000 ) ) ;
#5199 = VECTOR ( 'NONE', #6273, 1000.000000000000000 ) ;
#5200 = ORIENTED_EDGE ( 'NONE', *, *, #3255, .T. ) ;
#5201 = EDGE_CURVE ( 'NONE', #9061, #5900, #6604, .T. ) ;
#5202 = ORIENTED_EDGE ( 'NONE', *, *, #835, .F. ) ;
#5203 = ADVANCED_FACE ( 'NONE', ( #3267 ), #9942, .F. ) ;
#5204 = EDGE_LOOP ( 'NONE', ( #11106, #6250, #7172, #7176 ) ) ;
#5205 = DIRECTION ( 'NONE',  ( 0.000000000000000000, 0.000000000000000000, -1.000000000000000000 ) ) ;
#5206 = ORIENTED_EDGE ( 'NONE', *, *, #1207, .T. ) ;
#5207 = VERTEX_POINT ( 'NONE', #4157 ) ;
#5208 = LINE ( 'NONE', #3432, #107 ) ;
#5209 = VECTOR ( 'NONE', #10984, 1000.000000000000114 ) ;
#5210 = CARTESIAN_POINT ( 'NONE',  ( 132.0160319762659356, 494.0199999999996976, 352.3739576922165497 ) ) ;
#5211 = CIRCLE ( 'NONE', #6019, 1.100437036551937808 ) ;
#5212 = ORIENTED_EDGE ( 'NONE', *, *, #4637, .F. ) ;
#5213 = DIRECTION ( 'NONE',  ( 0.000000000000000000, 0.000000000000000000, 1.000000000000000000 ) ) ;
#5214 = AXIS2_PLACEMENT_3D ( 'NONE', #2232, #4260, #2102 ) ;
#5215 = CARTESIAN_POINT ( 'NONE',  ( 37.70961026099369917, 385.1539588257066953, 363.6028905178080208 ) ) ;
#5216 = LINE ( 'NONE', #393, #10368 ) ;
#5217 = CARTESIAN_POINT ( 'NONE',  ( -62.78826645942975659, 374.0785508645338382, 377.9443499868726803 ) ) ;
#5218 = VERTEX_POINT ( 'NONE', #8041 ) ;
#5219 = FACE_BOUND ( 'NONE', #4119, .T. ) ;
#5220 = AXIS2_PLACEMENT_3D ( 'NONE', #7053, #9080, #6218 ) ;
#5221 = ORIENTED_EDGE ( 'NONE', *, *, #5919, .T. ) ;
#5222 = ORIENTED_EDGE ( 'NONE', *, *, #7673, .T. ) ;
#5223 = VECTOR ( 'NONE', #3100, 1000.000000000000000 ) ;
#5224 = LINE ( 'NONE', #9092, #10760 ) ;
#5225 = CARTESIAN_POINT ( 'NONE',  ( -227.1074468072382615, 443.4226777085931417, 287.9337328837805217 ) ) ;
#5226 = EDGE_LOOP ( 'NONE', ( #1338, #12312, #721, #8197 ) ) ;
#5227 = EDGE_CURVE ( 'NONE', #10975, #12096, #2392, .T. ) ;
#5228 = CARTESIAN_POINT ( 'NONE',  ( -93.41846897969762153, 501.6802010741481013, 119.4857214942057198 ) ) ;
#5229 = DIRECTION ( 'NONE',  ( -0.7071067811862844499, 0.000000000000000000, -0.7071067811868105846 ) ) ;
#5230 = VECTOR ( 'NONE', #1997, 1000.000000000000227 ) ;
#5231 = ORIENTED_EDGE ( 'NONE', *, *, #9449, .F. ) ;
#5232 = CARTESIAN_POINT ( 'NONE',  ( -210.0876863345455376, 542.6617569105952725, 283.2499261100665535 ) ) ;
#5233 = EDGE_CURVE ( 'NONE', #12309, #4185, #6256, .T. ) ;
#5234 = AXIS2_PLACEMENT_3D ( 'NONE', #96, #3204, #2127 ) ;
#5235 = DIRECTION ( 'NONE',  ( 1.000000000000000000, 0.000000000000000000, 0.000000000000000000 ) ) ;
#5236 = ORIENTED_EDGE ( 'NONE', *, *, #711, .F. ) ;
#5237 = DIRECTION ( 'NONE',  ( 0.000000000000000000, 1.000000000000000000, 0.000000000000000000 ) ) ;
#5238 = ORIENTED_EDGE ( 'NONE', *, *, #6833, .T. ) ;
#5239 = EDGE_CURVE ( 'NONE', #1428, #1985, #4225, .T. ) ;
#5240 = AXIS2_PLACEMENT_3D ( 'NONE', #248, #6799, #4120 ) ;
#5241 = CARTESIAN_POINT ( 'NONE',  ( 151.8249679581558667, 117.0000000000000000, 382.1878655542435581 ) ) ;
#5242 = EDGE_LOOP ( 'NONE', ( #7945, #4719 ) ) ;
#5243 = DIRECTION ( 'NONE',  ( -0.000000000000000000, 1.000000000000000000, -0.000000000000000000 ) ) ;
#5244 = CARTESIAN_POINT ( 'NONE',  ( 59.34243920159818231, 345.0000000000000000, 385.9443499868726803 ) ) ;
#5245 = B_SPLINE_CURVE_WITH_KNOTS ( 'NONE', 2,
 ( #8571, #7424, #3613 ),
 .UNSPECIFIED., .F., .F.,
 ( 3, 3 ),
 ( 0.000000000000000000, 1.000000000000000000 ),
 .UNSPECIFIED. ) ;
#5246 = DIRECTION ( 'NONE',  ( 0.6159316213005268104, 0.000000000000000000, -0.7877996178484123480 ) ) ;
#5247 = LINE ( 'NONE', #6125, #6208 ) ;
#5248 = ORIENTED_EDGE ( 'NONE', *, *, #12233, .F. ) ;
#5249 = DIRECTION ( 'NONE',  ( -2.897549362954532616E-15, 0.000000000000000000, 1.000000000000000000 ) ) ;
#5250 = ORIENTED_EDGE ( 'NONE', *, *, #48, .F. ) ;
#5251 = EDGE_CURVE ( 'NONE', #11047, #6536, #7622, .T. ) ;
#5252 = VECTOR ( 'NONE', #12426, 1000.000000000000000 ) ;
#5253 = ORIENTED_EDGE ( 'NONE', *, *, #9527, .F. ) ;
#5254 = ADVANCED_FACE ( 'NONE', ( #1562 ), #6575, .F. ) ;
#5255 = LINE ( 'NONE', #5814, #218 ) ;
#5256 = CARTESIAN_POINT ( 'NONE',  ( 74.86688931094020916, 370.0000000000000000, 370.8061429881302047 ) ) ;
#5257 = CARTESIAN_POINT ( 'NONE',  ( -173.8375598836331051, 340.0000000000000568, 270.4181323956964889 ) ) ;
#5258 =( BOUNDED_CURVE ( )  B_SPLINE_CURVE ( 3, ( #585, #10300, #7443, #6154 ),
 .UNSPECIFIED., .F., .F. ) 
 B_SPLINE_CURVE_WITH_KNOTS ( ( 4, 4 ),
 ( 0.000000000000000000, 1.570796326794896558 ),
 .UNSPECIFIED. ) 
 CURVE ( )  GEOMETRIC_REPRESENTATION_ITEM ( )  RATIONAL_B_SPLINE_CURVE ( ( 1.000000000000000000, 0.8047378541243649375, 0.8047378541243649375, 1.000000000000000000 ) ) 
 REPRESENTATION_ITEM ( '' )  );
#5259 = FACE_OUTER_BOUND ( 'NONE', #11239, .T. ) ;
#5260 = CARTESIAN_POINT ( 'NONE',  ( 151.8249679581558667, 120.0000000000000000, 381.2424543206988119 ) ) ;
#5261 = CLOSED_SHELL ( 'NONE', ( #9600, #11999, #1891, #11542 ) ) ;
#5262 = VERTEX_POINT ( 'NONE', #10450 ) ;
#5263 = DIRECTION ( 'NONE',  ( -0.08682659386424763925, 0.9924325091389670783, 0.08682659386424763925 ) ) ;
#5264 = CARTESIAN_POINT ( 'NONE',  ( -169.5737879588427006, 554.8129978980433634, 338.2566931703466935 ) ) ;
#5265 = DIRECTION ( 'NONE',  ( 0.000000000000000000, 0.000000000000000000, 1.000000000000000000 ) ) ;
#5266 = AXIS2_PLACEMENT_3D ( 'NONE', #4731, #3013, #9618 ) ;
#5267 = CARTESIAN_POINT ( 'NONE',  ( 2.081899558550500674E-14, 580.1499999999997499, 175.7695561956705319 ) ) ;
#5268 = VERTEX_POINT ( 'NONE', #11212 ) ;
#5269 = EDGE_LOOP ( 'NONE', ( #12331, #7028, #6556, #5362 ) ) ;
#5270 = ORIENTED_EDGE ( 'NONE', *, *, #8446, .T. ) ;
#5271 = CARTESIAN_POINT ( 'NONE',  ( 86.68222252302359720, 382.2776525479378051, 361.8621453137576509 ) ) ;
#5272 = ORIENTED_EDGE ( 'NONE', *, *, #4340, .T. ) ;
#5273 = ORIENTED_EDGE ( 'NONE', *, *, #1176, .F. ) ;
#5274 = CARTESIAN_POINT ( 'NONE',  ( -66.20020431027140262, 353.5309443106487493, 359.4567312069361265 ) ) ;
#5275 = LINE ( 'NONE', #453, #10078 ) ;
#5276 = ORIENTED_EDGE ( 'NONE', *, *, #549, .T. ) ;
#5277 = EDGE_CURVE ( 'NONE', #1587, #1227, #3594, .T. ) ;
#5278 = EDGE_CURVE ( 'NONE', #4412, #7146, #895, .T. ) ;
#5279 = CARTESIAN_POINT ( 'NONE',  ( -116.3767717391519767, 377.5518242583233359, 326.4274360680452105 ) ) ;
#5280 = CARTESIAN_POINT ( 'NONE',  ( -139.5011983711572157, 370.0000000000001137, 299.0691970056345212 ) ) ;
#5281 = CARTESIAN_POINT ( 'NONE',  ( -196.4658468867559407, 540.6856135014489837, 270.2656212507640134 ) ) ;
#5282 = EDGE_LOOP ( 'NONE', ( #8236, #8705, #11526, #2514 ) ) ;
#5283 = FACE_OUTER_BOUND ( 'NONE', #1085, .T. ) ;
#5284 = EDGE_CURVE ( 'NONE', #8133, #11219, #11635, .T. ) ;
#5285 = ORIENTED_EDGE ( 'NONE', *, *, #2096, .T. ) ;
#5286 = EDGE_CURVE ( 'NONE', #477, #2647, #8298, .T. ) ;
#5287 = VECTOR ( 'NONE', #886, 999.9999999999998863 ) ;
#5288 = VECTOR ( 'NONE', #9215, 1000.000000000000000 ) ;
#5289 = VERTEX_POINT ( 'NONE', #11279 ) ;
#5290 = CARTESIAN_POINT ( 'NONE',  ( -130.5203249716377911, 117.0000000000000000, 366.0985153249498580 ) ) ;
#5291 = DIRECTION ( 'NONE',  ( 0.000000000000000000, 1.000000000000000000, 0.000000000000000000 ) ) ;
#5292 = EDGE_LOOP ( 'NONE', ( #5062, #11626, #11066, #2750 ) ) ;
#5293 = DIRECTION ( 'NONE',  ( 0.000000000000000000, 1.000000000000000000, -0.000000000000000000 ) ) ;
#5294 = DIRECTION ( 'NONE',  ( -0.000000000000000000, 1.000000000000000000, -0.000000000000000000 ) ) ;
#5295 = EDGE_LOOP ( 'NONE', ( #8870, #9709, #10221, #11084 ) ) ;
#5296 = CARTESIAN_POINT ( 'NONE',  ( 85.25519111159104568, 315.0000000000000568, 85.25519111165458241 ) ) ;
#5297 = PLANE ( 'NONE',  #2664 ) ;
#5298 = VERTEX_POINT ( 'NONE', #612 ) ;
#5299 = ORIENTED_EDGE ( 'NONE', *, *, #10669, .F. ) ;
#5300 = FACE_OUTER_BOUND ( 'NONE', #7142, .T. ) ;
#5301 = ORIENTED_EDGE ( 'NONE', *, *, #10684, .T. ) ;
#5302 = EDGE_CURVE ( 'NONE', #10256, #8903, #10852, .T. ) ;
#5303 = CARTESIAN_POINT ( 'NONE',  ( -62.80334236607136233, 372.3023461556014126, 378.8774144379755171 ) ) ;
#5304 = AXIS2_PLACEMENT_3D ( 'NONE', #6832, #5563, #749 ) ;
#5305 = VERTEX_POINT ( 'NONE', #8492 ) ;
#5306 = DIRECTION ( 'NONE',  ( 0.7851241134539713729, 0.000000000000000000, -0.6193384587389316742 ) ) ;
#5307 = CARTESIAN_POINT ( 'NONE',  ( -90.19187790580504327, 412.9811648176871586, 380.4439605203514247 ) ) ;
#5308 = CARTESIAN_POINT ( 'NONE',  ( 173.3050511171542212, 117.0000000000000000, 329.6573374656903184 ) ) ;
#5309 = DIRECTION ( 'NONE',  ( -0.4264773558013711385, 0.9044982393507854379, 0.000000000000000000 ) ) ;
#5310 = ADVANCED_FACE ( 'NONE', ( #3660 ), #809, .T. ) ;
#5311 = ORIENTED_EDGE ( 'NONE', *, *, #9340, .T. ) ;
#5312 = DIRECTION ( 'NONE',  ( 0.000000000000000000, 0.000000000000000000, 1.000000000000000000 ) ) ;
#5313 = ORIENTED_EDGE ( 'NONE', *, *, #2942, .T. ) ;
#5314 = DIRECTION ( 'NONE',  ( -1.000000000000000000, 0.000000000000000000, 0.000000000000000000 ) ) ;
#5315 = EDGE_CURVE ( 'NONE', #4327, #1402, #4481, .T. ) ;
#5316 = ORIENTED_EDGE ( 'NONE', *, *, #11862, .T. ) ;
#5317 = EDGE_CURVE ( 'NONE', #6994, #10140, #4780, .T. ) ;
#5318 = DIRECTION ( 'NONE',  ( -0.000000000000000000, 1.000000000000000000, -0.000000000000000000 ) ) ;
#5319 = DIRECTION ( 'NONE',  ( 1.000000000000000000, 0.000000000000000000, 0.000000000000000000 ) ) ;
#5320 = CARTESIAN_POINT ( 'NONE',  ( -88.82857735877806249, 420.1716832666299410, 358.5468472105690125 ) ) ;
#5321 = CARTESIAN_POINT ( 'NONE',  ( -171.6157891360268195, 117.0000000000000000, 352.8908367782719324 ) ) ;
#5322 = ORIENTED_EDGE ( 'NONE', *, *, #2837, .F. ) ;
#5323 = DIRECTION ( 'NONE',  ( -0.7863899488082342071, 0.000000000000000000, 0.6177304010758922770 ) ) ;
#5324 = EDGE_CURVE ( 'NONE', #7495, #4386, #9368, .T. ) ;
#5325 = CARTESIAN_POINT ( 'NONE',  ( -116.3767717391519767, 0.000000000000000000, 401.4274360680452105 ) ) ;
#5326 = CARTESIAN_POINT ( 'NONE',  ( -280.0034975552616743, 443.4226777085931417, 220.8783702419715951 ) ) ;
#5327 = DIRECTION ( 'NONE',  ( 0.000000000000000000, -0.08715574274765820750, 0.9961946980917455452 ) ) ;
#5328 = VECTOR ( 'NONE', #9769, 1000.000000000000000 ) ;
#5329 = ORIENTED_EDGE ( 'NONE', *, *, #2467, .T. ) ;
#5330 = VERTEX_POINT ( 'NONE', #10197 ) ;
#5331 = ORIENTED_EDGE ( 'NONE', *, *, #9077, .T. ) ;
#5332 = CARTESIAN_POINT ( 'NONE',  ( 175.1311997525219226, 352.5000000000000000, 324.1304959033155910 ) ) ;
#5333 = ORIENTED_EDGE ( 'NONE', *, *, #7467, .T. ) ;
#5334 = ORIENTED_EDGE ( 'NONE', *, *, #10587, .T. ) ;
#5335 = DIRECTION ( 'NONE',  ( -0.08682659386424761150, -0.9924325091389669673, -0.08682659386424762538 ) ) ;
#5336 = CYLINDRICAL_SURFACE ( 'NONE', #2985, 2.000000000000020428 ) ;
#5337 = ORIENTED_EDGE ( 'NONE', *, *, #7768, .F. ) ;
#5338 = AXIS2_PLACEMENT_3D ( 'NONE', #3913, #10711, #6959 ) ;
#5339 = CARTESIAN_POINT ( 'NONE',  ( -195.5443506364432551, 554.6500890203740255, 302.9422028668143412 ) ) ;
#5340 = DIRECTION ( 'NONE',  ( 0.7625037589850115483, 0.2383113124287892515, -0.6014945850979835917 ) ) ;
#5341 = CARTESIAN_POINT ( 'NONE',  ( 75.91256339135492226, 377.5347738228383037, 379.3351925415781238 ) ) ;
#5342 = CARTESIAN_POINT ( 'NONE',  ( -199.3155116479956632, 120.0000000000000000, 255.9610076263725773 ) ) ;
#5343 = ORIENTED_EDGE ( 'NONE', *, *, #7173, .F. ) ;
#5344 = CARTESIAN_POINT ( 'NONE',  ( 63.62321363309397526, -585.1500000000002046, -4.414747292256631652E-14 ) ) ;
#5345 = ORIENTED_EDGE ( 'NONE', *, *, #11756, .T. ) ;
#5346 = CIRCLE ( 'NONE', #7586, 1.463400710226769874 ) ;
#5347 = EDGE_CURVE ( 'NONE', #10322, #7471, #1496, .T. ) ;
#5348 = EDGE_CURVE ( 'NONE', #1745, #444, #5992, .T. ) ;
#5349 = ORIENTED_EDGE ( 'NONE', *, *, #5278, .T. ) ;
#5350 = CARTESIAN_POINT ( 'NONE',  ( -116.3767717391519767, 0.000000000000000000, 351.4274360680452105 ) ) ;
#5351 = CARTESIAN_POINT ( 'NONE',  ( 199.9999999999999716, 570.1499999999997499, 250.7734253594445875 ) ) ;
#5352 = ORIENTED_EDGE ( 'NONE', *, *, #7646, .T. ) ;
#5353 = PLANE ( 'NONE',  #5165 ) ;
#5354 = DIRECTION ( 'NONE',  ( 0.6193384587389316742, 1.965047575521714584E-16, 0.7851241134539714839 ) ) ;
#5355 = ORIENTED_EDGE ( 'NONE', *, *, #2227, .F. ) ;
#5356 = VECTOR ( 'NONE', #2375, 999.9999999999998863 ) ;
#5357 = CARTESIAN_POINT ( 'NONE',  ( -66.20020431027140262, 345.3533849292755917, 361.3157116688129236 ) ) ;
#5358 = CARTESIAN_POINT ( 'NONE',  ( -59.26671879462830361, 360.0000000000000000, 384.3406997176695086 ) ) ;
#5359 = VERTEX_POINT ( 'NONE', #1628 ) ;
#5360 = ORIENTED_EDGE ( 'NONE', *, *, #6385, .T. ) ;
#5361 = PLANE ( 'NONE',  #6925 ) ;
#5362 = ORIENTED_EDGE ( 'NONE', *, *, #797, .T. ) ;
#5363 = CARTESIAN_POINT ( 'NONE',  ( 156.8413038969434581, 501.6802010741481013, 315.1483039097656729 ) ) ;
#5364 = ORIENTED_EDGE ( 'NONE', *, *, #9463, .F. ) ;
#5365 = VECTOR ( 'NONE', #8787, 1000.000000000000000 ) ;
#5366 = CARTESIAN_POINT ( 'NONE',  ( -160.4756791123230641, 370.0000000000001705, 277.1269687302915372 ) ) ;
#5367 = CARTESIAN_POINT ( 'NONE',  ( -59.26671879462830361, 350.5302881527758814, 363.6884738119822487 ) ) ;
#5368 = DIRECTION ( 'NONE',  ( 0.000000000000000000, 0.000000000000000000, -1.000000000000000000 ) ) ;
#5369 = DIRECTION ( 'NONE',  ( 0.000000000000000000, 1.000000000000000000, 0.000000000000000000 ) ) ;
#5370 = VECTOR ( 'NONE', #9095, 1000.000000000000000 ) ;
#5371 = VERTEX_POINT ( 'NONE', #9238 ) ;
#5372 = CARTESIAN_POINT ( 'NONE',  ( 147.5242506373036235, -280.1694956085287345, 362.4264068711929099 ) ) ;
#5373 = AXIS2_PLACEMENT_3D ( 'NONE', #4048, #7930, #10841 ) ;
#5374 = ORIENTED_EDGE ( 'NONE', *, *, #6511, .T. ) ;
#5375 = CARTESIAN_POINT ( 'NONE',  ( 130.5203249716378480, 120.0000000000000000, 359.5247755901028768 ) ) ;
#5376 = CARTESIAN_POINT ( 'NONE',  ( 192.9877427735605693, 117.0000000000000000, 332.2694703950618873 ) ) ;
#5377 = EDGE_CURVE ( 'NONE', #6002, #6710, #8423, .T. ) ;
#5378 = DIRECTION ( 'NONE',  ( -1.000000000000000000, 0.000000000000000000, 0.000000000000000000 ) ) ;
#5379 = DIRECTION ( 'NONE',  ( 0.000000000000000000, 1.000000000000000000, 0.000000000000000000 ) ) ;
#5380 = VERTEX_POINT ( 'NONE', #11345 ) ;
#5381 = DIRECTION ( 'NONE',  ( 0.000000000000000000, -0.000000000000000000, 1.000000000000000000 ) ) ;
#5382 = ADVANCED_FACE ( 'NONE', ( #2653 ), #4422, .T. ) ;
#5383 = LINE ( 'NONE', #8314, #3517 ) ;
#5384 = AXIS2_PLACEMENT_3D ( 'NONE', #1770, #12427, #3731 ) ;
#5385 = LINE ( 'NONE', #566, #5199 ) ;
#5386 = CARTESIAN_POINT ( 'NONE',  ( 63.87115989019968509, 402.9660550741079987, 380.5563215124602152 ) ) ;
#5387 = AXIS2_PLACEMENT_3D ( 'NONE', #5004, #5712, #7747 ) ;
#5388 = EDGE_CURVE ( 'NONE', #4696, #7563, #8675, .T. ) ;
#5389 = VERTEX_POINT ( 'NONE', #5926 ) ;
#5390 = AXIS2_PLACEMENT_3D ( 'NONE', #903, #1853, #11435 ) ;
#5391 = VERTEX_POINT ( 'NONE', #2780 ) ;
#5392 = EDGE_LOOP ( 'NONE', ( #8501, #8082, #3515, #6339 ) ) ;
#5393 = DIRECTION ( 'NONE',  ( 0.7625037589850115483, 0.2383113124287892792, -0.6014945850979835917 ) ) ;
#5394 = EDGE_LOOP ( 'NONE', ( #9541, #322, #8239, #8540 ) ) ;
#5395 = EDGE_CURVE ( 'NONE', #9361, #3143, #6027, .T. ) ;
#5396 = ORIENTED_EDGE ( 'NONE', *, *, #4293, .T. ) ;
#5397 = CARTESIAN_POINT ( 'NONE',  ( 174.9943130982815092, 117.0000000000000000, 290.9472914527386251 ) ) ;
#5398 = LINE ( 'NONE', #4316, #7428 ) ;
#5399 = CARTESIAN_POINT ( 'NONE',  ( -181.6027921189752590, 500.1541665992429557, 301.3519906816746357 ) ) ;
#5400 = ORIENTED_EDGE ( 'NONE', *, *, #8609, .T. ) ;
#5401 = CARTESIAN_POINT ( 'NONE',  ( 180.0000000000000853, 120.0000000000000000, 250.7734253594444738 ) ) ;
#5402 = CARTESIAN_POINT ( 'NONE',  ( -148.7788836096352156, 340.0000000000000568, 286.3160689479116172 ) ) ;
#5403 = CARTESIAN_POINT ( 'NONE',  ( -147.7602570189060316, 501.0359390972631672, 342.2753791850673224 ) ) ;
#5404 = DIRECTION ( 'NONE',  ( 0.000000000000000000, 0.000000000000000000, -1.000000000000000000 ) ) ;
#5405 = ADVANCED_FACE ( 'NONE', ( #10632 ), #1109, .T. ) ;
#5406 = ORIENTED_EDGE ( 'NONE', *, *, #549, .F. ) ;
#5407 = DIRECTION ( 'NONE',  ( 0.000000000000000000, 1.000000000000000000, 0.000000000000000000 ) ) ;
#5408 = EDGE_LOOP ( 'NONE', ( #5080, #9330, #6690, #9344, #3295 ) ) ;
#5409 = EDGE_CURVE ( 'NONE', #2647, #8133, #3839, .T. ) ;
#5410 = VERTEX_POINT ( 'NONE', #871 ) ;
#5411 = VECTOR ( 'NONE', #10557, 1000.000000000000000 ) ;
#5412 = EDGE_CURVE ( 'NONE', #8551, #12301, #7597, .T. ) ;
#5413 = DIRECTION ( 'NONE',  ( 0.000000000000000000, 0.000000000000000000, -1.000000000000000000 ) ) ;
#5414 = DIRECTION ( 'NONE',  ( -0.7863899488082342071, 0.000000000000000000, 0.6177304010758922770 ) ) ;
#5415 = VECTOR ( 'NONE', #10603, 1000.000000000000000 ) ;
#5416 = ORIENTED_EDGE ( 'NONE', *, *, #5458, .T. ) ;
#5417 = DIRECTION ( 'NONE',  ( -0.7625037589850115483, -0.2383113124287892515, 0.6014945850979835917 ) ) ;
#5418 = CARTESIAN_POINT ( 'NONE',  ( -195.7024822690793826, 370.0000000000001137, 263.1601945342233648 ) ) ;
#5419 = VERTEX_POINT ( 'NONE', #3779 ) ;
#5420 = CARTESIAN_POINT ( 'NONE',  ( -196.1896342949588359, 541.4463386085290040, 270.6157709358024022 ) ) ;
#5421 = VECTOR ( 'NONE', #3564, 999.9999999999998863 ) ;
#5422 = CIRCLE ( 'NONE', #7041, 6.000000000000024869 ) ;
#5423 = CARTESIAN_POINT ( 'NONE',  ( 50.60003379395966761, 370.0000000000000000, 366.3561429881301592 ) ) ;
#5424 = ORIENTED_EDGE ( 'NONE', *, *, #9940, .F. ) ;
#5425 = ORIENTED_EDGE ( 'NONE', *, *, #1436, .F. ) ;
#5426 = DIRECTION ( 'NONE',  ( 0.000000000000000000, -1.000000000000000000, 0.000000000000000000 ) ) ;
#5427 = VERTEX_POINT ( 'NONE', #11470 ) ;
#5428 = AXIS2_PLACEMENT_3D ( 'NONE', #5681, #3830, #9554 ) ;
#5429 = LINE ( 'NONE', #4476, #9078 ) ;
#5430 = ORIENTED_EDGE ( 'NONE', *, *, #8737, .T. ) ;
#5431 = DIRECTION ( 'NONE',  ( 0.000000000000000000, 0.000000000000000000, 1.000000000000000000 ) ) ;
#5432 = CARTESIAN_POINT ( 'NONE',  ( -59.20020431027140262, 353.2500185700606039, 355.6747397121916947 ) ) ;
#5433 = CIRCLE ( 'NONE', #12528, 10.00000000000000888 ) ;
#5434 = EDGE_CURVE ( 'NONE', #9908, #795, #11849, .T. ) ;
#5435 = CARTESIAN_POINT ( 'NONE',  ( -111.4464948675895073, 120.0000000000000000, 368.5173196178368471 ) ) ;
#5436 = LINE ( 'NONE', #9371, #10481 ) ;
#5437 = LINE ( 'NONE', #6321, #1996 ) ;
#5438 = CIRCLE ( 'NONE', #10318, 4.476537341592923269 ) ;
#5439 = ORIENTED_EDGE ( 'NONE', *, *, #4187, .F. ) ;
#5440 = DIRECTION ( 'NONE',  ( 0.2125118256585483145, 0.9769414603496084926, -0.02059385843510042058 ) ) ;
#5441 = VERTEX_POINT ( 'NONE', #4858 ) ;
#5442 = ADVANCED_FACE ( 'NONE', ( #11534 ), #5688, .T. ) ;
#5443 = CARTESIAN_POINT ( 'NONE',  ( -39.95364384931033186, 382.2776525479376915, 361.8621453137576509 ) ) ;
#5444 = CARTESIAN_POINT ( 'NONE',  ( 174.9943130982814523, 117.0000000000000000, 367.1410134558358322 ) ) ;
#5445 = PLANE ( 'NONE',  #6058 ) ;
#5446 = LOCAL_TIME ( 15, 55, 4.000000000000000000, #12558 ) ;
#5447 = CARTESIAN_POINT ( 'NONE',  ( 140.0000000000001705, -585.1500000000002046, 400.0000000000000000 ) ) ;
#5448 = VERTEX_POINT ( 'NONE', #12475 ) ;
#5449 = CARTESIAN_POINT ( 'NONE',  ( -151.8249679581558098, 120.0000000000000000, 382.1878655542434444 ) ) ;
#5450 = CARTESIAN_POINT ( 'NONE',  ( 70.18354552143794933, 117.0000000000000000, 383.8903845222603763 ) ) ;
#5451 = CARTESIAN_POINT ( 'NONE',  ( -166.5956421787751367, 555.1724297082188286, 339.8469053554863990 ) ) ;
#5452 = DIRECTION ( 'NONE',  ( -0.000000000000000000, 1.000000000000000000, -0.000000000000000000 ) ) ;
#5453 = VERTEX_POINT ( 'NONE', #6824 ) ;
#5454 = CARTESIAN_POINT ( 'NONE',  ( -196.8642532756116168, 555.0589389440929153, 261.6874385335834745 ) ) ;
#5455 = ORIENTED_EDGE ( 'NONE', *, *, #4269, .F. ) ;
#5456 = VERTEX_POINT ( 'NONE', #2895 ) ;
#5457 = DIRECTION ( 'NONE',  ( 0.000000000000000000, 1.000000000000000000, 0.000000000000000000 ) ) ;
#5458 = EDGE_CURVE ( 'NONE', #1870, #2529, #9686, .T. ) ;
#5459 = ORIENTED_EDGE ( 'NONE', *, *, #390, .T. ) ;
#5460 = EDGE_CURVE ( 'NONE', #10672, #4327, #7844, .T. ) ;
#5461 = VERTEX_POINT ( 'NONE', #1529 ) ;
#5462 = CARTESIAN_POINT ( 'NONE',  ( -101.3506228754717284, 570.1160211952075088, 351.4274360680452105 ) ) ;
#5463 = DIRECTION ( 'NONE',  ( -0.000000000000000000, 1.000000000000000000, -0.000000000000000000 ) ) ;
#5464 = VECTOR ( 'NONE', #7354, 1000.000000000000114 ) ;
#5465 = DIRECTION ( 'NONE',  ( 0.000000000000000000, -0.08715574274764570362, 0.9961946980917466554 ) ) ;
#5466 = EDGE_LOOP ( 'NONE', ( #4002, #3360, #10337, #86 ) ) ;
#5467 = DIRECTION ( 'NONE',  ( 0.000000000000000000, 0.000000000000000000, 1.000000000000000000 ) ) ;
#5468 = CARTESIAN_POINT ( 'NONE',  ( 0.000000000000000000, 340.0000000000000568, 0.000000000000000000 ) ) ;
#5469 = CARTESIAN_POINT ( 'NONE',  ( -174.3634170613648564, 500.5974297687673129, 308.3772996811273401 ) ) ;
#5470 = DIRECTION ( 'NONE',  ( -0.000000000000000000, 1.000000000000000000, -0.000000000000000000 ) ) ;
#5471 = ORIENTED_EDGE ( 'NONE', *, *, #926, .T. ) ;
#5472 = DIRECTION ( 'NONE',  ( 0.000000000000000000, -0.9961946980917455452, -0.08715574274765781893 ) ) ;
#5473 = ORIENTED_EDGE ( 'NONE', *, *, #5929, .F. ) ;
#5474 = ORIENTED_EDGE ( 'NONE', *, *, #2056, .T. ) ;
#5475 = PLANE ( 'NONE',  #9551 ) ;
#5476 = CARTESIAN_POINT ( 'NONE',  ( -156.9153129388496382, 500.5926759277388101, 332.8215963560342630 ) ) ;
#5477 = ORIENTED_EDGE ( 'NONE', *, *, #3750, .F. ) ;
#5478 = DIRECTION ( 'NONE',  ( -0.7625037589850115483, -0.2383113124287892515, 0.6014945850979835917 ) ) ;
#5479 = FACE_OUTER_BOUND ( 'NONE', #5480, .T. ) ;
#5480 = EDGE_LOOP ( 'NONE', ( #6745, #6191, #2771, #8277 ) ) ;
#5481 = EDGE_CURVE ( 'NONE', #4885, #10458, #7004, .T. ) ;
#5482 = FACE_OUTER_BOUND ( 'NONE', #5739, .T. ) ;
#5483 = LINE ( 'NONE', #799, #4878 ) ;
#5484 = AXIS2_PLACEMENT_3D ( 'NONE', #11053, #2359, #6226 ) ;
#5485 = ORIENTED_EDGE ( 'NONE', *, *, #9077, .F. ) ;
#5486 = ORIENTED_EDGE ( 'NONE', *, *, #890, .T. ) ;
#5487 = FACE_OUTER_BOUND ( 'NONE', #3645, .T. ) ;
#5488 = ORIENTED_EDGE ( 'NONE', *, *, #2773, .T. ) ;
#5489 = EDGE_CURVE ( 'NONE', #7634, #188, #4764, .T. ) ;
#5490 = DIRECTION ( 'NONE',  ( -0.7071067811862840058, 0.000000000000000000, -0.7071067811868109176 ) ) ;
#5491 = VERTEX_POINT ( 'NONE', #12135 ) ;
#5492 = CARTESIAN_POINT ( 'NONE',  ( 102.2461754313623317, 570.0817509717271605, 352.1425956176069008 ) ) ;
#5493 = AXIS2_PLACEMENT_3D ( 'NONE', #4262, #8136, #12071 ) ;
#5494 = CARTESIAN_POINT ( 'NONE',  ( -59.20020431027140262, 344.7977620481757413, 368.1767981924078867 ) ) ;
#5495 = CARTESIAN_POINT ( 'NONE',  ( -59.26671879462830361, 351.4138399208507053, 362.1453932174324564 ) ) ;
#5496 = CARTESIAN_POINT ( 'NONE',  ( 70.18354552143794933, 120.0000000000000000, 383.8903845222603763 ) ) ;
#5497 = DIRECTION ( 'NONE',  ( -0.000000000000000000, 0.08715574274765820750, -0.9961946980917455452 ) ) ;
#5498 = ORIENTED_EDGE ( 'NONE', *, *, #5646, .T. ) ;
#5499 = CARTESIAN_POINT ( 'NONE',  ( 174.9943130982815092, 120.0000000000000000, 290.9472914527386251 ) ) ;
#5500 = VECTOR ( 'NONE', #3849, 1000.000000000000000 ) ;
#5501 = CIRCLE ( 'NONE', #7125, 4.999999999999976907 ) ;
#5502 = ORIENTED_EDGE ( 'NONE', *, *, #8955, .F. ) ;
#5503 = EDGE_CURVE ( 'NONE', #1872, #2360, #8846, .T. ) ;
#5504 = EDGE_CURVE ( 'NONE', #12218, #6710, #1315, .T. ) ;
#5505 = DIRECTION ( 'NONE',  ( 0.000000000000000000, 0.000000000000000000, -1.000000000000000000 ) ) ;
#5506 = DIRECTION ( 'NONE',  ( -0.000000000000000000, 1.000000000000000000, -0.000000000000000000 ) ) ;
#5507 = FACE_OUTER_BOUND ( 'NONE', #8824, .T. ) ;
#5508 = DIRECTION ( 'NONE',  ( -0.000000000000000000, 1.000000000000000000, -0.000000000000000000 ) ) ;
#5509 = ORIENTED_EDGE ( 'NONE', *, *, #4529, .F. ) ;
#5510 = DIRECTION ( 'NONE',  ( 0.7851241134539728161, 0.000000000000000000, 0.6193384587389300089 ) ) ;
#5511 = DIRECTION ( 'NONE',  ( -0.000000000000000000, -1.000000000000000000, 0.000000000000000000 ) ) ;
#5512 = CARTESIAN_POINT ( 'NONE',  ( -39.47285318341118909, 365.0000000000000000, 364.1971901727915224 ) ) ;
#5513 = CIRCLE ( 'NONE', #442, 7.566728253962374140 ) ;
#5514 = EDGE_CURVE ( 'NONE', #1649, #5691, #3126, .T. ) ;
#5515 = EDGE_CURVE ( 'NONE', #4581, #1361, #5104, .T. ) ;
#5516 = DIRECTION ( 'NONE',  ( -0.000000000000000000, 1.000000000000000000, -0.000000000000000000 ) ) ;
#5517 = CARTESIAN_POINT ( 'NONE',  ( -195.6380213900847309, 541.4589807562624628, 263.2419104195507202 ) ) ;
#5518 =( BOUNDED_CURVE ( )  B_SPLINE_CURVE ( 3, ( #4379, #5271, #1270, #3359 ),
 .UNSPECIFIED., .F., .T. ) 
 B_SPLINE_CURVE_WITH_KNOTS ( ( 4, 4 ),
 ( 3.205013981400592016, 4.768214111648967801 ),
 .UNSPECIFIED. ) 
 CURVE ( )  GEOMETRIC_REPRESENTATION_ITEM ( )  RATIONAL_B_SPLINE_CURVE ( ( 1.000000000000000000, 0.8065248903853383666, 0.8065248903853383666, 1.000000000000000000 ) ) 
 REPRESENTATION_ITEM ( '' )  );
#5519 = VERTEX_POINT ( 'NONE', #11247 ) ;
#5520 = DIRECTION ( 'NONE',  ( 0.000000000000000000, 0.000000000000000000, 1.000000000000000000 ) ) ;
#5521 = ORIENTED_EDGE ( 'NONE', *, *, #670, .F. ) ;
#5522 = VERTEX_POINT ( 'NONE', #4388 ) ;
#5523 = CARTESIAN_POINT ( 'NONE',  ( -149.6759378812392924, 501.0359390972631672, 339.8469053554869674 ) ) ;
#5524 = DIRECTION ( 'NONE',  ( -0.7625037589850115483, -0.2383113124287892515, 0.6014945850979835917 ) ) ;
#5525 = CARTESIAN_POINT ( 'NONE',  ( -88.05505890625937582, 340.0000000000000568, 88.05505890629487453 ) ) ;
#5526 = ORIENTED_EDGE ( 'NONE', *, *, #8268, .T. ) ;
#5527 = DIRECTION ( 'NONE',  ( -1.000000000000000000, 0.000000000000000000, 0.000000000000000000 ) ) ;
#5528 = CARTESIAN_POINT ( 'NONE',  ( 0.000000000000000000, 570.1499999999997499, 0.000000000000000000 ) ) ;
#5529 = CARTESIAN_POINT ( 'NONE',  ( -66.20020431027140262, 385.0000000000000000, 385.9443499868726803 ) ) ;
#5530 = CARTESIAN_POINT ( 'NONE',  ( 171.6157891360269332, 117.0000000000000000, 290.9472914527386251 ) ) ;
#5531 = AXIS2_PLACEMENT_3D ( 'NONE', #2709, #12469, #11463 ) ;
#5532 = ORIENTED_EDGE ( 'NONE', *, *, #231, .T. ) ;
#5533 = FACE_BOUND ( 'NONE', #8961, .T. ) ;
#5534 = VERTEX_POINT ( 'NONE', #1172 ) ;
#5535 = ORIENTED_EDGE ( 'NONE', *, *, #2976, .T. ) ;
#5536 = CIRCLE ( 'NONE', #1287, 8.687236565862122006 ) ;
#5537 = CARTESIAN_POINT ( 'NONE',  ( -167.3215075925851067, 340.0000000000000568, 273.5368941889740881 ) ) ;
#5538 = DIRECTION ( 'NONE',  ( -0.7851241134539714839, 0.000000000000000000, 0.6193384587389316742 ) ) ;
#5539 = VERTEX_POINT ( 'NONE', #584 ) ;
#5540 = EDGE_CURVE ( 'NONE', #1427, #2871, #1233, .T. ) ;
#5541 = DIRECTION ( 'NONE',  ( -0.7863899488082342071, 0.000000000000000000, 0.6177304010758922770 ) ) ;
#5542 = CARTESIAN_POINT ( 'NONE',  ( 191.8873057370086315, 120.0000000000000000, 277.5473304590436214 ) ) ;
#5543 = VERTEX_POINT ( 'NONE', #6350 ) ;
#5544 = ADVANCED_FACE ( 'NONE', ( #273 ), #1470, .T. ) ;
#5545 = CARTESIAN_POINT ( 'NONE',  ( -185.3083443461373747, 340.0000000000000568, 266.1033847084841568 ) ) ;
#5546 = PLANE ( 'NONE',  #11170 ) ;
#5547 = EDGE_CURVE ( 'NONE', #1292, #1475, #1928, .T. ) ;
#5548 = ADVANCED_FACE ( 'NONE', ( #3498 ), #4142, .F. ) ;
#5549 = ORIENTED_EDGE ( 'NONE', *, *, #11215, .F. ) ;
#5550 = ORIENTED_EDGE ( 'NONE', *, *, #4159, .F. ) ;
#5551 = CARTESIAN_POINT ( 'NONE',  ( -171.6157891360268195, 117.0000000000000000, 349.9640353578183749 ) ) ;
#5552 = ORIENTED_EDGE ( 'NONE', *, *, #5066, .T. ) ;
#5553 = ADVANCED_FACE ( 'NONE', ( #8970 ), #8026, .F. ) ;
#5554 = LINE ( 'NONE', #8615, #467 ) ;
#5556 = ORIENTED_EDGE ( 'NONE', *, *, #9664, .F. ) ;
#5555 = CIRCLE ( 'NONE', #77, 3.093108195208626121 ) ;
#5557 = CARTESIAN_POINT ( 'NONE',  ( 189.9418468697469962, 565.8988962445549760, 270.4628473842361132 ) ) ;
#5558 = DIRECTION ( 'NONE',  ( 1.000000000000000000, 0.000000000000000000, 0.000000000000000000 ) ) ;
#5559 = CARTESIAN_POINT ( 'NONE',  ( 151.8249679581558951, 120.0000000000000000, 380.2970430871540657 ) ) ;
#5560 = DIRECTION ( 'NONE',  ( -0.000000000000000000, 1.000000000000000000, -0.000000000000000000 ) ) ;
#5561 = DIRECTION ( 'NONE',  ( 0.000000000000000000, 1.000000000000000000, 0.000000000000000000 ) ) ;
#5562 = ORIENTED_EDGE ( 'NONE', *, *, #1275, .F. ) ;
#5563 = DIRECTION ( 'NONE',  ( -0.000000000000000000, -1.000000000000000000, 0.000000000000000000 ) ) ;
#5564 = CIRCLE ( 'NONE', #4129, 4.450000000000009948 ) ;
#5565 = EDGE_CURVE ( 'NONE', #5175, #731, #12053, .T. ) ;
#5566 = ORIENTED_EDGE ( 'NONE', *, *, #8030, .T. ) ;
#5567 = EDGE_CURVE ( 'NONE', #10819, #11399, #7906, .T. ) ;
#5568 = LINE ( 'NONE', #6586, #10569 ) ;
#5569 = FACE_OUTER_BOUND ( 'NONE', #8375, .T. ) ;
#5570 = FACE_OUTER_BOUND ( 'NONE', #2720, .T. ) ;
#5571 = ORIENTED_EDGE ( 'NONE', *, *, #11606, .T. ) ;
#5572 = CARTESIAN_POINT ( 'NONE',  ( 151.8249679581558667, 117.0000000000000000, 380.2970430871540657 ) ) ;
#5573 = DIRECTION ( 'NONE',  ( 0.000000000000000000, 0.000000000000000000, 1.000000000000000000 ) ) ;
#5574 = DIRECTION ( 'NONE',  ( 0.000000000000000000, 0.000000000000000000, -1.000000000000000000 ) ) ;
#5575 = AXIS2_PLACEMENT_3D ( 'NONE', #564, #10213, #9254 ) ;
#5576 = EDGE_CURVE ( 'NONE', #9396, #10112, #10936, .T. ) ;
#5577 = DIRECTION ( 'NONE',  ( 0.000000000000000000, 1.000000000000000000, 0.000000000000000000 ) ) ;
#5578 = AXIS2_PLACEMENT_3D ( 'NONE', #3072, #5041, #2426 ) ;
#5579 = CARTESIAN_POINT ( 'NONE',  ( -59.26671879462830361, 352.7778575094077951, 381.2573938590627449 ) ) ;
#5580 = DIRECTION ( 'NONE',  ( 1.000000000000000000, 0.000000000000000000, 0.000000000000000000 ) ) ;
#5581 = EDGE_LOOP ( 'NONE', ( #9675, #3151, #1814, #972 ) ) ;
#5582 = CIRCLE ( 'NONE', #1739, 72.63946798302922048 ) ;
#5583 = ORIENTED_EDGE ( 'NONE', *, *, #670, .T. ) ;
#5584 = DIRECTION ( 'NONE',  ( 1.703841351481210740E-16, -1.000000000000000000, 0.000000000000000000 ) ) ;
#5585 = PLANE ( 'NONE',  #9937 ) ;
#5586 = CARTESIAN_POINT ( 'NONE',  ( 130.5203249716378480, 120.0000000000000000, 368.2120121559649988 ) ) ;
#5587 = ORIENTED_EDGE ( 'NONE', *, *, #9280, .T. ) ;
#5588 = VECTOR ( 'NONE', #7369, 1000.000000000000227 ) ;
#5589 = DIRECTION ( 'NONE',  ( -0.7813433580651432120, -0.08715574274765819363, -0.6179857873071106233 ) ) ;
#5590 = CARTESIAN_POINT ( 'NONE',  ( 188.7538232997221428, 352.5000000000000000, 303.6097127950929462 ) ) ;
#5591 = EDGE_CURVE ( 'NONE', #6322, #1554, #6945, .T. ) ;
#5592 = DIRECTION ( 'NONE',  ( 1.000000000000000000, 0.000000000000000000, -0.000000000000000000 ) ) ;
#5593 = CARTESIAN_POINT ( 'NONE',  ( 171.6157891360268763, 120.0000000000000000, 352.8908367782720461 ) ) ;
#5594 = AXIS2_PLACEMENT_3D ( 'NONE', #8163, #11843, #3207 ) ;
#5595 = VERTEX_POINT ( 'NONE', #10813 ) ;
#5596 = FACE_BOUND ( 'NONE', #11540, .T. ) ;
#5597 = ORIENTED_EDGE ( 'NONE', *, *, #4126, .T. ) ;
#5598 = VECTOR ( 'NONE', #2975, 1000.000000000000000 ) ;
#5599 = VERTEX_POINT ( 'NONE', #2115 ) ;
#5600 = CARTESIAN_POINT ( 'NONE',  ( 111.4464948675895926, 117.0000000000000000, 369.2830108560941085 ) ) ;
#5601 = DIRECTION ( 'NONE',  ( 0.000000000000000000, -0.9961946980917456562, -0.08715574274765783280 ) ) ;
#5602 = ORIENTED_EDGE ( 'NONE', *, *, #7652, .T. ) ;
#5603 = DIRECTION ( 'NONE',  ( -1.000000000000000000, 0.000000000000000000, 0.000000000000000000 ) ) ;
#5604 = CARTESIAN_POINT ( 'NONE',  ( 215.8576820795999822, 539.1499999999995225, 286.0485949189519488 ) ) ;
#5605 = EDGE_LOOP ( 'NONE', ( #8312, #11318, #12013, #11055 ) ) ;
#5606 = CARTESIAN_POINT ( 'NONE',  ( -66.20020431027140262, 353.2500185700606039, 355.6747397121916947 ) ) ;
#5607 = DIRECTION ( 'NONE',  ( 0.000000000000000000, -0.000000000000000000, 1.000000000000000000 ) ) ;
#5608 = AXIS2_PLACEMENT_3D ( 'NONE', #7538, #4542, #11282 ) ;
#5609 = ORIENTED_EDGE ( 'NONE', *, *, #9570, .F. ) ;
#5610 = EDGE_CURVE ( 'NONE', #426, #5648, #11182, .T. ) ;
#5611 = ORIENTED_EDGE ( 'NONE', *, *, #5591, .F. ) ;
#5612 = CARTESIAN_POINT ( 'NONE',  ( 190.7868687004566368, 117.0000000000000000, 351.4274360680452673 ) ) ;
#5613 = VERTEX_POINT ( 'NONE', #775 ) ;
#5614 = AXIS2_PLACEMENT_3D ( 'NONE', #6454, #10332, #11816 ) ;
#5615 = EDGE_CURVE ( 'NONE', #2396, #9391, #3745, .T. ) ;
#5616 = LINE ( 'NONE', #672, #7961 ) ;
#5617 = EDGE_LOOP ( 'NONE', ( #9939, #2352 ) ) ;
#5618 = ADVANCED_FACE ( 'NONE', ( #3690, #12381, #11434 ), #12254, .F. ) ;
#5619 = CARTESIAN_POINT ( 'NONE',  ( -66.20020431027140262, 385.0000000000000000, 359.0020664014754743 ) ) ;
#5620 = DIRECTION ( 'NONE',  ( 0.08715574274765820750, -0.9961946980917455452, 0.000000000000000000 ) ) ;
#5621 = AXIS2_PLACEMENT_3D ( 'NONE', #325, #136, #4192 ) ;
#5622 = CIRCLE ( 'NONE', #146, 72.35470789463238361 ) ;
#5623 = FACE_OUTER_BOUND ( 'NONE', #6143, .T. ) ;
#5624 = DIRECTION ( 'NONE',  ( 0.000000000000000000, -1.000000000000000000, 0.000000000000000000 ) ) ;
#5625 = VECTOR ( 'NONE', #4933, 1000.000000000000000 ) ;
#5626 = ADVANCED_FACE ( 'NONE', ( #9531 ), #6542, .F. ) ;
#5627 = FACE_OUTER_BOUND ( 'NONE', #12026, .T. ) ;
#5628 = EDGE_LOOP ( 'NONE', ( #1799, #7632, #6548, #6773 ) ) ;
#5629 = DIRECTION ( 'NONE',  ( -0.6177089183133546157, -0.008339822323401628601, -0.7863626005856073631 ) ) ;
#5630 = AXIS2_PLACEMENT_3D ( 'NONE', #268, #10752, #5037 ) ;
#5631 = VERTEX_POINT ( 'NONE', #7505 ) ;
#5632 = CARTESIAN_POINT ( 'NONE',  ( -175.7456577538739282, 554.7033705659193856, 330.3892917517569572 ) ) ;
#5633 = VECTOR ( 'NONE', #7968, 1000.000000000000000 ) ;
#5634 = LINE ( 'NONE', #9572, #7493 ) ;
#5635 = CARTESIAN_POINT ( 'NONE',  ( 191.8873057370085746, 117.0000000000000000, 352.5278731045972336 ) ) ;
#5636 = ORIENTED_EDGE ( 'NONE', *, *, #1249, .F. ) ;
#5637 = DIRECTION ( 'NONE',  ( 0.7843279627585255653, 0.000000000000000000, 0.6203463926187214872 ) ) ;
#5638 = DIRECTION ( 'NONE',  ( 0.000000000000000000, -0.000000000000000000, 1.000000000000000000 ) ) ;
#5639 = LINE ( 'NONE', #692, #9465 ) ;
#5640 = AXIS2_PLACEMENT_3D ( 'NONE', #5844, #8888, #128 ) ;
#5641 = EDGE_CURVE ( 'NONE', #11155, #10379, #3630, .T. ) ;
#5642 = LINE ( 'NONE', #9946, #7856 ) ;
#5643 = EDGE_CURVE ( 'NONE', #1571, #8665, #9213, .T. ) ;
#5644 = AXIS2_PLACEMENT_3D ( 'NONE', #2447, #344, #538 ) ;
#5645 = DIRECTION ( 'NONE',  ( -1.000000000000000000, -1.703841351481210740E-16, 0.000000000000000000 ) ) ;
#5646 = EDGE_CURVE ( 'NONE', #10672, #1400, #12319, .T. ) ;
#5647 = CARTESIAN_POINT ( 'NONE',  ( 102.8717205707466178, 120.0000000000000000, 381.2424543206987551 ) ) ;
#5648 = VERTEX_POINT ( 'NONE', #3563 ) ;
#5649 = CIRCLE ( 'NONE', #1797, 0.9454112335447462101 ) ;
#5650 = CARTESIAN_POINT ( 'NONE',  ( -159.9882456869716520, 320.0000000000000568, 304.0335863528722484 ) ) ;
#5651 = LINE ( 'NONE', #9525, #1744 ) ;
#5652 = CARTESIAN_POINT ( 'NONE',  ( 191.8873057370085746, 117.0000000000000000, 351.4274360680452673 ) ) ;
#5653 = DIRECTION ( 'NONE',  ( 0.000000000000000000, -0.000000000000000000, -1.000000000000000000 ) ) ;
#5654 = VERTEX_POINT ( 'NONE', #11374 ) ;
#5655 = CARTESIAN_POINT ( 'NONE',  ( -62.78826645942975659, 374.0785508645338382, 377.9443499868726803 ) ) ;
#5656 = CARTESIAN_POINT ( 'NONE',  ( 148.0061200503010070, 117.0000000000000000, 351.4274360680452673 ) ) ;
#5657 = DIRECTION ( 'NONE',  ( 0.7625037589850115483, 0.2383113124287892792, -0.6014945850979835917 ) ) ;
#5658 = DIRECTION ( 'NONE',  ( -0.000000000000000000, -0.08715574274765820750, 0.9961946980917455452 ) ) ;
#5659 = ORIENTED_EDGE ( 'NONE', *, *, #6927, .F. ) ;
#5660 = FACE_OUTER_BOUND ( 'NONE', #12478, .T. ) ;
#5661 = ORIENTED_EDGE ( 'NONE', *, *, #10690, .F. ) ;
#5662 = AXIS2_PLACEMENT_3D ( 'NONE', #1965, #5831, #9714 ) ;
#5663 = ORIENTED_EDGE ( 'NONE', *, *, #6897, .F. ) ;
#5664 = ORIENTED_EDGE ( 'NONE', *, *, #286, .F. ) ;
#5665 = ADVANCED_FACE ( 'NONE', ( #9593 ), #7626, .T. ) ;
#5666 = EDGE_CURVE ( 'NONE', #9617, #2128, #9399, .T. ) ;
#5667 = CARTESIAN_POINT ( 'NONE',  ( 52.98730513377550011, 380.0582785066275164, 378.5521507562208967 ) ) ;
#5668 = DIRECTION ( 'NONE',  ( -0.6193384587389316742, 0.000000000000000000, -0.7851241134539714839 ) ) ;
#5669 = ORIENTED_EDGE ( 'NONE', *, *, #6051, .F. ) ;
#5670 = DIRECTION ( 'NONE',  ( -1.000000000000000000, 0.000000000000000000, 0.000000000000000000 ) ) ;
#5671 =( BOUNDED_SURFACE ( )  B_SPLINE_SURFACE ( 3, 1, ( 
 ( #12045, #3345 ),
 ( #11309, #11497 ),
 ( #2622, #1785 ),
 ( #12314, #2863 ) ),
 .UNSPECIFIED., .F., .F., .T. ) 
 B_SPLINE_SURFACE_WITH_KNOTS ( ( 4, 4 ),
 ( 2, 2 ),
 ( 0.000000000000000000, 1.000000000000000000 ),
 ( 0.000000000000000000, 1.000000000000000000 ),
 .UNSPECIFIED. ) 
 GEOMETRIC_REPRESENTATION_ITEM ( )  RATIONAL_B_SPLINE_SURFACE ( (
 ( 1.000000000000000000, 1.000000000000000000),
 ( 0.8047378541243641603, 0.8047378541243641603),
 ( 0.8047378541243641603, 0.8047378541243641603),
 ( 1.000000000000000000, 1.000000000000000000) ) ) 
 REPRESENTATION_ITEM ( '' )  SURFACE ( )  );
#5672 = CARTESIAN_POINT ( 'NONE',  ( -210.2170252423822490, 540.2856578597582029, 280.9782877944622328 ) ) ;
#5673 = ORIENTED_EDGE ( 'NONE', *, *, #2757, .F. ) ;
#5674 = CARTESIAN_POINT ( 'NONE',  ( 111.3767717391520620, 440.0642204323597184, 396.8346695128719830 ) ) ;
#5675 = CIRCLE ( 'NONE', #2431, 7.564999999999988844 ) ;
#5676 = ADVANCED_FACE ( 'NONE', ( #1722 ), #10543, .T. ) ;
#5677 = CARTESIAN_POINT ( 'NONE',  ( 75.91256339135492226, 377.6219295655859582, 378.3389978434863679 ) ) ;
#5678 = EDGE_CURVE ( 'NONE', #11173, #2529, #6682, .T. ) ;
#5679 = ORIENTED_EDGE ( 'NONE', *, *, #3371, .T. ) ;
#5680 = EDGE_LOOP ( 'NONE', ( #8727, #9033, #3892, #4197 ) ) ;
#5681 = CARTESIAN_POINT ( 'NONE',  ( 188.5879279235472268, 539.1499999999996362, 272.1791858375078732 ) ) ;
#5682 = ORIENTED_EDGE ( 'NONE', *, *, #6909, .F. ) ;
#5683 = VECTOR ( 'NONE', #5524, 1000.000000000000114 ) ;
#5684 = DIRECTION ( 'NONE',  ( 0.000000000000000000, -1.000000000000000000, 0.000000000000000000 ) ) ;
#5685 = ORIENTED_EDGE ( 'NONE', *, *, #9689, .T. ) ;
#5686 = CARTESIAN_POINT ( 'NONE',  ( 179.6664697521323717, 568.6177831371688853, 259.3655743338676984 ) ) ;
#5687 = CARTESIAN_POINT ( 'NONE',  ( 66.12448390330172288, 377.5518242583233359, 359.0020664014754743 ) ) ;
#5688 = PLANE ( 'NONE',  #11045 ) ;
#5689 = CARTESIAN_POINT ( 'NONE',  ( -42.48496570340520861, 120.0000000000000000, 371.2683589063772160 ) ) ;
#5690 = CARTESIAN_POINT ( 'NONE',  ( -192.9877427735604556, 117.0000000000000000, 351.4274360680451537 ) ) ;
#5691 = VERTEX_POINT ( 'NONE', #2742 ) ;
#5692 = FACE_OUTER_BOUND ( 'NONE', #7200, .T. ) ;
#5693 = ORIENTED_EDGE ( 'NONE', *, *, #8865, .T. ) ;
#5694 = VECTOR ( 'NONE', #4877, 1000.000000000000000 ) ;
#5695 = DIRECTION ( 'NONE',  ( 0.7625037589850115483, 0.2383113124287892515, -0.6014945850979835917 ) ) ;
#5696 = CARTESIAN_POINT ( 'NONE',  ( -192.9877427735604556, 117.0000000000000000, 332.2694703950617168 ) ) ;
#5697 = DIRECTION ( 'NONE',  ( 0.08715574274765820750, -0.9961946980917455452, 0.000000000000000000 ) ) ;
#5698 = VERTEX_POINT ( 'NONE', #8649 ) ;
#5699 = DIRECTION ( 'NONE',  ( 0.000000000000000000, 0.000000000000000000, 1.000000000000000000 ) ) ;
#5700 = DIRECTION ( 'NONE',  ( 0.000000000000000000, -1.000000000000000000, 0.000000000000000000 ) ) ;
#5701 = DIRECTION ( 'NONE',  ( 0.000000000000000000, 0.000000000000000000, 1.000000000000000000 ) ) ;
#5702 = EDGE_CURVE ( 'NONE', #7244, #10440, #8816, .T. ) ;
#5703 = VECTOR ( 'NONE', #5505, 1000.000000000000000 ) ;
#5704 = DIRECTION ( 'NONE',  ( 0.000000000000000000, 1.000000000000000000, 0.000000000000000000 ) ) ;
#5705 = AXIS2_PLACEMENT_3D ( 'NONE', #4707, #4767, #1795 ) ;
#5706 = DIRECTION ( 'NONE',  ( 0.000000000000000000, 0.000000000000000000, 1.000000000000000000 ) ) ;
#5707 = EDGE_CURVE ( 'NONE', #3262, #10743, #4704, .T. ) ;
#5708 = EDGE_CURVE ( 'NONE', #7055, #8624, #9429, .T. ) ;
#5709 = CARTESIAN_POINT ( 'NONE',  ( 0.000000000000000000, 345.0000000000000000, 355.6679359893877290 ) ) ;
#5710 = ORIENTED_EDGE ( 'NONE', *, *, #3174, .F. ) ;
#5711 = ORIENTED_EDGE ( 'NONE', *, *, #11257, .T. ) ;
#5712 = DIRECTION ( 'NONE',  ( 0.7625037589850115483, 0.2383113124287892515, -0.6014945850979835917 ) ) ;
#5713 = EDGE_CURVE ( 'NONE', #9198, #470, #7202, .T. ) ;
#5714 = CARTESIAN_POINT ( 'NONE',  ( 188.4763652879578615, 117.0000000000000000, 277.5473304590436214 ) ) ;
#5715 = CARTESIAN_POINT ( 'NONE',  ( -148.7788836064115685, 339.9999999999999432, 286.3160689504499032 ) ) ;
#5716 = AXIS2_PLACEMENT_3D ( 'NONE', #8303, #11087, #5077 ) ;
#5717 = ORIENTED_EDGE ( 'NONE', *, *, #2919, .F. ) ;
#5718 = DIRECTION ( 'NONE',  ( 0.000000000000000000, 0.000000000000000000, 1.000000000000000000 ) ) ;
#5719 = DIRECTION ( 'NONE',  ( 0.000000000000000000, 0.000000000000000000, 1.000000000000000000 ) ) ;
#5720 = CARTESIAN_POINT ( 'NONE',  ( -171.9243767188970651, 554.7549625114695573, 335.2539009603106592 ) ) ;
#5721 = CARTESIAN_POINT ( 'NONE',  ( 155.6329774118507601, 550.1499999999997499, 362.3943590049917134 ) ) ;
#5722 = ORIENTED_EDGE ( 'NONE', *, *, #9711, .T. ) ;
#5723 = CARTESIAN_POINT ( 'NONE',  ( 123.8466594585594720, 370.0000000000001137, 271.6422038917222608 ) ) ;
#5724 = ORIENTED_EDGE ( 'NONE', *, *, #4742, .T. ) ;
#5725 = EDGE_CURVE ( 'NONE', #1453, #11495, #8422, .T. ) ;
#5726 = EDGE_LOOP ( 'NONE', ( #6308, #7000, #5334, #12387, #2506 ) ) ;
#5727 = CARTESIAN_POINT ( 'NONE',  ( 42.48496570340527967, 117.0000000000000000, 370.0487020943513130 ) ) ;
#5728 = ORIENTED_EDGE ( 'NONE', *, *, #4187, .T. ) ;
#5729 = DIRECTION ( 'NONE',  ( 0.7625037589850115483, 0.2383113124287892515, -0.6014945850979835917 ) ) ;
#5730 = CARTESIAN_POINT ( 'NONE',  ( 171.6157891360268763, 120.0000000000000000, 351.4274360680452673 ) ) ;
#5731 = VECTOR ( 'NONE', #3445, 1000.000000000000000 ) ;
#5732 = DIRECTION ( 'NONE',  ( -0.6193384587389310081, 0.000000000000000000, 0.7851241134539720390 ) ) ;
#5733 = ADVANCED_FACE ( 'NONE', ( #9337 ), #645, .T. ) ;
#5734 = DIRECTION ( 'NONE',  ( -0.7625037589850115483, -0.2383113124287892792, 0.6014945850979835917 ) ) ;
#5735 = EDGE_CURVE ( 'NONE', #4148, #6946, #8804, .T. ) ;
#5736 = CLOSED_SHELL ( 'NONE', ( #11597, #5019, #10776, #2584, #3145, #8948, #12375 ) ) ;
#5737 = ORIENTED_EDGE ( 'NONE', *, *, #8733, .T. ) ;
#5738 = CARTESIAN_POINT ( 'NONE',  ( 176.3135992134150740, 380.0000000000000000, 318.3040661615337967 ) ) ;
#5739 = EDGE_LOOP ( 'NONE', ( #8594, #7322, #3335, #9109 ) ) ;
#5740 = DIRECTION ( 'NONE',  ( 0.000000000000000000, -1.000000000000000000, 0.000000000000000000 ) ) ;
#5741 = CARTESIAN_POINT ( 'NONE',  ( -188.6177971689156152, 500.3523791317441010, 290.2101922396711871 ) ) ;
#5742 = EDGE_LOOP ( 'NONE', ( #2053, #1493, #4909, #8296 ) ) ;
#5743 = DIRECTION ( 'NONE',  ( 0.1219630897658641189, 0.9924325091389669673, -0.01423796119175043187 ) ) ;
#5744 = DIRECTION ( 'NONE',  ( 1.000000000000000000, -0.000000000000000000, -0.000000000000000000 ) ) ;
#5745 = CARTESIAN_POINT ( 'NONE',  ( -217.4661746230178778, 541.0016328020221863, 280.3849678662981546 ) ) ;
#5746 = AXIS2_PLACEMENT_3D ( 'NONE', #9383, #11296, #10278 ) ;
#5747 = FACE_OUTER_BOUND ( 'NONE', #1277, .T. ) ;
#5748 = DIRECTION ( 'NONE',  ( -0.000000000000000000, 0.000000000000000000, -1.000000000000000000 ) ) ;
#5749 = EDGE_CURVE ( 'NONE', #1703, #6946, #2032, .T. ) ;
#5750 = VERTEX_POINT ( 'NONE', #11738 ) ;
#5751 = DIRECTION ( 'NONE',  ( 1.345302556188584538E-15, 0.000000000000000000, -1.000000000000000000 ) ) ;
#5752 = EDGE_LOOP ( 'NONE', ( #652, #12092, #638, #9644 ) ) ;
#5753 = VECTOR ( 'NONE', #3901, 1000.000000000000000 ) ;
#5754 = CARTESIAN_POINT ( 'NONE',  ( -191.8873057370085178, 120.0000000000000000, 311.3514577545970496 ) ) ;
#5755 = DIRECTION ( 'NONE',  ( 0.000000000000000000, -0.000000000000000000, -1.000000000000000000 ) ) ;
#5756 = DIRECTION ( 'NONE',  ( -0.1219630897658640495, 0.9924325091389669673, 0.01423796119175040412 ) ) ;
#5757 = ORIENTED_EDGE ( 'NONE', *, *, #5114, .F. ) ;
#5758 = LINE ( 'NONE', #2669, #3556 ) ;
#5759 = DIRECTION ( 'NONE',  ( 0.000000000000000000, 0.000000000000000000, -1.000000000000000000 ) ) ;
#5760 = CARTESIAN_POINT ( 'NONE',  ( -130.5203249716377911, 117.0000000000000000, 368.2120121559648851 ) ) ;
#5761 = CIRCLE ( 'NONE', #9616, 5.000000000000004441 ) ;
#5762 = DIRECTION ( 'NONE',  ( -0.6193384587389297868, 0.000000000000000000, -0.7851241134539729272 ) ) ;
#5763 = CARTESIAN_POINT ( 'NONE',  ( -195.7024822690793826, 340.0000000000000568, 263.1601945342233648 ) ) ;
#5764 = SECURITY_CLASSIFICATION_LEVEL ( 'unclassified' ) ;
#5765 = ORIENTED_EDGE ( 'NONE', *, *, #2636, .F. ) ;
#5766 = CARTESIAN_POINT ( 'NONE',  ( -195.7024822690794679, 443.4226777085931417, 263.1601945342232511 ) ) ;
#5767 = DIRECTION ( 'NONE',  ( 6.938893903907230350E-16, 0.000000000000000000, 1.000000000000000000 ) ) ;
#5768 = EDGE_CURVE ( 'NONE', #6356, #3897, #8814, .T. ) ;
#5769 = DIRECTION ( 'NONE',  ( -1.703841351481210493E-16, 1.000000000000000000, -0.000000000000000000 ) ) ;
#5770 = VECTOR ( 'NONE', #5417, 1000.000000000000114 ) ;
#5771 = DIRECTION ( 'NONE',  ( 0.000000000000000000, 0.000000000000000000, 1.000000000000000000 ) ) ;
#5772 = ORIENTED_EDGE ( 'NONE', *, *, #5547, .T. ) ;
#5773 = EDGE_CURVE ( 'NONE', #10173, #384, #8707, .T. ) ;
#5774 = DIRECTION ( 'NONE',  ( -0.000000000000000000, 1.000000000000000000, -0.000000000000000000 ) ) ;
#5775 = VECTOR ( 'NONE', #6049, 1000.000000000000114 ) ;
#5776 = DIRECTION ( 'NONE',  ( -0.000000000000000000, 1.000000000000000000, -0.000000000000000000 ) ) ;
#5777 = CARTESIAN_POINT ( 'NONE',  ( 147.5242506373035951, -169.9805043914711860, 382.4264068711929667 ) ) ;
#5778 = CARTESIAN_POINT ( 'NONE',  ( -174.9943130982813955, 117.0000000000000000, 367.1410134558357186 ) ) ;
#5779 = EDGE_CURVE ( 'NONE', #6490, #2283, #121, .T. ) ;
#5780 = EDGE_LOOP ( 'NONE', ( #6160, #8245, #3457, #1518 ) ) ;
#5781 = CIRCLE ( 'NONE', #303, 20.00000000000000000 ) ;
#5782 = FACE_OUTER_BOUND ( 'NONE', #3932, .T. ) ;
#5783 = ORIENTED_EDGE ( 'NONE', *, *, #11905, .T. ) ;
#5784 = VECTOR ( 'NONE', #3988, 1000.000000000000114 ) ;
#5785 = ORIENTED_EDGE ( 'NONE', *, *, #11975, .T. ) ;
#5786 = DIRECTION ( 'NONE',  ( -0.000000000000000000, -1.000000000000000000, -0.000000000000000000 ) ) ;
#5787 = VERTEX_POINT ( 'NONE', #3040 ) ;
#5788 = CYLINDRICAL_SURFACE ( 'NONE', #9424, 4.476537341592923269 ) ;
#5789 = CARTESIAN_POINT ( 'NONE',  ( -188.7538232997221428, 352.5000000000000000, 303.6097127950929462 ) ) ;
#5790 = DIRECTION ( 'NONE',  ( 0.000000000000000000, 0.000000000000000000, -1.000000000000000000 ) ) ;
#5791 = EDGE_CURVE ( 'NONE', #6153, #2162, #11859, .T. ) ;
#5792 = AXIS2_PLACEMENT_3D ( 'NONE', #7733, #2072, #12489 ) ;
#5793 = LINE ( 'NONE', #6933, #5093 ) ;
#5794 = CARTESIAN_POINT ( 'NONE',  ( -189.8248025187104986, 562.7516043524821043, 255.0730630287328893 ) ) ;
#5795 = EDGE_CURVE ( 'NONE', #2268, #4201, #11191, .T. ) ;
#5796 = ORIENTED_EDGE ( 'NONE', *, *, #3246, .T. ) ;
#5797 = CYLINDRICAL_SURFACE ( 'NONE', #1580, 3.093108195208582600 ) ;
#5798 = ORIENTED_EDGE ( 'NONE', *, *, #7278, .F. ) ;
#5799 = EDGE_CURVE ( 'NONE', #9260, #9359, #717, .T. ) ;
#5800 = AXIS2_PLACEMENT_3D ( 'NONE', #6139, #5197, #5265 ) ;
#5801 = DIRECTION ( 'NONE',  ( 2.518906408803957098E-16, -1.000000000000000000, 0.000000000000000000 ) ) ;
#5802 = DIRECTION ( 'NONE',  ( 0.000000000000000000, 0.000000000000000000, -1.000000000000000000 ) ) ;
#5803 = ORIENTED_EDGE ( 'NONE', *, *, #12209, .T. ) ;
#5804 = LINE ( 'NONE', #10570, #10131 ) ;
#5805 = DIRECTION ( 'NONE',  ( 0.000000000000000000, 0.000000000000000000, 1.000000000000000000 ) ) ;
#5806 = DIRECTION ( 'NONE',  ( 0.000000000000000000, -0.08715574274765820750, 0.9961946980917455452 ) ) ;
#5807 = LINE ( 'NONE', #9810, #8183 ) ;
#5808 = VECTOR ( 'NONE', #12035, 1000.000000000000000 ) ;
#5809 = FACE_OUTER_BOUND ( 'NONE', #8937, .T. ) ;
#5810 = VERTEX_POINT ( 'NONE', #11799 ) ;
#5811 = CARTESIAN_POINT ( 'NONE',  ( -70.18354552143790670, 120.0000000000000000, 368.5173196178368471 ) ) ;
#5812 = ORIENTED_EDGE ( 'NONE', *, *, #6447, .F. ) ;
#5813 = CIRCLE ( 'NONE', #2590, 1.689261981127287982 ) ;
#5814 = CARTESIAN_POINT ( 'NONE',  ( 52.98730513377550011, 379.9711227638798619, 379.5483454543126527 ) ) ;
#5815 = ADVANCED_FACE ( 'NONE', ( #6916 ), #9652, .F. ) ;
#5816 = FACE_OUTER_BOUND ( 'NONE', #9426, .T. ) ;
#5817 = EDGE_CURVE ( 'NONE', #7093, #416, #9827, .T. ) ;
#5818 = CARTESIAN_POINT ( 'NONE',  ( -199.9999999999999716, 120.0000000000000000, 250.7734253594446443 ) ) ;
#5819 = AXIS2_PLACEMENT_3D ( 'NONE', #9146, #8333, #2494 ) ;
#5820 = PLANE ( 'NONE',  #12077 ) ;
#5821 = LINE ( 'NONE', #8800, #8171 ) ;
#5822 = FACE_OUTER_BOUND ( 'NONE', #10913, .T. ) ;
#5823 = CARTESIAN_POINT ( 'NONE',  ( -133.2375149950902653, 370.0000000000001137, 315.4117178721747905 ) ) ;
#5824 = DIRECTION ( 'NONE',  ( -0.6193384587389308971, 0.000000000000000000, 0.7851241134539720390 ) ) ;
#5825 = VECTOR ( 'NONE', #6285, 1000.000000000000114 ) ;
#5826 = EDGE_CURVE ( 'NONE', #5380, #10121, #242, .T. ) ;
#5827 = AXIS2_PLACEMENT_3D ( 'NONE', #12370, #696, #9580 ) ;
#5828 = ORIENTED_EDGE ( 'NONE', *, *, #8815, .F. ) ;
#5829 = EDGE_LOOP ( 'NONE', ( #11668, #8220 ) ) ;
#5830 = DIRECTION ( 'NONE',  ( 0.000000000000000000, 0.000000000000000000, 1.000000000000000000 ) ) ;
#5831 = DIRECTION ( 'NONE',  ( -0.000000000000000000, 0.000000000000000000, 1.000000000000000000 ) ) ;
#5832 = CIRCLE ( 'NONE', #8069, 8.687236565862122006 ) ;
#5833 = CARTESIAN_POINT ( 'NONE',  ( 39.47285318341127436, 365.0000000000000000, -0.000000000000000000 ) ) ;
#5834 = VERTEX_POINT ( 'NONE', #5010 ) ;
#5835 = CARTESIAN_POINT ( 'NONE',  ( -200.9579730458540041, 377.5518242583665369, 267.3059435971134690 ) ) ;
#5836 = VECTOR ( 'NONE', #3908, 1000.000000000000000 ) ;
#5837 = FACE_BOUND ( 'NONE', #2991, .T. ) ;
#5838 = AXIS2_PLACEMENT_3D ( 'NONE', #10714, #8927, #4996 ) ;
#5839 = DIRECTION ( 'NONE',  ( -1.000000000000000000, 0.000000000000000000, -2.897549362954532616E-15 ) ) ;
#5840 = EDGE_CURVE ( 'NONE', #5218, #4510, #2084, .T. ) ;
#5841 = CARTESIAN_POINT ( 'NONE',  ( -179.6921516014868132, 500.1799625720181552, 303.7842952859514298 ) ) ;
#5842 = ORIENTED_EDGE ( 'NONE', *, *, #11815, .F. ) ;
#5843 = VECTOR ( 'NONE', #651, 1000.000000000000114 ) ;
#5844 = CARTESIAN_POINT ( 'NONE',  ( -190.1818355124831328, 117.0000000000000000, 311.3514577545970496 ) ) ;
#5845 = VERTEX_POINT ( 'NONE', #3161 ) ;
#5846 = ORIENTED_EDGE ( 'NONE', *, *, #11257, .F. ) ;
#5847 =( BOUNDED_CURVE ( )  B_SPLINE_CURVE ( 3, ( #2282, #6141, #9963, #2155 ),
 .UNSPECIFIED., .F., .T. ) 
 B_SPLINE_CURVE_WITH_KNOTS ( ( 4, 4 ),
 ( 0.9028964984053656773, 1.455300957122802608 ),
 .UNSPECIFIED. ) 
 CURVE ( )  GEOMETRIC_REPRESENTATION_ITEM ( )  RATIONAL_B_SPLINE_CURVE ( ( 1.000000000000000000, 0.9747320269892281175, 0.9747320269892281175, 1.000000000000000000 ) ) 
 REPRESENTATION_ITEM ( '' )  );
#5848 = DIRECTION ( 'NONE',  ( -0.000000000000000000, -1.000000000000000000, 0.000000000000000000 ) ) ;
#5849 = VERTEX_POINT ( 'NONE', #4 ) ;
#5850 = DIRECTION ( 'NONE',  ( -1.000000000000000000, 0.000000000000000000, 0.000000000000000000 ) ) ;
#5851 = DIRECTION ( 'NONE',  ( 0.7851241134539714839, -0.000000000000000000, -0.6193384587389316742 ) ) ;
#5852 = LOCAL_TIME ( 15, 55, 4.000000000000000000, #1901 ) ;
#5853 = CARTESIAN_POINT ( 'NONE',  ( 59.34243920159818231, 383.0054035202313685, 382.6229516748982746 ) ) ;
#5854 = DIRECTION ( 'NONE',  ( -0.000000000000000000, 1.000000000000000000, -0.000000000000000000 ) ) ;
#5855 = FACE_OUTER_BOUND ( 'NONE', #7064, .T. ) ;
#5856 = CARTESIAN_POINT ( 'NONE',  ( 159.9882456870035412, 320.0000000000000568, 303.8849079833827318 ) ) ;
#5857 = ORIENTED_EDGE ( 'NONE', *, *, #11405, .F. ) ;
#5858 = CIRCLE ( 'NONE', #9099, 1.689261981127287982 ) ;
#5859 = FACE_OUTER_BOUND ( 'NONE', #9900, .T. ) ;
#5860 = VERTEX_POINT ( 'NONE', #5835 ) ;
#5861 = CARTESIAN_POINT ( 'NONE',  ( 130.5203249716378480, 120.0000000000000000, 368.2120121559649988 ) ) ;
#5862 = LINE ( 'NONE', #1046, #6030 ) ;
#5863 = VERTEX_POINT ( 'NONE', #7752 ) ;
#5864 = EDGE_CURVE ( 'NONE', #2632, #3519, #1217, .T. ) ;
#5865 = CARTESIAN_POINT ( 'NONE',  ( -111.4464948675895073, 117.0000000000000000, 368.5173196178368471 ) ) ;
#5866 = DIRECTION ( 'NONE',  ( 1.000000000000000000, 1.217029536772293280E-16, -0.000000000000000000 ) ) ;
#5867 = CARTESIAN_POINT ( 'NONE',  ( -214.7162962028555455, 548.3093370175859036, 286.7662409644633499 ) ) ;
#5868 = VECTOR ( 'NONE', #152, 1000.000000000000114 ) ;
#5869 = DIRECTION ( 'NONE',  ( -1.000000000000000000, 0.000000000000000000, 0.000000000000000000 ) ) ;
#5870 = B_SPLINE_CURVE_WITH_KNOTS ( 'NONE', 3,
 ( #3946, #6755, #10560, #1158 ),
 .UNSPECIFIED., .F., .F.,
 ( 4, 4 ),
 ( 0.2065438680136060801, 0.3379696782455445248 ),
 .UNSPECIFIED. ) ;
#5871 = PLANE ( 'NONE',  #7054 ) ;
#5872 = ADVANCED_FACE ( 'NONE', ( #8880 ), #9776, .T. ) ;
#5873 = EDGE_LOOP ( 'NONE', ( #448, #8722, #11869, #1350 ) ) ;
#5874 = CARTESIAN_POINT ( 'NONE',  ( 178.6635296935847350, 357.5000000000000000, 318.8681731742010470 ) ) ;
#5875 = CARTESIAN_POINT ( 'NONE',  ( -66.20020431027140262, 377.5518242583233359, 355.6679359893877290 ) ) ;
#5876 = FACE_OUTER_BOUND ( 'NONE', #11746, .T. ) ;
#5877 = CARTESIAN_POINT ( 'NONE',  ( -150.7434431438182969, 500.7023032598628447, 340.6889977746241129 ) ) ;
#5878 = AXIS2_PLACEMENT_3D ( 'NONE', #7453, #6428, #4521 ) ;
#5879 = CARTESIAN_POINT ( 'NONE',  ( -177.0287412513492598, 554.9789710167461863, 326.5444071225839480 ) ) ;
#5880 = CARTESIAN_POINT ( 'NONE',  ( 139.1015668691961196, 539.1499999999996362, 342.9852769692485595 ) ) ;
#5881 = CARTESIAN_POINT ( 'NONE',  ( 165.0713021149375663, 357.5000000000000000, 331.1634153273903962 ) ) ;
#5882 = DIRECTION ( 'NONE',  ( 0.000000000000000000, 1.000000000000000000, 0.000000000000000000 ) ) ;
#5883 = ADVANCED_FACE ( 'NONE', ( #7876 ), #1900, .T. ) ;
#5884 = EDGE_CURVE ( 'NONE', #7274, #9599, #4050, .T. ) ;
#5885 = AXIS2_PLACEMENT_3D ( 'NONE', #2105, #11818, #1039 ) ;
#5886 = AXIS2_PLACEMENT_3D ( 'NONE', #3312, #5413, #4398 ) ;
#5887 = COORDINATED_UNIVERSAL_TIME_OFFSET ( 3, 0, .AHEAD. ) ;
#5888 = ORIENTED_EDGE ( 'NONE', *, *, #2364, .T. ) ;
#5889 = CARTESIAN_POINT ( 'NONE',  ( -171.6157891360268195, 120.0000000000000000, 351.4274360680451537 ) ) ;
#5890 = LINE ( 'NONE', #4882, #4573 ) ;
#5891 = CARTESIAN_POINT ( 'NONE',  ( -84.00168052530503360, 365.0000000000000000, 363.3737440440420414 ) ) ;
#5892 = DIRECTION ( 'NONE',  ( -0.000000000000000000, 1.000000000000000000, -0.000000000000000000 ) ) ;
#5893 = DIRECTION ( 'NONE',  ( 0.000000000000000000, -0.9961946980917454342, -0.08715574274765799934 ) ) ;
#5894 = ORIENTED_EDGE ( 'NONE', *, *, #9623, .T. ) ;
#5895 = EDGE_CURVE ( 'NONE', #9156, #3753, #5383, .T. ) ;
#5896 = CARTESIAN_POINT ( 'NONE',  ( 195.7024822690794110, 666.0000000000001137, 263.1601945342232511 ) ) ;
#5897 = CARTESIAN_POINT ( 'NONE',  ( 154.5748997497610446, 550.1499999999997499, 355.1912836038484329 ) ) ;
#5898 = CARTESIAN_POINT ( 'NONE',  ( 63.87115989019968509, 377.6219295655859582, 378.3389978434863679 ) ) ;
#5899 = CARTESIAN_POINT ( 'NONE',  ( -59.20020431027140262, 355.0000000000000568, 385.9443499868727372 ) ) ;
#5900 = VERTEX_POINT ( 'NONE', #5134 ) ;
#5901 = ORIENTED_EDGE ( 'NONE', *, *, #7038, .F. ) ;
#5902 = LINE ( 'NONE', #9907, #3623 ) ;
#5903 = VERTEX_POINT ( 'NONE', #12119 ) ;
#5904 = CIRCLE ( 'NONE', #11779, 1.705470224525384992 ) ;
#5905 = AXIS2_PLACEMENT_3D ( 'NONE', #8500, #11413, #2719 ) ;
#5906 = EDGE_LOOP ( 'NONE', ( #4725, #3520, #6552, #5803 ) ) ;
#5907 = CARTESIAN_POINT ( 'NONE',  ( 111.3767717391520620, 377.5518242583233359, 359.0020664014754743 ) ) ;
#5908 = ORIENTED_EDGE ( 'NONE', *, *, #4822, .T. ) ;
#5909 = CARTESIAN_POINT ( 'NONE',  ( -130.5203249716377911, 120.0000000000000000, 370.3255089869799122 ) ) ;
#5910 = DIRECTION ( 'NONE',  ( 0.000000000000000000, 0.000000000000000000, -1.000000000000000000 ) ) ;
#5911 = CIRCLE ( 'NONE', #10164, 3.093108195208626121 ) ;
#5912 = ORIENTED_EDGE ( 'NONE', *, *, #1940, .F. ) ;
#5913 = B_SPLINE_CURVE_WITH_KNOTS ( 'NONE', 3,
 ( #631, #12240, #7427, #11298 ),
 .UNSPECIFIED., .F., .F.,
 ( 4, 4 ),
 ( 0.3945017091309657720, 0.5999240818119072616 ),
 .UNSPECIFIED. ) ;
#5914 = FACE_BOUND ( 'NONE', #5617, .T. ) ;
#5915 = CARTESIAN_POINT ( 'NONE',  ( -190.8915157496687698, 564.7731919144323456, 269.2589693965573474 ) ) ;
#5916 = ORIENTED_EDGE ( 'NONE', *, *, #171, .T. ) ;
#5917 = CARTESIAN_POINT ( 'NONE',  ( -59.26671879462830361, 385.0000000000000000, -0.000000000000000000 ) ) ;
#5918 = EDGE_LOOP ( 'NONE', ( #3220, #9505, #6100, #3062, #6469 ) ) ;
#5919 = EDGE_CURVE ( 'NONE', #10778, #2265, #10968, .T. ) ;
#5920 = FACE_OUTER_BOUND ( 'NONE', #1226, .T. ) ;
#5921 = CARTESIAN_POINT ( 'NONE',  ( 111.4464948675895926, 120.0000000000000000, 368.5173196178369608 ) ) ;
#5922 = ORIENTED_EDGE ( 'NONE', *, *, #4480, .T. ) ;
#5923 = ADVANCED_FACE ( 'NONE', ( #3421 ), #440, .F. ) ;
#5924 = DIRECTION ( 'NONE',  ( -0.000000000000000000, -1.000000000000000000, -0.000000000000000000 ) ) ;
#5925 = CARTESIAN_POINT ( 'NONE',  ( -151.8249679581558098, 117.0000000000000000, 380.2970430871539520 ) ) ;
#5926 = CARTESIAN_POINT ( 'NONE',  ( 148.0061200503010070, 120.0000000000000000, 349.9640353578184886 ) ) ;
#5927 = EDGE_CURVE ( 'NONE', #6375, #5305, #8392, .T. ) ;
#5928 = CARTESIAN_POINT ( 'NONE',  ( 66.12448390330172288, 356.9106833265976206, 382.6229516748982746 ) ) ;
#5929 = EDGE_CURVE ( 'NONE', #331, #10422, #4436, .T. ) ;
#5930 = DIRECTION ( 'NONE',  ( 0.000000000000000000, -0.000000000000000000, -1.000000000000000000 ) ) ;
#5931 = ORIENTED_EDGE ( 'NONE', *, *, #8446, .F. ) ;
#5932 = CARTESIAN_POINT ( 'NONE',  ( 132.3286688073715993, 120.0000000000000000, 343.4980266327372078 ) ) ;
#5933 = EDGE_CURVE ( 'NONE', #2024, #3653, #3223, .T. ) ;
#5934 = CIRCLE ( 'NONE', #250, 10.00000000000000888 ) ;
#5935 = CARTESIAN_POINT ( 'NONE',  ( -66.20020431027140262, 360.0000000000000000, 384.3406997176695086 ) ) ;
#5936 = VECTOR ( 'NONE', #8440, 1000.000000000000114 ) ;
#5937 = DIRECTION ( 'NONE',  ( 0.000000000000000000, 0.000000000000000000, 1.000000000000000000 ) ) ;
#5938 = DIRECTION ( 'NONE',  ( 9.332054624120943309E-16, 0.000000000000000000, 1.000000000000000000 ) ) ;
#5939 = CARTESIAN_POINT ( 'NONE',  ( 218.9543743732946268, 539.1499999999995225, 282.1229743516821031 ) ) ;
#5940 = LINE ( 'NONE', #10648, #9248 ) ;
#5941 = CARTESIAN_POINT ( 'NONE',  ( 165.0713021149375663, 352.5000000000000000, 331.1634153273903962 ) ) ;
#5942 = ADVANCED_FACE ( 'NONE', ( #11100 ), #376, .F. ) ;
#5943 = DIRECTION ( 'NONE',  ( -0.000000000000000000, 1.000000000000000000, -0.000000000000000000 ) ) ;
#5944 = CIRCLE ( 'NONE', #479, 60.00000000000000000 ) ;
#5945 = EDGE_CURVE ( 'NONE', #11990, #1664, #2476, .T. ) ;
#5946 = PERSON_AND_ORGANIZATION ( #4658, #10914 ) ;
#5947 = EDGE_LOOP ( 'NONE', ( #6815, #1948, #8166, #2516, #6254 ) ) ;
#5948 = FACE_OUTER_BOUND ( 'NONE', #679, .T. ) ;
#5949 = CARTESIAN_POINT ( 'NONE',  ( -215.0800384650183332, 489.0205802199568552, 262.8150090767012443 ) ) ;
#5950 = CARTESIAN_POINT ( 'NONE',  ( 206.6785213330379634, 90.00000000000000000, 337.2398750749776468 ) ) ;
#5951 = DIRECTION ( 'NONE',  ( 2.518906408803957098E-16, -1.000000000000000000, 0.000000000000000000 ) ) ;
#5952 = DIRECTION ( 'NONE',  ( -4.358314339725063901E-17, 1.000000000000000000, 3.438019084639097190E-17 ) ) ;
#5953 = VERTEX_POINT ( 'NONE', #10215 ) ;
#5954 = CIRCLE ( 'NONE', #489, 60.00000000000000000 ) ;
#5955 = DIRECTION ( 'NONE',  ( -0.1871039578967057249, 0.9711888170528261144, 0.1475953609396982447 ) ) ;
#5956 = PLANE ( 'NONE',  #7030 ) ;
#5957 = LINE ( 'NONE', #5778, #6521 ) ;
#5958 = ORIENTED_EDGE ( 'NONE', *, *, #1456, .F. ) ;
#5959 = ORIENTED_EDGE ( 'NONE', *, *, #6826, .T. ) ;
#5960 = CARTESIAN_POINT ( 'NONE',  ( 116.3767717391520620, 666.0000000000001137, 351.4274360680452105 ) ) ;
#5961 = EDGE_LOOP ( 'NONE', ( #11960, #5273, #2992, #10613 ) ) ;
#5962 = ORIENTED_EDGE ( 'NONE', *, *, #11652, .T. ) ;
#5963 = AXIS2_PLACEMENT_3D ( 'NONE', #1791, #10480, #4763 ) ;
#5964 = CARTESIAN_POINT ( 'NONE',  ( 116.3767717391520620, 377.5518242583233359, 353.1576909117580954 ) ) ;
#5965 = ORIENTED_EDGE ( 'NONE', *, *, #11167, .T. ) ;
#5966 = EDGE_CURVE ( 'NONE', #11655, #2344, #499, .T. ) ;
#5967 = CARTESIAN_POINT ( 'NONE',  ( -204.9266024409030535, 545.1499999999995225, 289.6121062210161767 ) ) ;
#5968 = LINE ( 'NONE', #10860, #1771 ) ;
#5969 = DIRECTION ( 'NONE',  ( -1.000000000000000000, 0.000000000000000000, 0.000000000000000000 ) ) ;
#5970 = CARTESIAN_POINT ( 'NONE',  ( -185.7024822690795247, 570.1499999999997499, 275.8370128776634829 ) ) ;
#5971 = AXIS2_PLACEMENT_3D ( 'NONE', #7034, #3279, #4366 ) ;
#5972 = ORIENTED_EDGE ( 'NONE', *, *, #7543, .F. ) ;
#5973 = DIRECTION ( 'NONE',  ( 0.000000000000000000, 0.000000000000000000, 1.000000000000000000 ) ) ;
#5974 = EDGE_LOOP ( 'NONE', ( #5474, #7775, #1746, #1783 ) ) ;
#5975 = DIRECTION ( 'NONE',  ( 0.000000000000000000, 1.000000000000000000, 0.000000000000000000 ) ) ;
#5976 = PLANE ( 'NONE',  #8275 ) ;
#5977 = ORIENTED_EDGE ( 'NONE', *, *, #3388, .F. ) ;
#5978 = DIRECTION ( 'NONE',  ( 0.000000000000000000, -0.000000000000000000, -1.000000000000000000 ) ) ;
#5979 = DIRECTION ( 'NONE',  ( -0.7851241134539714839, -5.551115123125783935E-17, 0.6193384587389317852 ) ) ;
#5980 = CARTESIAN_POINT ( 'NONE',  ( 171.6157891360268763, 117.0000000000000000, 352.8908367782720461 ) ) ;
#5981 = ORIENTED_EDGE ( 'NONE', *, *, #11070, .F. ) ;
#5982 = AXIS2_PLACEMENT_3D ( 'NONE', #8327, #12190, #3494 ) ;
#5983 = CARTESIAN_POINT ( 'NONE',  ( -130.5203249716377911, 120.0000000000000000, 375.7787404099272521 ) ) ;
#5984 = EDGE_CURVE ( 'NONE', #5995, #10386, #2411, .T. ) ;
#5985 = CARTESIAN_POINT ( 'NONE',  ( -85.99406992148851714, 365.0000000000000000, 376.2461525360348560 ) ) ;
#5986 = AXIS2_PLACEMENT_3D ( 'NONE', #6683, #6612, #4575 ) ;
#5987 = ORIENTED_EDGE ( 'NONE', *, *, #3885, .F. ) ;
#5988 = DIRECTION ( 'NONE',  ( 0.000000000000000000, 1.000000000000000000, -0.000000000000000000 ) ) ;
#5989 = EDGE_CURVE ( 'NONE', #913, #1649, #9255, .T. ) ;
#5990 = VERTEX_POINT ( 'NONE', #565 ) ;
#5991 = ADVANCED_FACE ( 'NONE', ( #12179 ), #3350, .T. ) ;
#5992 = CIRCLE ( 'NONE', #533, 10.00000000000000888 ) ;
#5993 = AXIS2_PLACEMENT_3D ( 'NONE', #6267, #4236, #2332 ) ;
#5994 = CARTESIAN_POINT ( 'NONE',  ( 212.1416513271663291, 550.1499999999997499, 290.7593395996758545 ) ) ;
#5995 = VERTEX_POINT ( 'NONE', #7037 ) ;
#5996 = DIRECTION ( 'NONE',  ( 0.000000000000000000, -1.000000000000000000, 0.000000000000000000 ) ) ;
#5997 = VECTOR ( 'NONE', #11017, 1000.000000000000114 ) ;
#5998 = CARTESIAN_POINT ( 'NONE',  ( -116.3767717391519767, 377.5518242583233359, 353.1576909117580385 ) ) ;
#5999 = EDGE_CURVE ( 'NONE', #9934, #6377, #6553, .T. ) ;
#6000 = PLANE ( 'NONE',  #10205 ) ;
#6001 = CARTESIAN_POINT ( 'NONE',  ( -132.3286688073715993, 355.0000000000001137, 343.4980266327372078 ) ) ;
#6002 = VERTEX_POINT ( 'NONE', #10088 ) ;
#6003 = CARTESIAN_POINT ( 'NONE',  ( -169.2590525289124912, 500.3734212634909113, 317.0867935188544493 ) ) ;
#6004 = LINE ( 'NONE', #5059, #7934 ) ;
#6005 = AXIS2_PLACEMENT_3D ( 'NONE', #3014, #9989, #11890 ) ;
#6006 = MECHANICAL_CONTEXT ( 'NONE', #11786, 'mechanical' ) ;
#6007 = ORIENTED_EDGE ( 'NONE', *, *, #9801, .T. ) ;
#6008 = DIRECTION ( 'NONE',  ( 0.000000000000000000, -0.9961946980917455452, -0.08715574274765820750 ) ) ;
#6009 = CIRCLE ( 'NONE', #10691, 25.44093595064281743 ) ;
#6010 = CARTESIAN_POINT ( 'NONE',  ( 130.5203249716378480, 120.0000000000000000, 371.8620121559649760 ) ) ;
#6011 = CARTESIAN_POINT ( 'NONE',  ( -59.26671879462830361, 383.0054035202313685, 382.6229516748982746 ) ) ;
#6012 = PLANE ( 'NONE',  #1220 ) ;
#6013 = CARTESIAN_POINT ( 'NONE',  ( 174.9943130982814523, 117.0000000000000000, 367.1410134558358322 ) ) ;
#6014 = ORIENTED_EDGE ( 'NONE', *, *, #6196, .F. ) ;
#6015 = EDGE_CURVE ( 'NONE', #8624, #7055, #5536, .T. ) ;
#6016 = CARTESIAN_POINT ( 'NONE',  ( 116.3767717391520620, 565.8524822690791325, 351.4274360680452105 ) ) ;
#6017 = DIRECTION ( 'NONE',  ( -1.000000000000000000, 0.000000000000000000, 0.000000000000000000 ) ) ;
#6018 = CIRCLE ( 'NONE', #3787, 25.34415947953466741 ) ;
#6019 = AXIS2_PLACEMENT_3D ( 'NONE', #8952, #8007, #10855 ) ;
#6020 = CARTESIAN_POINT ( 'NONE',  ( 50.60003379395966761, 370.0000000000000000, 370.8061429881302047 ) ) ;
#6021 = AXIS2_PLACEMENT_3D ( 'NONE', #8635, #5577, #10347 ) ;
#6022 = FACE_OUTER_BOUND ( 'NONE', #3835, .T. ) ;
#6023 = VERTEX_POINT ( 'NONE', #1265 ) ;
#6024 = EDGE_LOOP ( 'NONE', ( #10343, #10524, #713, #7192 ) ) ;
#6025 = PLANE ( 'NONE',  #5240 ) ;
#6026 = VERTEX_POINT ( 'NONE', #12050 ) ;
#6027 = B_SPLINE_CURVE_WITH_KNOTS ( 'NONE', 3,
 ( #10697, #3900, #5745, #3015, #2840, #6765, #10757, #37, #9620, #7781, #9563, #2006, #935, #3960, #1819, #12413, #2062, #5867, #8619, #9808, #6648, #10573, #9748, #1879, #10517, #11651 ),
 .UNSPECIFIED., .F., .F.,
 ( 4, 2, 2, 2, 2, 2, 2, 2, 2, 2, 2, 2, 4 ),
 ( 0.000000000000000000, 0.001306628454136966964, 0.001959942681205291935, 0.002613256908273616907, 0.003919885362410337540, 0.005226513816547058607, 0.007839770724820272624, 0.009146399178956767309, 0.01045302763309325852, 0.01306628454136608483, 0.01567954144963890420, 0.01829279835791172704, 0.02090605526618454987 ),
 .UNSPECIFIED. ) ;
#6028 = AXIS2_PLACEMENT_3D ( 'NONE', #26, #5973, #7836 ) ;
#6029 = VERTEX_POINT ( 'NONE', #1455 ) ;
#6030 = VECTOR ( 'NONE', #4204, 1000.000000000000000 ) ;
#6031 = DIRECTION ( 'NONE',  ( -1.217029536772293280E-16, 1.000000000000000000, -0.000000000000000000 ) ) ;
#6032 = AXIS2_PLACEMENT_3D ( 'NONE', #1943, #2009, #3844 ) ;
#6033 = ORIENTED_EDGE ( 'NONE', *, *, #7139, .T. ) ;
#6034 = CARTESIAN_POINT ( 'NONE',  ( -207.7228754420558516, 544.2860983471425698, 285.7250451083248777 ) ) ;
#6035 = DIRECTION ( 'NONE',  ( -0.000000000000000000, 0.000000000000000000, 1.000000000000000000 ) ) ;
#6036 = CARTESIAN_POINT ( 'NONE',  ( -33.93519895684247700, 451.2431039356274596, 357.8360898174733506 ) ) ;
#6037 = CARTESIAN_POINT ( 'NONE',  ( 63.01608243374601415, 376.0859873310966464, 377.9443499868726803 ) ) ;
#6038 = VERTEX_POINT ( 'NONE', #9002 ) ;
#6039 = DIRECTION ( 'NONE',  ( 0.000000000000000000, -1.000000000000000000, 0.000000000000000000 ) ) ;
#6040 = ORIENTED_EDGE ( 'NONE', *, *, #12057, .T. ) ;
#6041 = ADVANCED_FACE ( 'NONE', ( #307 ), #8060, .F. ) ;
#6042 = EDGE_CURVE ( 'NONE', #11288, #10212, #12237, .T. ) ;
#6043 = ORIENTED_EDGE ( 'NONE', *, *, #3762, .T. ) ;
#6044 = CARTESIAN_POINT ( 'NONE',  ( -59.26671879462830361, 357.7399038299451490, 357.5303355533629883 ) ) ;
#6045 = PLANE ( 'NONE',  #7258 ) ;
#6046 = EDGE_LOOP ( 'NONE', ( #1174, #12344, #7815, #4774 ) ) ;
#6047 = DIRECTION ( 'NONE',  ( 0.7625037589850115483, 0.2383113124287892515, -0.6014945850979835917 ) ) ;
#6048 = CARTESIAN_POINT ( 'NONE',  ( -227.1074468072382615, 443.4226777085931417, 287.9337328837805217 ) ) ;
#6049 = DIRECTION ( 'NONE',  ( 0.1924154613586760709, -0.9711530084039704525, -0.1408478771513629324 ) ) ;
#6050 = ORIENTED_EDGE ( 'NONE', *, *, #1596, .T. ) ;
#6051 = EDGE_CURVE ( 'NONE', #1554, #1274, #6465, .T. ) ;
#6052 = EDGE_CURVE ( 'NONE', #1528, #6307, #4320, .T. ) ;
#6053 = CARTESIAN_POINT ( 'NONE',  ( -207.8669467951166041, 544.3505210669914050, 286.0651172830103519 ) ) ;
#6054 = DIRECTION ( 'NONE',  ( 0.000000000000000000, 0.000000000000000000, -1.000000000000000000 ) ) ;
#6055 = ORIENTED_EDGE ( 'NONE', *, *, #10338, .F. ) ;
#6056 = DIRECTION ( 'NONE',  ( -0.7625037589850115483, -0.2383113124287892792, 0.6014945850979835917 ) ) ;
#6057 = ORIENTED_EDGE ( 'NONE', *, *, #8380, .F. ) ;
#6058 = AXIS2_PLACEMENT_3D ( 'NONE', #623, #9443, #8373 ) ;
#6059 = CARTESIAN_POINT ( 'NONE',  ( -159.9882456869716520, 320.0000000000000568, 309.1348121858569016 ) ) ;
#6060 = ORIENTED_EDGE ( 'NONE', *, *, #4217, .F. ) ;
#6061 = CARTESIAN_POINT ( 'NONE',  ( 195.7024822690794110, 666.0000000000001137, 263.1601945342232511 ) ) ;
#6062 = DIRECTION ( 'NONE',  ( 0.000000000000000000, 0.000000000000000000, 1.000000000000000000 ) ) ;
#6063 = FACE_BOUND ( 'NONE', #4056, .T. ) ;
#6064 = CARTESIAN_POINT ( 'NONE',  ( -123.8466594585591878, 370.0000000000001137, 271.6422038917222608 ) ) ;
#6065 = EDGE_LOOP ( 'NONE', ( #9553, #2403, #6338, #3047 ) ) ;
#6066 = DIRECTION ( 'NONE',  ( -1.000000000000000000, 0.000000000000000000, -1.135654640887155121E-15 ) ) ;
#6067 = PLANE ( 'NONE',  #6726 ) ;
#6068 = ORIENTED_EDGE ( 'NONE', *, *, #7646, .F. ) ;
#6069 = PLANE ( 'NONE',  #3709 ) ;
#6070 = CARTESIAN_POINT ( 'NONE',  ( 182.4264068711928815, -280.1694956085287345, 382.4264068711929667 ) ) ;
#6071 = VECTOR ( 'NONE', #1018, 1000.000000000000114 ) ;
#6072 = CARTESIAN_POINT ( 'NONE',  ( -36.63834574612163664, 420.1716832666299410, 383.0654387656913968 ) ) ;
#6073 = DIRECTION ( 'NONE',  ( -0.08682659386424762538, -0.9924325091389669673, 0.08682659386424761150 ) ) ;
#6074 = DIRECTION ( 'NONE',  ( 0.000000000000000000, 0.000000000000000000, 1.000000000000000000 ) ) ;
#6075 = ORIENTED_EDGE ( 'NONE', *, *, #8772, .F. ) ;
#6076 = CARTESIAN_POINT ( 'NONE',  ( -51.27543428291506444, 378.2161028627631367, 378.3909812711591485 ) ) ;
#6077 = EDGE_CURVE ( 'NONE', #4008, #11777, #9602, .T. ) ;
#6078 = DIRECTION ( 'NONE',  ( -0.000000000000000000, -1.000000000000000000, 0.000000000000000000 ) ) ;
#6079 = CYLINDRICAL_SURFACE ( 'NONE', #3153, 0.9454112335447462101 ) ;
#6080 = DIRECTION ( 'NONE',  ( 0.000000000000000000, -0.08715574274764570362, 0.9961946980917466554 ) ) ;
#6081 = EDGE_CURVE ( 'NONE', #7379, #8916, #10530, .T. ) ;
#6082 = EDGE_CURVE ( 'NONE', #7035, #1434, #11220, .T. ) ;
#6083 = ORIENTED_EDGE ( 'NONE', *, *, #1753, .F. ) ;
#6084 = VERTEX_POINT ( 'NONE', #8508 ) ;
#6085 = CARTESIAN_POINT ( 'NONE',  ( 151.8249679581558667, 120.0000000000000000, 382.1878655542435581 ) ) ;
#6086 = ORIENTED_EDGE ( 'NONE', *, *, #8848, .T. ) ;
#6087 = EDGE_CURVE ( 'NONE', #605, #3262, #5245, .T. ) ;
#6088 = ORIENTED_EDGE ( 'NONE', *, *, #4317, .F. ) ;
#6089 = CIRCLE ( 'NONE', #632, 36.04942573944680362 ) ;
#6090 = VERTEX_POINT ( 'NONE', #6399 ) ;
#6091 = CARTESIAN_POINT ( 'NONE',  ( -209.7228350877358594, 542.3363953368240118, 282.4172629932774043 ) ) ;
#6092 = PLANE ( 'NONE',  #137 ) ;
#6093 = CARTESIAN_POINT ( 'NONE',  ( -200.0000000000000000, 557.7235931288067832, 3.122502256758252770E-14 ) ) ;
#6094 = CARTESIAN_POINT ( 'NONE',  ( -200.0000000000000568, 540.1499999999996362, 257.7123093739638762 ) ) ;
#6095 = VECTOR ( 'NONE', #3728, 1000.000000000000114 ) ;
#6096 = AXIS2_PLACEMENT_3D ( 'NONE', #4834, #2926, #3874 ) ;
#6097 = EDGE_CURVE ( 'NONE', #6698, #2344, #4114, .T. ) ;
#6098 = VERTEX_POINT ( 'NONE', #691 ) ;
#6099 = LINE ( 'NONE', #145, #10703 ) ;
#6100 = ORIENTED_EDGE ( 'NONE', *, *, #10741, .F. ) ;
#6101 = EDGE_CURVE ( 'NONE', #10626, #515, #9448, .T. ) ;
#6102 = VERTEX_POINT ( 'NONE', #12368 ) ;
#6103 = DIRECTION ( 'NONE',  ( 0.001611078121818610050, -0.9999966166428780889, 0.002042334468738679198 ) ) ;
#6104 = DIRECTION ( 'NONE',  ( -0.6193384587389274554, 0.000000000000000000, -0.7851241134539747035 ) ) ;
#6105 = B_SPLINE_CURVE_WITH_KNOTS ( 'NONE', 3,
 ( #1542, #9154, #595, #12011 ),
 .UNSPECIFIED., .F., .F.,
 ( 4, 4 ),
 ( 0.2021644668702075320, 0.2655180741460584914 ),
 .UNSPECIFIED. ) ;
#6106 = EDGE_LOOP ( 'NONE', ( #11899, #7410, #5509, #11449, #139 ) ) ;
#6107 = DIRECTION ( 'NONE',  ( 0.000000000000000000, 0.000000000000000000, 1.000000000000000000 ) ) ;
#6108 = CARTESIAN_POINT ( 'NONE',  ( 70.18354552143794933, 117.0000000000000000, 384.8487875627029666 ) ) ;
#6109 = AXIS2_PLACEMENT_3D ( 'NONE', #4741, #5751, #1764 ) ;
#6110 = ORIENTED_EDGE ( 'NONE', *, *, #2260, .F. ) ;
#6111 = EDGE_CURVE ( 'NONE', #7497, #12218, #883, .T. ) ;
#6112 = ADVANCED_FACE ( 'NONE', ( #1705 ), #8632, .T. ) ;
#6113 = DIRECTION ( 'NONE',  ( 1.000000000000000000, 0.000000000000000000, 0.000000000000000000 ) ) ;
#6114 = CARTESIAN_POINT ( 'NONE',  ( -185.7024822690795816, 550.1499999999997499, 275.8370128776635966 ) ) ;
#6115 = VERTEX_POINT ( 'NONE', #7489 ) ;
#6116 = CARTESIAN_POINT ( 'NONE',  ( -186.7071566514271410, 500.3781751045193005, 292.6424968439480949 ) ) ;
#6117 = ORIENTED_EDGE ( 'NONE', *, *, #3729, .F. ) ;
#6118 = DIRECTION ( 'NONE',  ( -0.000000000000000000, -1.000000000000000000, 0.000000000000000000 ) ) ;
#6119 = EDGE_LOOP ( 'NONE', ( #4895, #9214, #25, #3317, #7385, #1296 ) ) ;
#6120 = CARTESIAN_POINT ( 'NONE',  ( 173.3050511171542212, 120.0000000000000000, 327.9680754845630304 ) ) ;
#6121 = CARTESIAN_POINT ( 'NONE',  ( 111.4464948675895926, 117.0000000000000000, 370.0487020943513130 ) ) ;
#6122 = EDGE_CURVE ( 'NONE', #6307, #10095, #7359, .T. ) ;
#6123 = DIRECTION ( 'NONE',  ( 0.000000000000000000, 0.000000000000000000, 1.000000000000000000 ) ) ;
#6124 = ADVANCED_FACE ( 'NONE', ( #11227 ), #11358, .T. ) ;
#6125 = CARTESIAN_POINT ( 'NONE',  ( -21.30323522931121261, 117.0000000000000000, 385.8071906031455001 ) ) ;
#6126 = ORIENTED_EDGE ( 'NONE', *, *, #7166, .T. ) ;
#6127 = DIRECTION ( 'NONE',  ( 1.000000000000000000, 0.000000000000000000, 0.000000000000000000 ) ) ;
#6128 = VECTOR ( 'NONE', #2437, 1000.000000000000000 ) ;
#6129 = ORIENTED_EDGE ( 'NONE', *, *, #2416, .F. ) ;
#6130 = ORIENTED_EDGE ( 'NONE', *, *, #11905, .F. ) ;
#6131 = CARTESIAN_POINT ( 'NONE',  ( 155.6532956806726133, 420.0000000000000000, 328.8788135747496995 ) ) ;
#6132 = FACE_OUTER_BOUND ( 'NONE', #12534, .T. ) ;
#6133 = LINE ( 'NONE', #6072, #7897 ) ;
#6134 = CARTESIAN_POINT ( 'NONE',  ( 173.3050511171542212, 117.0000000000000000, 290.9472914527386251 ) ) ;
#6135 = CARTESIAN_POINT ( 'NONE',  ( -199.9999999999998863, -585.1500000000002046, 340.0000000000000000 ) ) ;
#6136 = ORIENTED_EDGE ( 'NONE', *, *, #3996, .F. ) ;
#6137 = DIRECTION ( 'NONE',  ( -0.000000000000000000, 1.000000000000000000, 0.000000000000000000 ) ) ;
#6138 = CARTESIAN_POINT ( 'NONE',  ( 153.2987821259122541, 352.5000000000000000, 297.0904220739075186 ) ) ;
#6139 = CARTESIAN_POINT ( 'NONE',  ( 102.8717205707466178, 117.0000000000000000, 381.2424543206987551 ) ) ;
#6140 = VECTOR ( 'NONE', #7104, 1000.000000000000000 ) ;
#6141 = CARTESIAN_POINT ( 'NONE',  ( 112.6464638020125335, 568.1628054374887142, 351.4274360680452105 ) ) ;
#6142 = VERTEX_POINT ( 'NONE', #3673 ) ;
#6143 = EDGE_LOOP ( 'NONE', ( #2916, #8353, #6589, #7366 ) ) ;
#6144 = EDGE_LOOP ( 'NONE', ( #11208, #11270, #8821, #5313 ) ) ;
#6145 = DIRECTION ( 'NONE',  ( 1.000000000000000000, 0.000000000000000000, 0.000000000000000000 ) ) ;
#6146 = ORIENTED_EDGE ( 'NONE', *, *, #1524, .F. ) ;
#6147 = ADVANCED_FACE ( 'NONE', ( #758 ), #9517, .F. ) ;
#6148 = ORIENTED_EDGE ( 'NONE', *, *, #4025, .T. ) ;
#6149 = AXIS2_PLACEMENT_3D ( 'NONE', #11347, #12167, #3467 ) ;
#6150 = EDGE_CURVE ( 'NONE', #2485, #6541, #472, .T. ) ;
#6151 = DIRECTION ( 'NONE',  ( 0.7625037589850115483, 0.2383113124287892792, -0.6014945850979835917 ) ) ;
#6152 = CARTESIAN_POINT ( 'NONE',  ( -66.20020431027140262, 357.7399038299451490, 357.5303355533629883 ) ) ;
#6153 = VERTEX_POINT ( 'NONE', #5450 ) ;
#6154 = CARTESIAN_POINT ( 'NONE',  ( -170.0000000000000284, 570.1499999999997499, 263.4502437028848476 ) ) ;
#6155 = EDGE_CURVE ( 'NONE', #5654, #4266, #9322, .T. ) ;
#6156 = DIRECTION ( 'NONE',  ( 0.000000000000000000, -0.9961946980917454342, -0.08715574274765799934 ) ) ;
#6157 = AXIS2_PLACEMENT_3D ( 'NONE', #3899, #1051, #11591 ) ;
#6158 = CARTESIAN_POINT ( 'NONE',  ( -171.6157891360268195, 117.0000000000000000, 290.9472914527384546 ) ) ;
#6159 = CARTESIAN_POINT ( 'NONE',  ( -200.0000000000000284, 540.1499999999996362, 250.7734253594445875 ) ) ;
#6160 = ORIENTED_EDGE ( 'NONE', *, *, #4087, .T. ) ;
#6161 = FACE_BOUND ( 'NONE', #11062, .T. ) ;
#6162 = ORIENTED_EDGE ( 'NONE', *, *, #8076, .F. ) ;
#6163 = ORIENTED_EDGE ( 'NONE', *, *, #8395, .T. ) ;
#6164 = DIRECTION ( 'NONE',  ( 1.000000000000000000, -0.000000000000000000, -0.000000000000000000 ) ) ;
#6165 = DIRECTION ( 'NONE',  ( -1.000000000000000000, 0.000000000000000000, -1.345302556188584735E-15 ) ) ;
#6166 = ORIENTED_EDGE ( 'NONE', *, *, #9932, .F. ) ;
#6167 = CARTESIAN_POINT ( 'NONE',  ( -111.3767717391519767, 122.5955177615596483, 198.8577225089181297 ) ) ;
#6168 = EDGE_CURVE ( 'NONE', #4841, #11857, #9397, .T. ) ;
#6169 = PLANE ( 'NONE',  #10432 ) ;
#6170 = VECTOR ( 'NONE', #7197, 1000.000000000000000 ) ;
#6171 = ORIENTED_EDGE ( 'NONE', *, *, #890, .F. ) ;
#6172 = CARTESIAN_POINT ( 'NONE',  ( -206.9249000597945951, 544.7407296011509743, 287.2593328164811055 ) ) ;
#6173 = EDGE_CURVE ( 'NONE', #9923, #12436, #6780, .T. ) ;
#6174 = VECTOR ( 'NONE', #10785, 1000.000000000000114 ) ;
#6175 = CARTESIAN_POINT ( 'NONE',  ( -66.20020431027140262, 359.2369544272122539, 357.2705277863801712 ) ) ;
#6176 = EDGE_CURVE ( 'NONE', #6377, #9029, #3909, .T. ) ;
#6177 = ORIENTED_EDGE ( 'NONE', *, *, #5148, .F. ) ;
#6178 = CARTESIAN_POINT ( 'NONE',  ( 111.4464948675895926, 117.0000000000000000, 370.0487020943513130 ) ) ;
#6179 = ORIENTED_EDGE ( 'NONE', *, *, #10338, .T. ) ;
#6180 = VECTOR ( 'NONE', #757, 1000.000000000000000 ) ;
#6181 = AXIS2_PLACEMENT_3D ( 'NONE', #7438, #12194, #6678 ) ;
#6182 = LINE ( 'NONE', #1371, #2288 ) ;
#6183 = ORIENTED_EDGE ( 'NONE', *, *, #8229, .F. ) ;
#6184 = DIRECTION ( 'NONE',  ( -0.7851241134539721500, 0.000000000000000000, -0.6193384587389308971 ) ) ;
#6185 = DIRECTION ( 'NONE',  ( 0.000000000000000000, 1.000000000000000000, 0.000000000000000000 ) ) ;
#6186 = CARTESIAN_POINT ( 'NONE',  ( 250.1687812440109155, 501.6802010741481013, 197.3435088098919721 ) ) ;
#6187 = FACE_OUTER_BOUND ( 'NONE', #1586, .T. ) ;
#6188 = VERTEX_POINT ( 'NONE', #7793 ) ;
#6189 = DIRECTION ( 'NONE',  ( 0.000000000000000000, 0.000000000000000000, 1.000000000000000000 ) ) ;
#6190 = AXIS2_PLACEMENT_3D ( 'NONE', #4748, #8747, #3025 ) ;
#6191 = ORIENTED_EDGE ( 'NONE', *, *, #1070, .T. ) ;
#6192 = CIRCLE ( 'NONE', #1138, 1.373246468596767134 ) ;
#6193 = EDGE_LOOP ( 'NONE', ( #10392, #7850 ) ) ;
#6194 = ADVANCED_FACE ( 'NONE', ( #6841 ), #11661, .T. ) ;
#6195 = AXIS2_PLACEMENT_3D ( 'NONE', #10845, #3163, #3099 ) ;
#6196 = EDGE_CURVE ( 'NONE', #11404, #12001, #3299, .T. ) ;
#6197 = CARTESIAN_POINT ( 'NONE',  ( -37.85725097055893684, 383.4664177933578344, 362.5815879599392133 ) ) ;
#6198 = DIRECTION ( 'NONE',  ( 0.000000000000000000, 0.000000000000000000, -1.000000000000000000 ) ) ;
#6199 = CARTESIAN_POINT ( 'NONE',  ( -116.3767717391519767, 377.5518242583233359, 326.4274360680452105 ) ) ;
#6200 = DIRECTION ( 'NONE',  ( 1.000000000000000000, 0.000000000000000000, 0.000000000000000000 ) ) ;
#6201 = CYLINDRICAL_SURFACE ( 'NONE', #11468, 3.093108195208626121 ) ;
#6202 = EDGE_LOOP ( 'NONE', ( #3270, #2116, #10159, #10889 ) ) ;
#6203 = CARTESIAN_POINT ( 'NONE',  ( 140.0000000000001705, -570.1500000000002046, 400.0000000000000000 ) ) ;
#6204 = DIRECTION ( 'NONE',  ( 1.000000000000000000, 0.000000000000000000, 0.000000000000000000 ) ) ;
#6205 = DIRECTION ( 'NONE',  ( 0.000000000000000000, 1.000000000000000000, 0.000000000000000000 ) ) ;
#6206 = EDGE_CURVE ( 'NONE', #12392, #1401, #9656, .T. ) ;
#6207 = CARTESIAN_POINT ( 'NONE',  ( -180.5352868563962545, 500.4878024366432783, 300.5098982625374333 ) ) ;
#6208 = VECTOR ( 'NONE', #10071, 1000.000000000000000 ) ;
#6209 = EDGE_LOOP ( 'NONE', ( #5038, #189, #6821, #6550 ) ) ;
#6210 = ORIENTED_EDGE ( 'NONE', *, *, #11769, .T. ) ;
#6211 = ORIENTED_EDGE ( 'NONE', *, *, #2087, .T. ) ;
#6212 = CARTESIAN_POINT ( 'NONE',  ( -175.4309223239438609, 500.2637939313669904, 309.2193921002644856 ) ) ;
#6213 = CIRCLE ( 'NONE', #2793, 25.34415947953466741 ) ;
#6214 = EDGE_LOOP ( 'NONE', ( #2173, #3213 ) ) ;
#6215 = EDGE_LOOP ( 'NONE', ( #10431, #10446, #5962, #68 ) ) ;
#6216 = PLANE ( 'NONE',  #9651 ) ;
#6217 = VECTOR ( 'NONE', #2575, 1000.000000000000114 ) ;
#6218 = DIRECTION ( 'NONE',  ( 0.7851241134539720390, 0.000000000000000000, 0.6193384587389308971 ) ) ;
#6219 = VECTOR ( 'NONE', #12334, 1000.000000000000000 ) ;
#6220 = ORIENTED_EDGE ( 'NONE', *, *, #8000, .F. ) ;
#6221 = CARTESIAN_POINT ( 'NONE',  ( 132.0792540082315725, 377.4823331915915787, 343.8142052428238458 ) ) ;
#6222 = VECTOR ( 'NONE', #5704, 1000.000000000000000 ) ;
#6223 = ADVANCED_FACE ( 'NONE', ( #166 ), #1956, .F. ) ;
#6224 = FACE_OUTER_BOUND ( 'NONE', #4341, .T. ) ;
#6225 = CARTESIAN_POINT ( 'NONE',  ( -193.8663238785885881, 543.9422136669056727, 273.5609893461771094 ) ) ;
#6226 = DIRECTION ( 'NONE',  ( 0.000000000000000000, -0.000000000000000000, -1.000000000000000000 ) ) ;
#6227 = EDGE_CURVE ( 'NONE', #4647, #12428, #4036, .T. ) ;
#6228 = ORIENTED_EDGE ( 'NONE', *, *, #5540, .F. ) ;
#6229 = DIRECTION ( 'NONE',  ( -0.08682659386424763925, 0.9924325091389670783, -0.08682659386424763925 ) ) ;
#6230 = AXIS2_PLACEMENT_3D ( 'NONE', #7719, #2891, #10628 ) ;
#6231 = ORIENTED_EDGE ( 'NONE', *, *, #7498, .T. ) ;
#6232 = ORIENTED_EDGE ( 'NONE', *, *, #5251, .T. ) ;
#6233 = VECTOR ( 'NONE', #4356, 1000.000000000000000 ) ;
#6234 = LINE ( 'NONE', #11952, #6128 ) ;
#6235 = LINE ( 'NONE', #7324, #7668 ) ;
#6236 = EDGE_CURVE ( 'NONE', #2630, #7458, #5821, .T. ) ;
#6237 = VERTEX_POINT ( 'NONE', #4873 ) ;
#6238 = FACE_OUTER_BOUND ( 'NONE', #725, .T. ) ;
#6239 = DIRECTION ( 'NONE',  ( -0.9038692836246254858, -0.4261807987011796417, -0.03728598849877706733 ) ) ;
#6240 = AXIS2_PLACEMENT_3D ( 'NONE', #9103, #668, #10255 ) ;
#6241 = VERTEX_POINT ( 'NONE', #1895 ) ;
#6242 = EDGE_CURVE ( 'NONE', #4055, #1088, #8748, .T. ) ;
#6243 = CARTESIAN_POINT ( 'NONE',  ( -192.2144111324884364, 544.7407296011509743, 275.6550891263297558 ) ) ;
#6244 = CIRCLE ( 'NONE', #11967, 10.00000000000000888 ) ;
#6245 = CARTESIAN_POINT ( 'NONE',  ( 200.4304189755768846, 377.4823331915916356, 266.8897870695173538 ) ) ;
#6246 = ADVANCED_FACE ( 'NONE', ( #11784 ), #3083, .F. ) ;
#6247 = ORIENTED_EDGE ( 'NONE', *, *, #12394, .F. ) ;
#6248 = VERTEX_POINT ( 'NONE', #5879 ) ;
#6249 = DIRECTION ( 'NONE',  ( -1.000000000000000000, 0.000000000000000000, -1.981605846146593378E-15 ) ) ;
#6250 = ORIENTED_EDGE ( 'NONE', *, *, #71, .F. ) ;
#6251 = CIRCLE ( 'NONE', #11121, 14.05517778851292476 ) ;
#6252 = EDGE_CURVE ( 'NONE', #12056, #6241, #9761, .T. ) ;
#6253 = LINE ( 'NONE', #478, #3906 ) ;
#6254 = ORIENTED_EDGE ( 'NONE', *, *, #2401, .T. ) ;
#6255 = CARTESIAN_POINT ( 'NONE',  ( 130.5203249716378480, 117.0000000000000000, 368.2120121559649988 ) ) ;
#6256 = LINE ( 'NONE', #10135, #4370 ) ;
#6257 = DIRECTION ( 'NONE',  ( 0.000000000000000000, 1.000000000000000000, 0.000000000000000000 ) ) ;
#6258 = LINE ( 'NONE', #7599, #2782 ) ;
#6259 = ORIENTED_EDGE ( 'NONE', *, *, #11696, .F. ) ;
#6260 = LINE ( 'NONE', #10139, #9489 ) ;
#6261 = ADVANCED_FACE ( 'NONE', ( #4930 ), #6000, .F. ) ;
#6262 = ORIENTED_EDGE ( 'NONE', *, *, #5791, .T. ) ;
#6263 = DIRECTION ( 'NONE',  ( -0.000000000000000000, 1.000000000000000000, -0.000000000000000000 ) ) ;
#6264 = CIRCLE ( 'NONE', #11138, 1.100437036551937808 ) ;
#6265 = ORIENTED_EDGE ( 'NONE', *, *, #11234, .T. ) ;
#6266 = DIRECTION ( 'NONE',  ( -0.7625037589850115483, -0.2383113124287892515, 0.6014945850979835917 ) ) ;
#6267 = CARTESIAN_POINT ( 'NONE',  ( 74.86688931094020916, 370.0000000000000000, 370.8061429881302047 ) ) ;
#6268 = DIRECTION ( 'NONE',  ( 0.000000000000000000, 0.000000000000000000, 1.000000000000000000 ) ) ;
#6269 = DIRECTION ( 'NONE',  ( 0.000000000000000000, 1.000000000000000000, 0.000000000000000000 ) ) ;
#6270 = ORIENTED_EDGE ( 'NONE', *, *, #11552, .F. ) ;
#6271 = DIRECTION ( 'NONE',  ( 0.000000000000000000, -0.000000000000000000, -1.000000000000000000 ) ) ;
#6272 = CARTESIAN_POINT ( 'NONE',  ( -199.3656316714202035, 554.5984970748237401, 298.0775936582605254 ) ) ;
#6273 = DIRECTION ( 'NONE',  ( -0.000000000000000000, -0.08715574274765820750, 0.9961946980917455452 ) ) ;
#6274 = VECTOR ( 'NONE', #5924, 1000.000000000000000 ) ;
#6275 = EDGE_CURVE ( 'NONE', #11260, #9923, #11607, .T. ) ;
#6276 = EDGE_CURVE ( 'NONE', #10249, #5155, #4734, .T. ) ;
#6277 = FACE_OUTER_BOUND ( 'NONE', #2497, .T. ) ;
#6278 = EDGE_LOOP ( 'NONE', ( #1016, #3431, #4118, #2247 ) ) ;
#6279 = EDGE_LOOP ( 'NONE', ( #4358, #6509, #7391, #4881 ) ) ;
#6280 = EDGE_LOOP ( 'NONE', ( #4897, #5096, #7401, #11991 ) ) ;
#6281 = CARTESIAN_POINT ( 'NONE',  ( 183.3631709588174488, 352.5000000000000000, 314.5935898537258595 ) ) ;
#6282 = ORIENTED_EDGE ( 'NONE', *, *, #11743, .T. ) ;
#6283 = ORIENTED_EDGE ( 'NONE', *, *, #9153, .T. ) ;
#6284 = CARTESIAN_POINT ( 'NONE',  ( 0.000000000000000000, 365.0000000000000000, 363.3737440440420414 ) ) ;
#6285 = DIRECTION ( 'NONE',  ( 0.6193384587389307860, 0.000000000000000000, -0.7851241134539721500 ) ) ;
#6286 = ORIENTED_EDGE ( 'NONE', *, *, #103, .F. ) ;
#6287 = DIRECTION ( 'NONE',  ( -0.000000000000000000, 1.000000000000000000, -0.000000000000000000 ) ) ;
#6288 = CARTESIAN_POINT ( 'NONE',  ( 192.4757493626966607, 0.000000000000000000, 362.4264068711929099 ) ) ;
#6289 = DIRECTION ( 'NONE',  ( 0.1924154613586765150, -0.9711530084039703414, -0.1408478771513629324 ) ) ;
#6290 = CARTESIAN_POINT ( 'NONE',  ( -59.20020431027140262, 377.5518242583233359, 357.2715862585909008 ) ) ;
#6291 = ORIENTED_EDGE ( 'NONE', *, *, #8890, .T. ) ;
#6292 = CARTESIAN_POINT ( 'NONE',  ( -176.2740575788533306, 500.5716337959922271, 305.9449950768504323 ) ) ;
#6293 = VERTEX_POINT ( 'NONE', #7678 ) ;
#6294 = AXIS2_PLACEMENT_3D ( 'NONE', #1778, #5645, #8637 ) ;
#6295 = VECTOR ( 'NONE', #2080, 1000.000000000000000 ) ;
#6296 = EDGE_LOOP ( 'NONE', ( #8005, #4771, #3592, #667 ) ) ;
#6297 = FACE_OUTER_BOUND ( 'NONE', #1730, .T. ) ;
#6298 = LINE ( 'NONE', #11130, #2189 ) ;
#6299 = ORIENTED_EDGE ( 'NONE', *, *, #9153, .F. ) ;
#6300 = CARTESIAN_POINT ( 'NONE',  ( -174.6781524912948953, 555.0370064033196513, 329.5471993326197548 ) ) ;
#6301 = PLANE ( 'NONE',  #12307 ) ;
#6302 = ORIENTED_EDGE ( 'NONE', *, *, #1460, .F. ) ;
#6303 = AXIS2_PLACEMENT_3D ( 'NONE', #878, #5695, #3668 ) ;
#6304 = CARTESIAN_POINT ( 'NONE',  ( -66.20020431027140262, 349.0481541527283866, 356.7522560851938351 ) ) ;
#6305 = VECTOR ( 'NONE', #11439, 1000.000000000000000 ) ;
#6306 = DIRECTION ( 'NONE',  ( -0.7071067811866902364, -0.000000000000000000, -0.7071067811864049091 ) ) ;
#6307 = VERTEX_POINT ( 'NONE', #11549 ) ;
#6308 = ORIENTED_EDGE ( 'NONE', *, *, #12002, .F. ) ;
#6309 = LINE ( 'NONE', #10189, #7048 ) ;
#6310 = ORIENTED_EDGE ( 'NONE', *, *, #7282, .T. ) ;
#6311 = EDGE_CURVE ( 'NONE', #2289, #10492, #8597, .T. ) ;
#6312 = EDGE_CURVE ( 'NONE', #9678, #9446, #7736, .T. ) ;
#6313 = CARTESIAN_POINT ( 'NONE',  ( -111.4464948675895073, 117.0000000000000000, 370.0487020943512562 ) ) ;
#6314 = ORIENTED_EDGE ( 'NONE', *, *, #1759, .F. ) ;
#6315 = ADVANCED_FACE ( 'NONE', ( #6063, #7978 ), #9943, .F. ) ;
#6316 = DIRECTION ( 'NONE',  ( 0.9961946980917455452, -0.08715574274765820750, 0.000000000000000000 ) ) ;
#6317 = DIRECTION ( 'NONE',  ( 0.000000000000000000, 0.000000000000000000, 1.000000000000000000 ) ) ;
#6318 = DIRECTION ( 'NONE',  ( -0.000000000000000000, -1.000000000000000000, 0.000000000000000000 ) ) ;
#6319 = CARTESIAN_POINT ( 'NONE',  ( -170.0000000000000284, 570.1499999999997499, 380.0000000000000000 ) ) ;
#6320 = EDGE_CURVE ( 'NONE', #11225, #12082, #8991, .T. ) ;
#6321 = CARTESIAN_POINT ( 'NONE',  ( -116.3767717391519767, 122.5955177615596767, 198.8577225089181013 ) ) ;
#6322 = VERTEX_POINT ( 'NONE', #1378 ) ;
#6323 = FACE_OUTER_BOUND ( 'NONE', #5961, .T. ) ;
#6324 = ORIENTED_EDGE ( 'NONE', *, *, #8819, .F. ) ;
#6325 = CARTESIAN_POINT ( 'NONE',  ( -170.0000000000000568, 550.1499999999997499, 295.7427644042845714 ) ) ;
#6326 = CARTESIAN_POINT ( 'NONE',  ( -148.0061200503008934, 120.0000000000000000, 352.8908367782719324 ) ) ;
#6327 = CARTESIAN_POINT ( 'NONE',  ( 111.4464948675895926, 120.0000000000000000, 370.0487020943513130 ) ) ;
#6328 = CARTESIAN_POINT ( 'NONE',  ( -199.3656316714202035, 554.5984970748237401, 298.0775936582605254 ) ) ;
#6329 = EDGE_LOOP ( 'NONE', ( #1374, #6310 ) ) ;
#6330 = PLANE ( 'NONE',  #10036 ) ;
#6331 = AXIS2_PLACEMENT_3D ( 'NONE', #10566, #8552, #12409 ) ;
#6332 = CARTESIAN_POINT ( 'NONE',  ( -116.3767717391519767, 377.5518242583233359, 326.4274360680452105 ) ) ;
#6333 = EDGE_CURVE ( 'NONE', #8640, #1428, #1440, .T. ) ;
#6334 = CARTESIAN_POINT ( 'NONE',  ( 159.9882456870035412, 315.0000000000000568, 303.8849079833827318 ) ) ;
#6335 = DIRECTION ( 'NONE',  ( -0.7625037589850115483, -0.2383113124287892792, 0.6014945850979835917 ) ) ;
#6336 = CLOSED_SHELL ( 'NONE', ( #12414, #11951, #577, #4616 ) ) ;
#6337 = ADVANCED_FACE ( 'NONE', ( #9047 ), #9173, .F. ) ;
#6338 = ORIENTED_EDGE ( 'NONE', *, *, #12290, .F. ) ;
#6339 = ORIENTED_EDGE ( 'NONE', *, *, #6609, .T. ) ;
#6340 = EDGE_LOOP ( 'NONE', ( #2651, #12467, #833, #5079 ) ) ;
#6341 = CARTESIAN_POINT ( 'NONE',  ( 188.7538232997221428, 352.5000000000000000, 303.6097127950929462 ) ) ;
#6342 = ORIENTED_EDGE ( 'NONE', *, *, #10207, .F. ) ;
#6343 = VERTEX_POINT ( 'NONE', #3209 ) ;
#6344 = CARTESIAN_POINT ( 'NONE',  ( -148.0061200503008934, 117.0000000000000000, 352.8908367782719324 ) ) ;
#6345 = DIRECTION ( 'NONE',  ( 1.000000000000000000, 0.000000000000000000, 0.000000000000000000 ) ) ;
#6346 = MANIFOLD_SOLID_BREP ( 'Yükseklik-Ekstrüzyon47', #9592 ) ;
#6347 = DIRECTION ( 'NONE',  ( -0.6193384587389315632, 0.000000000000000000, -0.7851241134539715949 ) ) ;
#6348 = ORIENTED_EDGE ( 'NONE', *, *, #11814, .T. ) ;
#6349 = VECTOR ( 'NONE', #2854, 1000.000000000000114 ) ;
#6350 = CARTESIAN_POINT ( 'NONE',  ( -139.1015668691960911, 494.0205802199568552, 342.9852769692487868 ) ) ;
#6351 = CARTESIAN_POINT ( 'NONE',  ( -201.3038468914680550, 494.0205802199568552, 273.9472030936813098 ) ) ;
#6352 = DIRECTION ( 'NONE',  ( -0.000000000000000000, -1.000000000000000000, 0.000000000000000000 ) ) ;
#6353 = CARTESIAN_POINT ( 'NONE',  ( -192.2704974619528002, 544.7341754296943463, 275.5839895053127862 ) ) ;
#6354 = VERTEX_POINT ( 'NONE', #2322 ) ;
#6355 = DIRECTION ( 'NONE',  ( 0.7851241134539720390, 0.000000000000000000, 0.6193384587389310081 ) ) ;
#6356 = VERTEX_POINT ( 'NONE', #8042 ) ;
#6357 = AXIS2_PLACEMENT_3D ( 'NONE', #4605, #6453, #7598 ) ;
#6358 = EDGE_LOOP ( 'NONE', ( #8902, #4591, #12530, #3698 ) ) ;
#6359 = EDGE_CURVE ( 'NONE', #424, #508, #9114, .T. ) ;
#6360 = B_SPLINE_SURFACE_WITH_KNOTS ( 'NONE', 3, 1, ( 
 ( #9862, #7776 ),
 ( #2890, #9802 ),
 ( #3954, #6760 ),
 ( #2181, #9680 ),
 ( #3066, #1167 ),
 ( #10627, #991 ),
 ( #1045, #11646 ),
 ( #8730, #4911 ),
 ( #11826, #29 ) ),
 .UNSPECIFIED., .F., .F., .F.,
 ( 4, 1, 1, 1, 1, 1, 4 ),
 ( 2, 2 ),
 ( 0.000000000000000000, 0.3379696782455110515, 0.4487228954520141588, 0.5909767064725621744, 0.7306446846395591166, 0.8628874232632779417, 1.000000000000000000 ),
 ( 0.000000000000000000, 1.000000000000000000 ),
 .UNSPECIFIED. ) ;
#6361 = DIRECTION ( 'NONE',  ( 1.000000000000000000, -0.000000000000000000, -0.000000000000000000 ) ) ;
#6362 = CARTESIAN_POINT ( 'NONE',  ( -189.3724808414119138, 554.7597163524981170, 310.8096042854041343 ) ) ;
#6363 = ORIENTED_EDGE ( 'NONE', *, *, #12263, .F. ) ;
#6364 = DIRECTION ( 'NONE',  ( 0.000000000000000000, 0.000000000000000000, -1.000000000000000000 ) ) ;
#6365 = DIRECTION ( 'NONE',  ( 1.000000000000000000, -0.000000000000000000, -0.000000000000000000 ) ) ;
#6366 = ORIENTED_EDGE ( 'NONE', *, *, #11092, .F. ) ;
#6367 = VECTOR ( 'NONE', #5732, 999.9999999999998863 ) ;
#6368 = CARTESIAN_POINT ( 'NONE',  ( -66.20020431027140262, 343.9926239642709902, 377.5617482014901043 ) ) ;
#6369 = MANIFOLD_SOLID_BREP ( 'Kes-Ekstrüzyon35', #877 ) ;
#6370 = DIRECTION ( 'NONE',  ( 1.135654640887155121E-15, 0.000000000000000000, -1.000000000000000000 ) ) ;
#6371 = ADVANCED_FACE ( 'NONE', ( #8924 ), #10198, .F. ) ;
#6372 = EDGE_LOOP ( 'NONE', ( #6086, #8889, #7939, #12185, #7837, #5026 ) ) ;
#6373 = ORIENTED_EDGE ( 'NONE', *, *, #493, .F. ) ;
#6374 = CARTESIAN_POINT ( 'NONE',  ( 59.34243920159818231, 356.9106833265976206, 359.0020664014754743 ) ) ;
#6375 = VERTEX_POINT ( 'NONE', #4096 ) ;
#6376 = CARTESIAN_POINT ( 'NONE',  ( -132.3286688073715993, 355.0000000000001137, 343.4980266327372078 ) ) ;
#6377 = VERTEX_POINT ( 'NONE', #5117 ) ;
#6378 = CARTESIAN_POINT ( 'NONE',  ( 169.9999999999999432, 570.1499999999997499, 263.4502437028849613 ) ) ;
#6379 = VECTOR ( 'NONE', #9867, 1000.000000000000000 ) ;
#6380 = CARTESIAN_POINT ( 'NONE',  ( -59.20020431027140262, 377.5518242583233359, 357.2715862585909008 ) ) ;
#6381 = B_SPLINE_CURVE_WITH_KNOTS ( 'NONE', 3,
 ( #11114, #10163, #5274, #9141 ),
 .UNSPECIFIED., .F., .F.,
 ( 4, 4 ),
 ( 0.7306446846395306949, 0.8628874232668063415 ),
 .UNSPECIFIED. ) ;
#6382 = CARTESIAN_POINT ( 'NONE',  ( 188.5879279235472268, 539.1499999999996362, 272.1791858375078732 ) ) ;
#6383 = DIRECTION ( 'NONE',  ( -1.000000000000000000, 0.000000000000000000, -1.135654640887155121E-15 ) ) ;
#6384 = ADVANCED_FACE ( 'NONE', ( #483 ), #2263, .F. ) ;
#6385 = EDGE_CURVE ( 'NONE', #8569, #1292, #3141, .T. ) ;
#6386 = CARTESIAN_POINT ( 'NONE',  ( 190.7868687004566937, 117.0000000000000000, 332.2694703950618873 ) ) ;
#6387 = CIRCLE ( 'NONE', #714, 3.093108195208626121 ) ;
#6388 = ORIENTED_EDGE ( 'NONE', *, *, #4844, .T. ) ;
#6389 = CARTESIAN_POINT ( 'NONE',  ( -199.9999999999998863, -570.1500000000002046, 0.000000000000000000 ) ) ;
#6390 = EDGE_CURVE ( 'NONE', #6023, #10513, #12102, .T. ) ;
#6391 = AXIS2_PLACEMENT_3D ( 'NONE', #8329, #2808, #1786 ) ;
#6392 = EDGE_LOOP ( 'NONE', ( #832, #10797, #10351, #12203 ) ) ;
#6393 = CARTESIAN_POINT ( 'NONE',  ( -123.8466594585591878, 370.0000000000001137, 271.6422038917222608 ) ) ;
#6394 = DIRECTION ( 'NONE',  ( -9.332054624120925560E-16, -0.000000000000000000, -1.000000000000000000 ) ) ;
#6395 = CARTESIAN_POINT ( 'NONE',  ( -116.3767717391519767, 442.6530411536430165, 392.5570525041795236 ) ) ;
#6396 = CYLINDRICAL_SURFACE ( 'NONE', #5384, 5.000000000000004441 ) ;
#6397 = VERTEX_POINT ( 'NONE', #8164 ) ;
#6398 = DIRECTION ( 'NONE',  ( 0.000000000000000000, 0.000000000000000000, 1.000000000000000000 ) ) ;
#6399 = CARTESIAN_POINT ( 'NONE',  ( 59.34243920159818231, 355.0000000000000000, 355.6679359893877290 ) ) ;
#6400 = AXIS2_PLACEMENT_3D ( 'NONE', #688, #4553, #8437 ) ;
#6401 = LINE ( 'NONE', #8120, #124 ) ;
#6402 = DIRECTION ( 'NONE',  ( 0.6984011233339701974, -0.1564344650402309245, -0.6984011233334505020 ) ) ;
#6403 = CIRCLE ( 'NONE', #942, 1.689261981127287982 ) ;
#6404 = EDGE_LOOP ( 'NONE', ( #2324, #2439, #3323, #5051 ) ) ;
#6405 =( BOUNDED_CURVE ( )  B_SPLINE_CURVE ( 3, ( #387, #7247, #321, #1468 ),
 .UNSPECIFIED., .F., .T. ) 
 B_SPLINE_CURVE_WITH_KNOTS ( ( 4, 4 ),
 ( 5.501585242055417879, 7.064785372303754585 ),
 .UNSPECIFIED. ) 
 CURVE ( )  GEOMETRIC_REPRESENTATION_ITEM ( )  RATIONAL_B_SPLINE_CURVE ( ( 1.000000000000000000, 0.8065248903853474705, 0.8065248903853474705, 1.000000000000000000 ) ) 
 REPRESENTATION_ITEM ( '' )  );
#6406 = VECTOR ( 'NONE', #7506, 1000.000000000000000 ) ;
#6407 = ORIENTED_EDGE ( 'NONE', *, *, #2723, .F. ) ;
#6408 = ORIENTED_EDGE ( 'NONE', *, *, #11537, .T. ) ;
#6409 = DIRECTION ( 'NONE',  ( 0.000000000000000000, 0.000000000000000000, -1.000000000000000000 ) ) ;
#6410 = EDGE_LOOP ( 'NONE', ( #2889, #11432, #1209, #7466 ) ) ;
#6411 = ORIENTED_EDGE ( 'NONE', *, *, #11752, .T. ) ;
#6412 = DIRECTION ( 'NONE',  ( -0.7625037589850115483, -0.2383113124287892515, 0.6014945850979835917 ) ) ;
#6413 = EDGE_CURVE ( 'NONE', #508, #9411, #11433, .T. ) ;
#6414 = CARTESIAN_POINT ( 'NONE',  ( -211.2675196700932645, 490.2121367821007993, 259.8075361512113091 ) ) ;
#6415 = CARTESIAN_POINT ( 'NONE',  ( -173.3050511171541075, 120.0000000000000000, 327.9680754845628599 ) ) ;
#6416 = ORIENTED_EDGE ( 'NONE', *, *, #12028, .T. ) ;
#6417 = DIRECTION ( 'NONE',  ( 0.000000000000000000, 1.000000000000000000, -0.000000000000000000 ) ) ;
#6418 = CIRCLE ( 'NONE', #6623, 1.705470224525384992 ) ;
#6419 = CARTESIAN_POINT ( 'NONE',  ( -139.5011983711572157, 340.0000000000000568, 299.0691970056345212 ) ) ;
#6420 = LINE ( 'NONE', #11050, #6840 ) ;
#6421 = EDGE_CURVE ( 'NONE', #260, #845, #1909, .T. ) ;
#6422 = CARTESIAN_POINT ( 'NONE',  ( 59.34243920159818231, 356.9106833265976206, 382.6229516748982746 ) ) ;
#6423 = ORIENTED_EDGE ( 'NONE', *, *, #4104, .T. ) ;
#6424 = FACE_OUTER_BOUND ( 'NONE', #312, .T. ) ;
#6425 = ORIENTED_EDGE ( 'NONE', *, *, #9438, .T. ) ;
#6426 = ORIENTED_EDGE ( 'NONE', *, *, #2401, .F. ) ;
#6427 = AXIS2_PLACEMENT_3D ( 'NONE', #2061, #1171, #11956 ) ;
#6428 = DIRECTION ( 'NONE',  ( 1.000000000000000000, 0.000000000000000000, 1.224646799147353207E-16 ) ) ;
#6429 = CARTESIAN_POINT ( 'NONE',  ( -158.7296697055453478, -1.757682705919117088E-14, 358.4687384377220951 ) ) ;
#6430 = VECTOR ( 'NONE', #6289, 1000.000000000000227 ) ;
#6431 = ORIENTED_EDGE ( 'NONE', *, *, #6712, .T. ) ;
#6432 = LINE ( 'NONE', #6558, #292 ) ;
#6433 = FACE_OUTER_BOUND ( 'NONE', #11336, .T. ) ;
#6434 = ORIENTED_EDGE ( 'NONE', *, *, #12361, .T. ) ;
#6435 = CARTESIAN_POINT ( 'NONE',  ( -211.1646962003258636, 540.7398200061907119, 281.8846202678075770 ) ) ;
#6436 = MANIFOLD_SOLID_BREP ( 'Ýç Boþaltma1', #1887 ) ;
#6437 = AXIS2_PLACEMENT_3D ( 'NONE', #11115, #9203, #2424 ) ;
#6438 = EDGE_CURVE ( 'NONE', #5001, #5009, #4537, .T. ) ;
#6439 = CARTESIAN_POINT ( 'NONE',  ( 170.2082540580756529, 380.0000000000000000, 335.9288865616324529 ) ) ;
#6440 = ORIENTED_EDGE ( 'NONE', *, *, #1978, .T. ) ;
#6441 = VECTOR ( 'NONE', #5452, 1000.000000000000000 ) ;
#6442 = VERTEX_POINT ( 'NONE', #5308 ) ;
#6443 = CARTESIAN_POINT ( 'NONE',  ( -185.7024822690794679, 550.1499999999997499, 275.8370128776634829 ) ) ;
#6444 = ORIENTED_EDGE ( 'NONE', *, *, #1684, .F. ) ;
#6445 = AXIS2_PLACEMENT_3D ( 'NONE', #5033, #1042, #7774 ) ;
#6446 = CARTESIAN_POINT ( 'NONE',  ( 123.8466594585594720, 340.0000000000000568, 271.6422038917222608 ) ) ;
#6447 = EDGE_CURVE ( 'NONE', #8903, #2929, #3405, .T. ) ;
#6448 = ORIENTED_EDGE ( 'NONE', *, *, #7673, .F. ) ;
#6449 = ADVANCED_FACE ( 'NONE', ( #2201 ), #4226, .F. ) ;
#6450 = CARTESIAN_POINT ( 'NONE',  ( 198.4677831366806515, 549.8164697533117078, 251.4208798540829548 ) ) ;
#6451 = VECTOR ( 'NONE', #8100, 1000.000000000000000 ) ;
#6452 = DIRECTION ( 'NONE',  ( -1.000000000000000000, -0.000000000000000000, -0.000000000000000000 ) ) ;
#6453 = DIRECTION ( 'NONE',  ( -0.000000000000000000, 1.000000000000000000, -0.000000000000000000 ) ) ;
#6454 = CARTESIAN_POINT ( 'NONE',  ( 151.8249679581558667, 117.0000000000000000, 382.1878655542435581 ) ) ;
#6455 = CYLINDRICAL_SURFACE ( 'NONE', #11107, 7.566728253962374140 ) ;
#6456 = ORIENTED_EDGE ( 'NONE', *, *, #2056, .F. ) ;
#6457 = CARTESIAN_POINT ( 'NONE',  ( -50.11788553818409753, 375.6925981789739240, 379.1740230565164325 ) ) ;
#6458 = ORIENTED_EDGE ( 'NONE', *, *, #7160, .T. ) ;
#6459 = DIRECTION ( 'NONE',  ( -0.000000000000000000, 1.000000000000000000, -0.000000000000000000 ) ) ;
#6460 = CARTESIAN_POINT ( 'NONE',  ( 0.000000000000000000, 320.0000000000000568, 0.000000000000000000 ) ) ;
#6461 = DIRECTION ( 'NONE',  ( 0.7625037589850115483, 0.2383113124287892792, -0.6014945850979835917 ) ) ;
#6462 = CARTESIAN_POINT ( 'NONE',  ( 169.9999999999999432, 570.1499999999997499, 380.0000000000000000 ) ) ;
#6463 = ORIENTED_EDGE ( 'NONE', *, *, #1213, .T. ) ;
#6464 = DIRECTION ( 'NONE',  ( 1.000000000000000000, 0.000000000000000000, 0.000000000000000000 ) ) ;
#6465 = LINE ( 'NONE', #7551, #7974 ) ;
#6466 = CARTESIAN_POINT ( 'NONE',  ( -61.57657839890324425, 374.0785508645338382, 377.9443499868726803 ) ) ;
#6467 = CARTESIAN_POINT ( 'NONE',  ( 116.3767717391520620, 377.5518242583233359, 353.1576909117580954 ) ) ;
#6468 = DIRECTION ( 'NONE',  ( 0.000000000000000000, 0.000000000000000000, 1.000000000000000000 ) ) ;
#6469 = ORIENTED_EDGE ( 'NONE', *, *, #349, .F. ) ;
#6470 = CARTESIAN_POINT ( 'NONE',  ( 216.1324520908966065, 550.1499999999997499, 285.7002739670087408 ) ) ;
#6471 = ORIENTED_EDGE ( 'NONE', *, *, #9066, .T. ) ;
#6472 = EDGE_CURVE ( 'NONE', #12410, #2430, #1297, .T. ) ;
#6473 = ORIENTED_EDGE ( 'NONE', *, *, #4547, .T. ) ;
#6474 = CARTESIAN_POINT ( 'NONE',  ( 49.48623538589003346, 250.5465176981282980, 282.1382497793130710 ) ) ;
#6475 = ADVANCED_FACE ( 'NONE', ( #2655 ), #7536, .F. ) ;
#6476 = CYLINDRICAL_SURFACE ( 'NONE', #11963, 1.100437036551937808 ) ;
#6477 = VECTOR ( 'NONE', #6850, 1000.000000000000000 ) ;
#6478 = MANIFOLD_SOLID_BREP ( 'Kes-Ekstrüzyon6', #8584 ) ;
#6479 = PLANE ( 'NONE',  #308 ) ;
#6480 = ORIENTED_EDGE ( 'NONE', *, *, #10051, .F. ) ;
#6481 = EDGE_CURVE ( 'NONE', #795, #7841, #6577, .T. ) ;
#6482 = ADVANCED_FACE ( 'NONE', ( #5623 ), #10451, .F. ) ;
#6483 = CARTESIAN_POINT ( 'NONE',  ( -173.3050511171541075, 120.0000000000000000, 327.9680754845628599 ) ) ;
#6484 = CYLINDRICAL_SURFACE ( 'NONE', #3772, 1.705470224525384992 ) ;
#6485 = DIRECTION ( 'NONE',  ( -0.000000000000000000, 1.000000000000000000, -0.000000000000000000 ) ) ;
#6486 = LINE ( 'NONE', #12324, #4489 ) ;
#6487 = EDGE_CURVE ( 'NONE', #10835, #8916, #3661, .T. ) ;
#6488 = ORIENTED_EDGE ( 'NONE', *, *, #2767, .F. ) ;
#6489 = DIRECTION ( 'NONE',  ( 0.000000000000000000, 0.000000000000000000, 1.000000000000000000 ) ) ;
#6490 = VERTEX_POINT ( 'NONE', #5559 ) ;
#6491 = ORIENTED_EDGE ( 'NONE', *, *, #1079, .T. ) ;
#6492 = CARTESIAN_POINT ( 'NONE',  ( -191.8873057370085178, 117.0000000000000000, 332.2694703950617168 ) ) ;
#6493 = DIRECTION ( 'NONE',  ( 0.2571383543738345878, 0.9448466723902517739, 0.2028413971135687721 ) ) ;
#6494 = EDGE_LOOP ( 'NONE', ( #2688, #10060, #847, #3122 ) ) ;
#6495 = VECTOR ( 'NONE', #6538, 1000.000000000000227 ) ;
#6496 = DIRECTION ( 'NONE',  ( 0.000000000000000000, 0.000000000000000000, -1.000000000000000000 ) ) ;
#6497 = CARTESIAN_POINT ( 'NONE',  ( 130.5203249716378480, 117.0000000000000000, 368.2120121559649988 ) ) ;
#6498 = ORIENTED_EDGE ( 'NONE', *, *, #9117, .T. ) ;
#6499 = CARTESIAN_POINT ( 'NONE',  ( -59.26671879462830361, 377.5518242583233359, 359.0020664014754743 ) ) ;
#6500 = ADVANCED_FACE ( 'NONE', ( #3721 ), #11409, .F. ) ;
#6501 = CARTESIAN_POINT ( 'NONE',  ( -39.47285318341118909, 365.0000000000000000, 365.3661334402255534 ) ) ;
#6502 = VECTOR ( 'NONE', #11199, 1000.000000000000000 ) ;
#6503 = EDGE_CURVE ( 'NONE', #9166, #1358, #5555, .T. ) ;
#6504 = ORIENTED_EDGE ( 'NONE', *, *, #6438, .F. ) ;
#6505 = ORIENTED_EDGE ( 'NONE', *, *, #9117, .F. ) ;
#6506 = DIRECTION ( 'NONE',  ( 1.000000000000000000, 0.000000000000000000, 0.000000000000000000 ) ) ;
#6507 = ORIENTED_EDGE ( 'NONE', *, *, #8046, .T. ) ;
#6508 = CARTESIAN_POINT ( 'NONE',  ( -173.8375568172954218, 370.0000000000001137, 270.4181253755400576 ) ) ;
#6509 = ORIENTED_EDGE ( 'NONE', *, *, #3452, .T. ) ;
#6510 = ADVANCED_FACE ( 'NONE', ( #10518 ), #2781, .T. ) ;
#6511 = EDGE_CURVE ( 'NONE', #2485, #2010, #11280, .T. ) ;
#6512 = CARTESIAN_POINT ( 'NONE',  ( 199.6017977206571175, 545.6889121571492751, 258.2171031698774186 ) ) ;
#6513 = CIRCLE ( 'NONE', #8131, 20.00000000000001776 ) ;
#6514 = CARTESIAN_POINT ( 'NONE',  ( -85.99406992148853135, 364.9999999999998863, 377.4150958034690575 ) ) ;
#6515 = DIRECTION ( 'NONE',  ( -0.000000000000000000, -0.08715574274765820750, 0.9961946980917455452 ) ) ;
#6516 = CARTESIAN_POINT ( 'NONE',  ( 140.0000000000001137, -280.1694956085287345, 340.0000000000000000 ) ) ;
#6517 = CARTESIAN_POINT ( 'NONE',  ( 2.081899558550500674E-14, 572.1499999999997499, 85.29485184198051684 ) ) ;
#6518 = VERTEX_POINT ( 'NONE', #811 ) ;
#6519 = CARTESIAN_POINT ( 'NONE',  ( -158.5131318662553781, 555.3078530131178923, 350.1466113783531000 ) ) ;
#6520 = AXIS2_PLACEMENT_3D ( 'NONE', #8110, #11978, #491 ) ;
#6521 = VECTOR ( 'NONE', #1208, 1000.000000000000000 ) ;
#6522 = ORIENTED_EDGE ( 'NONE', *, *, #8879, .T. ) ;
#6523 = CARTESIAN_POINT ( 'NONE',  ( -167.6631474413541696, 554.8387938708184492, 340.6889977746236013 ) ) ;
#6524 = EDGE_CURVE ( 'NONE', #7256, #5522, #4673, .T. ) ;
#6525 = CARTESIAN_POINT ( 'NONE',  ( 132.0792540082316009, 489.0199999999996976, 343.8142052428237889 ) ) ;
#6526 = CARTESIAN_POINT ( 'NONE',  ( -59.20020431027140972, 349.9999999999999432, 372.6876302304717683 ) ) ;
#6527 = ORIENTED_EDGE ( 'NONE', *, *, #11168, .F. ) ;
#6528 = CARTESIAN_POINT ( 'NONE',  ( -158.7296697055453762, 494.0205802199568552, 358.4687384377221520 ) ) ;
#6529 = CARTESIAN_POINT ( 'NONE',  ( -42.48496570340520861, 117.0000000000000000, 370.0487020943512562 ) ) ;
#6530 = CARTESIAN_POINT ( 'NONE',  ( -130.5203249716377911, 117.0000000000000000, 371.9164933129661677 ) ) ;
#6531 = AXIS2_PLACEMENT_3D ( 'NONE', #6178, #8291, #607 ) ;
#6532 = CARTESIAN_POINT ( 'NONE',  ( 74.86688931094020916, 365.0000000000000000, 366.3561429881301592 ) ) ;
#6533 = DIRECTION ( 'NONE',  ( 0.000000000000000000, 0.000000000000000000, 1.000000000000000000 ) ) ;
#6534 = PLANE ( 'NONE',  #9504 ) ;
#6535 = VERTEX_POINT ( 'NONE', #2715 ) ;
#6536 = VERTEX_POINT ( 'NONE', #6651 ) ;
#6537 = PLANE ( 'NONE',  #5187 ) ;
#6538 = DIRECTION ( 'NONE',  ( 0.1924154613586764040, -0.9711530084039702304, -0.1408478771513641814 ) ) ;
#6539 = MANIFOLD_SOLID_BREP ( 'Yükseklik-Ekstrüzyon24[2]', #5261 ) ;
#6540 = CARTESIAN_POINT ( 'NONE',  ( 130.5203249716378480, 120.0000000000000000, 368.2120121559649988 ) ) ;
#6541 = VERTEX_POINT ( 'NONE', #9370 ) ;
#6542 = CYLINDRICAL_SURFACE ( 'NONE', #1516, 4.450000000000009948 ) ;
#6543 = CARTESIAN_POINT ( 'NONE',  ( -88.53618374789279244, 416.8296090012182162, 382.7730451548060842 ) ) ;
#6544 = PLANE ( 'NONE',  #755 ) ;
#6545 = EDGE_CURVE ( 'NONE', #6584, #10256, #7685, .T. ) ;
#6546 = DIRECTION ( 'NONE',  ( -1.000000000000000000, 0.000000000000000000, 0.000000000000000000 ) ) ;
#6547 = VECTOR ( 'NONE', #2387, 1000.000000000000000 ) ;
#6548 = ORIENTED_EDGE ( 'NONE', *, *, #1022, .F. ) ;
#6549 = FACE_OUTER_BOUND ( 'NONE', #2484, .T. ) ;
#6550 = ORIENTED_EDGE ( 'NONE', *, *, #7325, .F. ) ;
#6551 = ADVANCED_FACE ( 'NONE', ( #9239 ), #4424, .F. ) ;
#6552 = ORIENTED_EDGE ( 'NONE', *, *, #2958, .T. ) ;
#6553 = CIRCLE ( 'NONE', #11004, 90.47470435369004349 ) ;
#6554 = CARTESIAN_POINT ( 'NONE',  ( 0.000000000000000000, -585.1500000000002046, 0.000000000000000000 ) ) ;
#6555 = CARTESIAN_POINT ( 'NONE',  ( -139.0652792990439934, 340.0000000000000568, 299.8329142190949028 ) ) ;
#6556 = ORIENTED_EDGE ( 'NONE', *, *, #1668, .T. ) ;
#6557 = ADVANCED_FACE ( 'NONE', ( #12286 ), #7476, .F. ) ;
#6558 = CARTESIAN_POINT ( 'NONE',  ( -66.20020431027140262, 350.0000000000000000, 0.000000000000000000 ) ) ;
#6559 =( BOUNDED_CURVE ( )  B_SPLINE_CURVE ( 3, ( #776, #11565, #4642, #6543 ),
 .UNSPECIFIED., .F., .T. ) 
 B_SPLINE_CURVE_WITH_KNOTS ( ( 4, 4 ),
 ( 4.762650115759108793, 6.325850246007443722 ),
 .UNSPECIFIED. ) 
 CURVE ( )  GEOMETRIC_REPRESENTATION_ITEM ( )  RATIONAL_B_SPLINE_CURVE ( ( 1.000000000000000000, 0.8065248903853478035, 0.8065248903853478035, 1.000000000000000000 ) ) 
 REPRESENTATION_ITEM ( '' )  );
#6560 = CARTESIAN_POINT ( 'NONE',  ( -138.6532530255901179, 339.9999999999999432, 300.6102691007595240 ) ) ;
#6561 = ORIENTED_EDGE ( 'NONE', *, *, #9398, .F. ) ;
#6562 = CARTESIAN_POINT ( 'NONE',  ( -138.6532530255041422, 370.0000000000001137, 300.6102691009217551 ) ) ;
#6563 = VECTOR ( 'NONE', #3780, 1000.000000000000000 ) ;
#6564 = CARTESIAN_POINT ( 'NONE',  ( -59.20020431027140972, 350.3307626208624015, 376.8913562029470654 ) ) ;
#6565 = VERTEX_POINT ( 'NONE', #7345 ) ;
#6566 = ORIENTED_EDGE ( 'NONE', *, *, #746, .F. ) ;
#6567 = DIRECTION ( 'NONE',  ( -0.000000000000000000, 0.000000000000000000, 1.000000000000000000 ) ) ;
#6568 = ORIENTED_EDGE ( 'NONE', *, *, #5514, .T. ) ;
#6569 = DIRECTION ( 'NONE',  ( 0.000000000000000000, 0.000000000000000000, 1.000000000000000000 ) ) ;
#6571 = ORIENTED_EDGE ( 'NONE', *, *, #4026, .T. ) ;
#6570 = AXIS2_PLACEMENT_3D ( 'NONE', #3827, #9672, #980 ) ;
#6572 = CARTESIAN_POINT ( 'NONE',  ( 199.9999999999999716, 540.1499999999996362, 250.7734253594445875 ) ) ;
#6573 = EDGE_CURVE ( 'NONE', #7624, #11194, #7383, .T. ) ;
#6574 = CARTESIAN_POINT ( 'NONE',  ( -154.9399066220875625, 370.0000000000001137, 281.4648045302496939 ) ) ;
#6575 = PLANE ( 'NONE',  #9231 ) ;
#6576 = EDGE_CURVE ( 'NONE', #2269, #11524, #1564, .T. ) ;
#6577 = LINE ( 'NONE', #3529, #11638 ) ;
#6578 = CARTESIAN_POINT ( 'NONE',  ( 192.5135484908170440, 545.1499999999996362, 275.2758781312026031 ) ) ;
#6579 = DIRECTION ( 'NONE',  ( 0.000000000000000000, -0.000000000000000000, -1.000000000000000000 ) ) ;
#6580 = VERTEX_POINT ( 'NONE', #613 ) ;
#6581 = CYLINDRICAL_SURFACE ( 'NONE', #10174, 30.00000000000000000 ) ;
#6582 = AXIS2_PLACEMENT_3D ( 'NONE', #4978, #5979, #1232 ) ;
#6583 = MANIFOLD_SOLID_BREP ( 'Kes-Ekstrüzyon15', #1533 ) ;
#6584 = VERTEX_POINT ( 'NONE', #8363 ) ;
#6585 = AXIS2_PLACEMENT_3D ( 'NONE', #3719, #12537, #7658 ) ;
#6586 = CARTESIAN_POINT ( 'NONE',  ( 74.75501464662400508, 379.9711227638799187, 379.5483454543126527 ) ) ;
#6587 = DIRECTION ( 'NONE',  ( 0.000000000000000000, 1.000000000000000000, -0.000000000000000000 ) ) ;
#6588 = DIRECTION ( 'NONE',  ( 0.000000000000000000, -0.000000000000000000, 1.000000000000000000 ) ) ;
#6589 = ORIENTED_EDGE ( 'NONE', *, *, #10684, .F. ) ;
#6590 = LINE ( 'NONE', #3733, #4564 ) ;
#6591 = DIRECTION ( 'NONE',  ( -0.7863899488082342071, 0.000000000000000000, 0.6177304010758922770 ) ) ;
#6592 = CARTESIAN_POINT ( 'NONE',  ( -195.7024822690793826, 370.0000000000001137, 263.1601945342233648 ) ) ;
#6593 = LINE ( 'NONE', #10533, #767 ) ;
#6594 = VECTOR ( 'NONE', #2275, 1000.000000000000000 ) ;
#6595 = CARTESIAN_POINT ( 'NONE',  ( -160.4756791443362260, 370.0000000000000568, 277.1269687149546144 ) ) ;
#6596 = EDGE_CURVE ( 'NONE', #8487, #8613, #1821, .T. ) ;
#6597 = EDGE_CURVE ( 'NONE', #10455, #1521, #6827, .T. ) ;
#6598 = DIRECTION ( 'NONE',  ( -0.000000000000000000, 0.000000000000000000, 1.000000000000000000 ) ) ;
#6599 = ORIENTED_EDGE ( 'NONE', *, *, #10483, .F. ) ;
#6600 = VECTOR ( 'NONE', #9515, 1000.000000000000227 ) ;
#6601 = VERTEX_POINT ( 'NONE', #11593 ) ;
#6602 = LINE ( 'NONE', #6474, #4788 ) ;
#6603 = FACE_OUTER_BOUND ( 'NONE', #1740, .T. ) ;
#6604 = CIRCLE ( 'NONE', #12073, 1.219656812025959880 ) ;
#6605 = MANIFOLD_SOLID_BREP ( 'Yükseklik-Ekstrüzyon45[3]', #5736 ) ;
#6606 = CARTESIAN_POINT ( 'NONE',  ( -148.7788836064115685, 370.0000000000001137, 286.3160689504499032 ) ) ;
#6607 = ADVANCED_FACE ( 'NONE', ( #8677 ), #3842, .F. ) ;
#6608 = ORIENTED_EDGE ( 'NONE', *, *, #7954, .F. ) ;
#6609 = EDGE_CURVE ( 'NONE', #1453, #1417, #6768, .T. ) ;
#6610 = VECTOR ( 'NONE', #10646, 1000.000000000000000 ) ;
#6611 = DIRECTION ( 'NONE',  ( -0.000000000000000000, -1.000000000000000000, -0.000000000000000000 ) ) ;
#6612 = DIRECTION ( 'NONE',  ( -0.7851241134539720390, 0.000000000000000000, -0.6193384587389310081 ) ) ;
#6613 = CARTESIAN_POINT ( 'NONE',  ( -195.7024822690795247, 546.0078643762686852, 263.1601945342232511 ) ) ;
#6614 = AXIS2_PLACEMENT_3D ( 'NONE', #5528, #7565, #10417 ) ;
#6615 = FACE_OUTER_BOUND ( 'NONE', #5204, .T. ) ;
#6616 = VECTOR ( 'NONE', #6707, 1000.000000000000000 ) ;
#6617 = ORIENTED_EDGE ( 'NONE', *, *, #5927, .F. ) ;
#6618 = DIRECTION ( 'NONE',  ( -0.000000000000000000, 0.000000000000000000, 1.000000000000000000 ) ) ;
#6619 = EDGE_LOOP ( 'NONE', ( #12228, #9783, #10919, #12126 ) ) ;
#6620 = AXIS2_PLACEMENT_3D ( 'NONE', #7031, #1450, #5319 ) ;
#6621 = ORIENTED_EDGE ( 'NONE', *, *, #2446, .T. ) ;
#6622 = ORIENTED_EDGE ( 'NONE', *, *, #9812, .T. ) ;
#6623 = AXIS2_PLACEMENT_3D ( 'NONE', #12305, #3614, #5574 ) ;
#6624 = LINE ( 'NONE', #12395, #3053 ) ;
#6625 = CARTESIAN_POINT ( 'NONE',  ( -139.5011983711572157, 340.0000000000000568, 299.0691970056345212 ) ) ;
#6626 = VERTEX_POINT ( 'NONE', #5689 ) ;
#6627 = ADVANCED_FACE ( 'NONE', ( #7908 ), #38, .T. ) ;
#6628 = DIRECTION ( 'NONE',  ( 1.000000000000000000, 0.000000000000000000, 0.000000000000000000 ) ) ;
#6629 = CARTESIAN_POINT ( 'NONE',  ( 70.18354552143799197, 117.0000000000000000, 368.5173196178369039 ) ) ;
#6630 = VERTEX_POINT ( 'NONE', #3075 ) ;
#6631 = CARTESIAN_POINT ( 'NONE',  ( -165.7249778217532423, 315.0000000000000568, 293.5077285964567295 ) ) ;
#6632 = ADVANCED_FACE ( 'NONE', ( #10758 ), #2955, .T. ) ;
#6633 = ORIENTED_EDGE ( 'NONE', *, *, #6150, .F. ) ;
#6634 = CARTESIAN_POINT ( 'NONE',  ( 70.18354552143794933, 117.0000000000000000, 384.8487875627029666 ) ) ;
#6635 = VECTOR ( 'NONE', #10390, 1000.000000000000000 ) ;
#6636 = VERTEX_POINT ( 'NONE', #8738 ) ;
#6637 = ORIENTED_EDGE ( 'NONE', *, *, #10310, .T. ) ;
#6638 = CARTESIAN_POINT ( 'NONE',  ( 102.8717205707466178, 117.0000000000000000, 380.2970430871540088 ) ) ;
#6639 = ORIENTED_EDGE ( 'NONE', *, *, #694, .F. ) ;
#6640 = EDGE_CURVE ( 'NONE', #11500, #7713, #11653, .T. ) ;
#6641 = VECTOR ( 'NONE', #4453, 1000.000000000000000 ) ;
#6642 = DIRECTION ( 'NONE',  ( 0.000000000000000000, 1.000000000000000000, -0.000000000000000000 ) ) ;
#6643 = B_SPLINE_CURVE_WITH_KNOTS ( 'NONE', 3,
 ( #6341, #6281, #5332, #8254 ),
 .UNSPECIFIED., .F., .F.,
 ( 4, 4 ),
 ( 0.000000000000000000, 1.000000000000000000 ),
 .UNSPECIFIED. ) ;
#6644 = ORIENTED_EDGE ( 'NONE', *, *, #2686, .T. ) ;
#6645 = ADVANCED_FACE ( 'NONE', ( #6948 ), #10698, .F. ) ;
#6646 = CARTESIAN_POINT ( 'NONE',  ( 188.9246388531314835, 549.6392610457420460, 271.7523435086487211 ) ) ;
#6647 = CARTESIAN_POINT ( 'NONE',  ( 173.3050511171542212, 117.0000000000000000, 327.9680754845630304 ) ) ;
#6648 = CARTESIAN_POINT ( 'NONE',  ( -212.8802311102593023, 549.4322194090805169, 289.5386717603191187 ) ) ;
#6649 = VECTOR ( 'NONE', #3580, 1000.000000000000000 ) ;
#6650 = VECTOR ( 'NONE', #1734, 1000.000000000000114 ) ;
#6651 = CARTESIAN_POINT ( 'NONE',  ( -111.3767717391519767, 440.0642204323597184, 396.8346695128719830 ) ) ;
#6652 = EDGE_CURVE ( 'NONE', #7112, #8988, #9749, .T. ) ;
#6653 = AXIS2_PLACEMENT_3D ( 'NONE', #12181, #10280, #1399 ) ;
#6654 = DIRECTION ( 'NONE',  ( -0.7625037589850115483, -0.2383113124287892515, 0.6014945850979835917 ) ) ;
#6655 = EDGE_LOOP ( 'NONE', ( #10685, #475, #1788, #1669 ) ) ;
#6656 = CARTESIAN_POINT ( 'NONE',  ( -59.20020431027138841, 352.9289321823210344, 381.4117675237146159 ) ) ;
#6657 = EDGE_CURVE ( 'NONE', #1263, #7112, #3963, .T. ) ;
#6658 = AXIS2_PLACEMENT_3D ( 'NONE', #1368, #12217, #12093 ) ;
#6659 = VECTOR ( 'NONE', #2111, 1000.000000000000000 ) ;
#6660 = ORIENTED_EDGE ( 'NONE', *, *, #6122, .T. ) ;
#6661 = DIRECTION ( 'NONE',  ( -0.000000000000000000, 1.000000000000000000, -0.000000000000000000 ) ) ;
#6662 = CIRCLE ( 'NONE', #157, 1.219656812025959880 ) ;
#6663 = DIRECTION ( 'NONE',  ( -0.6193384587389315632, 0.000000000000000000, -0.7851241134539715949 ) ) ;
#6664 = DIRECTION ( 'NONE',  ( 0.6159316213005268104, 0.000000000000000000, -0.7877996178484123480 ) ) ;
#6665 = VERTEX_POINT ( 'NONE', #7725 ) ;
#6666 = FACE_OUTER_BOUND ( 'NONE', #12339, .T. ) ;
#6667 = CARTESIAN_POINT ( 'NONE',  ( 173.3050511171542212, 120.0000000000000000, 327.9680754845630304 ) ) ;
#6668 = DIRECTION ( 'NONE',  ( 1.000000000000000000, 0.000000000000000000, 0.000000000000000000 ) ) ;
#6669 = AXIS2_PLACEMENT_3D ( 'NONE', #4770, #2749, #7700 ) ;
#6670 = DIRECTION ( 'NONE',  ( 0.000000000000000000, -1.000000000000000000, 0.000000000000000000 ) ) ;
#6671 = EDGE_CURVE ( 'NONE', #444, #10212, #4800, .T. ) ;
#6672 = CARTESIAN_POINT ( 'NONE',  ( 0.000000000000000000, 0.000000000000000000, 382.4264068711929667 ) ) ;
#6673 = CARTESIAN_POINT ( 'NONE',  ( -111.4464948675895073, 120.0000000000000000, 369.2830108560940516 ) ) ;
#6674 = ORIENTED_EDGE ( 'NONE', *, *, #6481, .T. ) ;
#6675 = ORIENTED_EDGE ( 'NONE', *, *, #4419, .F. ) ;
#6676 = DIRECTION ( 'NONE',  ( 0.7625037589850115483, 0.2383113124287892792, -0.6014945850979835917 ) ) ;
#6677 = DIRECTION ( 'NONE',  ( -1.000000000000000000, 0.000000000000000000, 0.000000000000000000 ) ) ;
#6678 = DIRECTION ( 'NONE',  ( 0.000000000000000000, 0.000000000000000000, 1.000000000000000000 ) ) ;
#6679 = ORIENTED_EDGE ( 'NONE', *, *, #2843, .T. ) ;
#6680 = EDGE_CURVE ( 'NONE', #9692, #426, #5346, .T. ) ;
#6681 = EDGE_CURVE ( 'NONE', #7835, #2810, #12239, .T. ) ;
#6682 = LINE ( 'NONE', #9464, #9012 ) ;
#6683 = CARTESIAN_POINT ( 'NONE',  ( 248.5985330171028806, 666.0000000000001137, 196.1048318924140119 ) ) ;
#6684 = CARTESIAN_POINT ( 'NONE',  ( 2.081899558550500674E-14, 580.1499999999997499, 258.2442605493605470 ) ) ;
#6685 = DIRECTION ( 'NONE',  ( 0.000000000000000000, -1.000000000000000000, 0.000000000000000000 ) ) ;
#6686 = ORIENTED_EDGE ( 'NONE', *, *, #862, .T. ) ;
#6687 = DIRECTION ( 'NONE',  ( -0.000000000000000000, 1.000000000000000000, -0.000000000000000000 ) ) ;
#6688 = ORIENTED_EDGE ( 'NONE', *, *, #9106, .F. ) ;
#6689 = VECTOR ( 'NONE', #4365, 1000.000000000000000 ) ;
#6690 = ORIENTED_EDGE ( 'NONE', *, *, #1640, .T. ) ;
#6691 = DIRECTION ( 'NONE',  ( 0.000000000000000000, -0.9961946980917455452, -0.08715574274765781893 ) ) ;
#6692 = ORIENTED_EDGE ( 'NONE', *, *, #7492, .T. ) ;
#6693 = CARTESIAN_POINT ( 'NONE',  ( 116.3767717391520620, 565.8524822690791325, 351.4274360680452105 ) ) ;
#6694 = CARTESIAN_POINT ( 'NONE',  ( -139.5011983711571872, 340.0000000000000568, 299.0691970056345212 ) ) ;
#6695 = CARTESIAN_POINT ( 'NONE',  ( -158.5131318662553781, 555.3078530131178923, 350.1466113783531000 ) ) ;
#6696 = AXIS2_PLACEMENT_3D ( 'NONE', #4989, #8858, #4034 ) ;
#6697 = CARTESIAN_POINT ( 'NONE',  ( -175.4309223239438609, 500.2637939313669904, 309.2193921002644856 ) ) ;
#6698 = VERTEX_POINT ( 'NONE', #5928 ) ;
#6699 = CARTESIAN_POINT ( 'NONE',  ( -210.1908901365872282, 540.1499999999996362, 280.9576713392232250 ) ) ;
#6700 = ORIENTED_EDGE ( 'NONE', *, *, #9423, .T. ) ;
#6701 = AXIS2_PLACEMENT_3D ( 'NONE', #11922, #7871, #1322 ) ;
#6702 = FACE_BOUND ( 'NONE', #8412, .T. ) ;
#6703 = LINE ( 'NONE', #5444, #536 ) ;
#6704 = EDGE_LOOP ( 'NONE', ( #4805, #12242 ) ) ;
#6705 = CARTESIAN_POINT ( 'NONE',  ( 103.5434191426559494, 570.0155833518628015, 351.4336846700537080 ) ) ;
#6706 = DIRECTION ( 'NONE',  ( -0.7557367699063592958, 0.000000000000000000, -0.6548755107739963055 ) ) ;
#6707 = DIRECTION ( 'NONE',  ( 0.000000000000000000, -1.000000000000000000, 0.000000000000000000 ) ) ;
#6708 = LINE ( 'NONE', #10574, #3727 ) ;
#6709 = CARTESIAN_POINT ( 'NONE',  ( -192.9877427735604556, 120.0000000000000000, 351.4274360680451537 ) ) ;
#6710 = VERTEX_POINT ( 'NONE', #1942 ) ;
#6711 = CARTESIAN_POINT ( 'NONE',  ( -63.62321363309397526, -570.1500000000002046, 0.000000000000000000 ) ) ;
#6712 = EDGE_CURVE ( 'NONE', #5903, #5534, #5807, .T. ) ;
#6713 = ORIENTED_EDGE ( 'NONE', *, *, #6052, .F. ) ;
#6714 = EDGE_CURVE ( 'NONE', #4296, #4839, #5944, .T. ) ;
#6715 = CIRCLE ( 'NONE', #8338, 0.9584030404425902816 ) ;
#6716 = CARTESIAN_POINT ( 'NONE',  ( 46.12448390330171577, 377.5518242583233359, 359.0020664014754743 ) ) ;
#6717 = DIRECTION ( 'NONE',  ( 0.08682659386424763925, 0.9924325091389670783, 0.08682659386424763925 ) ) ;
#6718 = CARTESIAN_POINT ( 'NONE',  ( 156.1004032895214948, 416.3618162924797161, 328.8266182688128652 ) ) ;
#6719 = ORIENTED_EDGE ( 'NONE', *, *, #7449, .F. ) ;
#6720 = CARTESIAN_POINT ( 'NONE',  ( -133.2375149950902653, 370.0000000000001137, 315.4117178721747905 ) ) ;
#6721 = EDGE_CURVE ( 'NONE', #8780, #1462, #6708, .T. ) ;
#6722 = CARTESIAN_POINT ( 'NONE',  ( -130.5203249716377911, 117.0000000000000000, 368.2120121559648851 ) ) ;
#6723 = DIRECTION ( 'NONE',  ( -0.7625037589850115483, -0.2383113124287892792, 0.6014945850979835917 ) ) ;
#6724 = AXIS2_PLACEMENT_3D ( 'NONE', #5889, #11732, #9894 ) ;
#6725 = PLANE ( 'NONE',  #5827 ) ;
#6726 = AXIS2_PLACEMENT_3D ( 'NONE', #8990, #9889, #1068 ) ;
#6727 = DIRECTION ( 'NONE',  ( -0.000000000000000000, 1.000000000000000000, -0.000000000000000000 ) ) ;
#6728 = CALENDAR_DATE ( 2022, 29, 1 ) ;
#6729 = ORIENTED_EDGE ( 'NONE', *, *, #7224, .T. ) ;
#6730 = CARTESIAN_POINT ( 'NONE',  ( -35.27504519909465586, 412.9811648176871017, 380.4439605203514247 ) ) ;
#6731 = CARTESIAN_POINT ( 'NONE',  ( 155.5371309302833254, 453.7700362439283026, 304.4964759294217629 ) ) ;
#6732 = FACE_OUTER_BOUND ( 'NONE', #3357, .T. ) ;
#6733 = ADVANCED_FACE ( 'NONE', ( #5747 ), #8216, .F. ) ;
#6734 = CARTESIAN_POINT ( 'NONE',  ( 227.1074468072384320, 377.4823331915915787, 287.9337328837804080 ) ) ;
#6735 = AXIS2_PLACEMENT_3D ( 'NONE', #8943, #8237, #3602 ) ;
#6736 = ORIENTED_EDGE ( 'NONE', *, *, #11972, .F. ) ;
#6737 = CARTESIAN_POINT ( 'NONE',  ( -143.7660069451176525, 117.0000000000000000, 368.2120121559648851 ) ) ;
#6738 = EDGE_CURVE ( 'NONE', #6354, #7756, #9931, .T. ) ;
#6739 = CARTESIAN_POINT ( 'NONE',  ( 63.87115989019968509, 402.9660550741079987, 380.5563215124602152 ) ) ;
#6740 = CARTESIAN_POINT ( 'NONE',  ( 151.8249679581558667, 117.0000000000000000, 382.1878655542435581 ) ) ;
#6741 = ADVANCED_FACE ( 'NONE', ( #8973 ), #2249, .F. ) ;
#6742 = DIRECTION ( 'NONE',  ( 0.000000000000000000, 1.000000000000000000, 0.000000000000000000 ) ) ;
#6743 = EDGE_LOOP ( 'NONE', ( #10821, #706, #7557, #4955, #11569, #1288, #7155, #7513, #8259, #2456 ) ) ;
#6744 = FACE_OUTER_BOUND ( 'NONE', #10007, .T. ) ;
#6745 = ORIENTED_EDGE ( 'NONE', *, *, #6, .T. ) ;
#6746 = ORIENTED_EDGE ( 'NONE', *, *, #3332, .F. ) ;
#6747 = LINE ( 'NONE', #2166, #8857 ) ;
#6748 = ORIENTED_EDGE ( 'NONE', *, *, #4511, .T. ) ;
#6749 = CARTESIAN_POINT ( 'NONE',  ( -133.2375149950902653, 340.0000000000000568, 315.4117178721747905 ) ) ;
#6750 = CARTESIAN_POINT ( 'NONE',  ( 59.34243920159818231, 355.0000000000000000, 365.6679359893877290 ) ) ;
#6751 = VECTOR ( 'NONE', #11341, 1000.000000000000000 ) ;
#6752 = FACE_OUTER_BOUND ( 'NONE', #1030, .T. ) ;
#6753 = ORIENTED_EDGE ( 'NONE', *, *, #2837, .T. ) ;
#6754 = DIRECTION ( 'NONE',  ( 0.6984011233335701840, -0.1564344650402309245, -0.6984011233338505154 ) ) ;
#6755 = CARTESIAN_POINT ( 'NONE',  ( -66.20020431027140262, 351.5914963376414448, 380.0200850954179259 ) ) ;
#6756 = ORIENTED_EDGE ( 'NONE', *, *, #6390, .F. ) ;
#6757 = DIRECTION ( 'NONE',  ( 0.000000000000000000, 0.000000000000000000, -1.000000000000000000 ) ) ;
#6758 = ORIENTED_EDGE ( 'NONE', *, *, #2068, .F. ) ;
#6759 = EDGE_CURVE ( 'NONE', #4412, #1234, #10940, .T. ) ;
#6760 = CARTESIAN_POINT ( 'NONE',  ( -66.20020431027141683, 349.9412953080442321, 379.8958356672611671 ) ) ;
#6761 = LINE ( 'NONE', #11222, #11678 ) ;
#6762 = ORIENTED_EDGE ( 'NONE', *, *, #7198, .F. ) ;
#6763 = LINE ( 'NONE', #8734, #5868 ) ;
#6764 = CARTESIAN_POINT ( 'NONE',  ( -130.5203249716377911, 120.0000000000000000, 371.9164933129661677 ) ) ;
#6765 = CARTESIAN_POINT ( 'NONE',  ( -217.5137232662986833, 542.2373563225015687, 280.8142832435700029 ) ) ;
#6766 = VECTOR ( 'NONE', #2339, 1000.000000000000000 ) ;
#6767 = ADVANCED_FACE ( 'NONE', ( #8029 ), #7967, .T. ) ;
#6768 = LINE ( 'NONE', #1054, #2518 ) ;
#6769 = DIRECTION ( 'NONE',  ( 0.000000000000000000, 0.000000000000000000, 1.000000000000000000 ) ) ;
#6770 = B_SPLINE_SURFACE_WITH_KNOTS ( 'NONE', 2, 1, ( 
 ( #10498, #6694 ),
 ( #9414, #723 ),
 ( #4590, #6560 ) ),
 .UNSPECIFIED., .F., .F., .F.,
 ( 3, 3 ),
 ( 2, 2 ),
 ( 0.5835334691274097763, 0.6009144237610960504 ),
 ( 0.000000000000000000, 1.000000000000000000 ),
 .UNSPECIFIED. ) ;
#6771 = VERTEX_POINT ( 'NONE', #5983 ) ;
#6772 = DIRECTION ( 'NONE',  ( 0.000000000000000000, 0.000000000000000000, -1.000000000000000000 ) ) ;
#6773 = ORIENTED_EDGE ( 'NONE', *, *, #3951, .F. ) ;
#6774 = VECTOR ( 'NONE', #11969, 1000.000000000000000 ) ;
#6775 = DIRECTION ( 'NONE',  ( -0.4278087401162952164, 0.9004297881148434213, 0.07877739876110527451 ) ) ;
#6776 = DIRECTION ( 'NONE',  ( -0.000000000000000000, -1.000000000000000000, 0.000000000000000000 ) ) ;
#6777 = PLANE ( 'NONE',  #1750 ) ;
#6778 = CARTESIAN_POINT ( 'NONE',  ( -79.26671879462830361, 365.0000000000000000, 382.6229516748982746 ) ) ;
#6779 = EDGE_CURVE ( 'NONE', #6397, #490, #5761, .T. ) ;
#6780 = LINE ( 'NONE', #5939, #6349 ) ;
#6781 = DIRECTION ( 'NONE',  ( 0.000000000000000000, 0.000000000000000000, 1.000000000000000000 ) ) ;
#6782 = CARTESIAN_POINT ( 'NONE',  ( 66.12448390330172288, 377.5518242583233359, 355.6679359893877290 ) ) ;
#6783 = EDGE_CURVE ( 'NONE', #10762, #7088, #1237, .T. ) ;
#6784 = LINE ( 'NONE', #12372, #5287 ) ;
#6785 = ORIENTED_EDGE ( 'NONE', *, *, #8861, .F. ) ;
#6786 = ORIENTED_EDGE ( 'NONE', *, *, #3750, .T. ) ;
#6787 = LINE ( 'NONE', #2079, #7225 ) ;
#6788 = DIRECTION ( 'NONE',  ( 0.000000000000000000, -0.000000000000000000, -1.000000000000000000 ) ) ;
#6789 = AXIS2_PLACEMENT_3D ( 'NONE', #2184, #3383, #9865 ) ;
#6790 = CARTESIAN_POINT ( 'NONE',  ( -252.5241535843728684, 550.1499999999997499, 199.2015241861090544 ) ) ;
#6791 = ORIENTED_EDGE ( 'NONE', *, *, #7016, .F. ) ;
#6792 = CARTESIAN_POINT ( 'NONE',  ( -168.1915472663334867, 500.7070571008912339, 316.2447010997172470 ) ) ;
#6793 = VECTOR ( 'NONE', #3192, 1000.000000000000000 ) ;
#6794 = FACE_BOUND ( 'NONE', #10753, .T. ) ;
#6795 = CARTESIAN_POINT ( 'NONE',  ( 227.1074468072385173, -1.470771475609332656E-14, 287.9337328837804080 ) ) ;
#6796 = CARTESIAN_POINT ( 'NONE',  ( -130.5203249716377911, 117.0000000000000000, 360.6452839020025181 ) ) ;
#6797 = ORIENTED_EDGE ( 'NONE', *, *, #11862, .F. ) ;
#6798 = VECTOR ( 'NONE', #5637, 1000.000000000000000 ) ;
#6799 = DIRECTION ( 'NONE',  ( 0.000000000000000000, -1.000000000000000000, 0.000000000000000000 ) ) ;
#6800 = ORIENTED_EDGE ( 'NONE', *, *, #5284, .T. ) ;
#6801 = EDGE_CURVE ( 'NONE', #4200, #5207, #2117, .T. ) ;
#6802 = ORIENTED_EDGE ( 'NONE', *, *, #9977, .T. ) ;
#6803 = VECTOR ( 'NONE', #4446, 1000.000000000000000 ) ;
#6804 = DIRECTION ( 'NONE',  ( 0.000000000000000000, 0.000000000000000000, 1.000000000000000000 ) ) ;
#6805 = ORIENTED_EDGE ( 'NONE', *, *, #10035, .F. ) ;
#6806 = DIRECTION ( 'NONE',  ( -0.000000000000000000, -1.000000000000000000, -0.000000000000000000 ) ) ;
#6807 = EDGE_CURVE ( 'NONE', #8548, #12410, #3387, .T. ) ;
#6808 = CARTESIAN_POINT ( 'NONE',  ( -112.6464638020124056, 568.1628054374887142, 351.4274360680452105 ) ) ;
#6809 = CARTESIAN_POINT ( 'NONE',  ( 212.1416513271663860, 539.1499999999996362, 290.7593395996757977 ) ) ;
#6810 = DIRECTION ( 'NONE',  ( 0.1924154613586765150, -0.9711530084039704525, -0.1408478771513619332 ) ) ;
#6811 = VECTOR ( 'NONE', #2667, 1000.000000000000114 ) ;
#6812 = CARTESIAN_POINT ( 'NONE',  ( -154.2515135521900334, 315.0000000000000568, 324.7618957752571305 ) ) ;
#6813 = LINE ( 'NONE', #4847, #9750 ) ;
#6814 = VECTOR ( 'NONE', #8372, 1000.000000000000000 ) ;
#6815 = ORIENTED_EDGE ( 'NONE', *, *, #7583, .F. ) ;
#6816 = CARTESIAN_POINT ( 'NONE',  ( -42.48496570340520861, 117.0000000000000000, 371.2683589063772160 ) ) ;
#6817 = ORIENTED_EDGE ( 'NONE', *, *, #11995, .F. ) ;
#6818 = VECTOR ( 'NONE', #708, 1000.000000000000114 ) ;
#6819 = PLANE ( 'NONE',  #3294 ) ;
#6820 = CARTESIAN_POINT ( 'NONE',  ( -59.20020431027140262, 355.0000000000000000, 355.6679359893877290 ) ) ;
#6821 = ORIENTED_EDGE ( 'NONE', *, *, #1898, .T. ) ;
#6822 = CARTESIAN_POINT ( 'NONE',  ( 101.7259631302512020, 570.1499999999997499, 350.0000000000000000 ) ) ;
#6823 = FACE_OUTER_BOUND ( 'NONE', #1752, .T. ) ;
#6824 = CARTESIAN_POINT ( 'NONE',  ( 174.9943130982815092, 117.0000000000000000, 327.9680754845630304 ) ) ;
#6825 = ADVANCED_FACE ( 'NONE', ( #212 ), #10876, .T. ) ;
#6826 = EDGE_CURVE ( 'NONE', #10653, #11677, #11893, .T. ) ;
#6827 = LINE ( 'NONE', #9622, #275 ) ;
#6828 = VECTOR ( 'NONE', #3224, 1000.000000000000000 ) ;
#6829 = DIRECTION ( 'NONE',  ( 0.000000000000000000, 0.000000000000000000, 1.000000000000000000 ) ) ;
#6830 = AXIS2_PLACEMENT_3D ( 'NONE', #8135, #2560, #3302 ) ;
#6831 = EDGE_LOOP ( 'NONE', ( #10308, #801, #554, #1003 ) ) ;
#6832 = CARTESIAN_POINT ( 'NONE',  ( 173.3050511171542212, 117.0000000000000000, 290.9472914527386251 ) ) ;
#6833 = EDGE_CURVE ( 'NONE', #8506, #7544, #10227, .T. ) ;
#6834 = AXIS2_PLACEMENT_3D ( 'NONE', #8954, #2168, #1035 ) ;
#6835 = CARTESIAN_POINT ( 'NONE',  ( 171.6157891360268763, 117.0000000000000000, 352.8908367782720461 ) ) ;
#6837 = B_SPLINE_CURVE_WITH_KNOTS ( 'NONE', 2,
 ( #6720, #7550, #10465 ),
 .UNSPECIFIED., .F., .F.,
 ( 3, 3 ),
 ( 0.7544855095315649018, 1.000000000000000000 ),
 .UNSPECIFIED. ) ;
#6836 = VECTOR ( 'NONE', #4190, 1000.000000000000000 ) ;
#6838 = LINE ( 'NONE', #2849, #1820 ) ;
#6839 = LINE ( 'NONE', #45, #4977 ) ;
#6840 = VECTOR ( 'NONE', #3372, 1000.000000000000000 ) ;
#6841 = FACE_OUTER_BOUND ( 'NONE', #6209, .T. ) ;
#6842 = CARTESIAN_POINT ( 'NONE',  ( -66.20020431027140262, 368.7211259633094187, 370.8125090381868745 ) ) ;
#6843 = FACE_OUTER_BOUND ( 'NONE', #111, .T. ) ;
#6844 = DIRECTION ( 'NONE',  ( -0.000000000000000000, -1.000000000000000000, 0.000000000000000000 ) ) ;
#6845 = AXIS2_PLACEMENT_3D ( 'NONE', #4271, #1543, #5414 ) ;
#6846 = CIRCLE ( 'NONE', #1781, 3.093108195208626121 ) ;
#6847 = EDGE_LOOP ( 'NONE', ( #3198, #11561, #8931, #2769 ) ) ;
#6848 = CARTESIAN_POINT ( 'NONE',  ( -14.47175039158921273, 117.0000000000000000, 371.2683589063772160 ) ) ;
#6849 = DIRECTION ( 'NONE',  ( -0.000000000000000000, -1.000000000000000000, 0.000000000000000000 ) ) ;
#6850 = DIRECTION ( 'NONE',  ( 1.217029536772293280E-16, -1.000000000000000000, 0.000000000000000000 ) ) ;
#6851 = CARTESIAN_POINT ( 'NONE',  ( 101.4756535940665430, 570.1386715929563707, 350.9519385559528928 ) ) ;
#6852 = VECTOR ( 'NONE', #202, 1000.000000000000000 ) ;
#6853 = MANIFOLD_SOLID_BREP ( 'Kes-Ekstrüzyon10', #252 ) ;
#6854 = DIRECTION ( 'NONE',  ( 0.000000000000000000, 0.000000000000000000, -1.000000000000000000 ) ) ;
#6855 = ORIENTED_EDGE ( 'NONE', *, *, #10356, .F. ) ;
#6856 = CARTESIAN_POINT ( 'NONE',  ( 132.0792540082315156, 550.1499999999997499, 343.8142052428237889 ) ) ;
#6857 = CIRCLE ( 'NONE', #12330, 25.44093595064286717 ) ;
#6858 = DIRECTION ( 'NONE',  ( -0.000000000000000000, -1.000000000000000000, 0.000000000000000000 ) ) ;
#6859 = AXIS2_PLACEMENT_3D ( 'NONE', #11973, #8167, #12356 ) ;
#6860 = CARTESIAN_POINT ( 'NONE',  ( 63.22710656346757219, 399.4793948433174933, 380.2512782686993660 ) ) ;
#6861 = FACE_OUTER_BOUND ( 'NONE', #10607, .T. ) ;
#6862 = ADVANCED_FACE ( 'NONE', ( #3194 ), #1904, .T. ) ;
#6863 = EDGE_LOOP ( 'NONE', ( #3407, #9584, #5021, #7676 ) ) ;
#6864 = EDGE_LOOP ( 'NONE', ( #2425, #8822, #2045, #8813 ) ) ;
#6865 = AXIS2_PLACEMENT_3D ( 'NONE', #11426, #5457, #5520 ) ;
#6866 = SPHERICAL_SURFACE ( 'NONE', #372, 5.000000000000000000 ) ;
#6867 = ORIENTED_EDGE ( 'NONE', *, *, #3152, .F. ) ;
#6868 = EDGE_CURVE ( 'NONE', #10073, #6343, #8287, .T. ) ;
#6869 = EDGE_LOOP ( 'NONE', ( #2308, #9332, #9530, #10100 ) ) ;
#6870 = ADVANCED_FACE ( 'NONE', ( #4592 ), #11265, .F. ) ;
#6871 = EDGE_CURVE ( 'NONE', #9617, #10673, #7186, .T. ) ;
#6872 = LINE ( 'NONE', #2877, #1980 ) ;
#6873 = ORIENTED_EDGE ( 'NONE', *, *, #8912, .T. ) ;
#6874 = DIRECTION ( 'NONE',  ( -0.7851241134539720390, 0.000000000000000000, -0.6193384587389308971 ) ) ;
#6875 = EDGE_CURVE ( 'NONE', #1418, #9139, #3736, .T. ) ;
#6876 = CARTESIAN_POINT ( 'NONE',  ( 148.0061200503010070, 120.0000000000000000, 351.4274360680452673 ) ) ;
#6877 = VERTEX_POINT ( 'NONE', #6499 ) ;
#6878 = PLANE ( 'NONE',  #3258 ) ;
#6879 = CARTESIAN_POINT ( 'NONE',  ( -188.2953079537568328, 549.8301664869162551, 272.5501348575774614 ) ) ;
#6880 = ORIENTED_EDGE ( 'NONE', *, *, #6168, .F. ) ;
#6881 = AXIS2_PLACEMENT_3D ( 'NONE', #4237, #3417, #1321 ) ;
#6882 = FACE_OUTER_BOUND ( 'NONE', #6144, .T. ) ;
#6883 = VERTEX_POINT ( 'NONE', #7271 ) ;
#6884 = PLANE ( 'NONE',  #11615 ) ;
#6885 = DIRECTION ( 'NONE',  ( 0.000000000000000000, 1.000000000000000000, -0.000000000000000000 ) ) ;
#6886 = ORIENTED_EDGE ( 'NONE', *, *, #9630, .F. ) ;
#6887 = DIRECTION ( 'NONE',  ( -0.000000000000000000, -0.08715574274765820750, 0.9961946980917455452 ) ) ;
#6888 = EDGE_CURVE ( 'NONE', #5698, #12235, #11137, .T. ) ;
#6889 = FACE_OUTER_BOUND ( 'NONE', #3115, .T. ) ;
#6890 = CARTESIAN_POINT ( 'NONE',  ( 132.3286688073715993, 355.0000000000001137, 343.4980266327372078 ) ) ;
#6891 = VECTOR ( 'NONE', #3957, 1000.000000000000227 ) ;
#6892 = DIRECTION ( 'NONE',  ( 0.000000000000000000, 0.000000000000000000, -1.000000000000000000 ) ) ;
#6893 = ADVANCED_FACE ( 'NONE', ( #5482 ), #10616, .T. ) ;
#6894 = DIRECTION ( 'NONE',  ( -1.000000000000000000, 0.000000000000000000, 0.000000000000000000 ) ) ;
#6895 = ORIENTED_EDGE ( 'NONE', *, *, #3361, .T. ) ;
#6896 = CARTESIAN_POINT ( 'NONE',  ( 176.3135992134150740, 385.0000000000000000, 313.8540661615337513 ) ) ;
#6897 = EDGE_CURVE ( 'NONE', #2931, #7379, #8588, .T. ) ;
#6898 = CARTESIAN_POINT ( 'NONE',  ( 169.9999999999999432, 570.1499999999997499, 30.00000000000002842 ) ) ;
#6899 = CARTESIAN_POINT ( 'NONE',  ( 196.4272316851147764, 494.0199999999996976, 270.7210498930033964 ) ) ;
#6900 = CARTESIAN_POINT ( 'NONE',  ( -154.2515135521921366, 340.0000000000000568, 330.3616313646529079 ) ) ;
#6901 = DIRECTION ( 'NONE',  ( 1.000000000000000000, 0.000000000000000000, 0.000000000000000000 ) ) ;
#6902 = DIRECTION ( 'NONE',  ( -0.000000000000000000, 0.000000000000000000, -1.000000000000000000 ) ) ;
#6903 = DIRECTION ( 'NONE',  ( 0.000000000000000000, 0.000000000000000000, -1.000000000000000000 ) ) ;
#6904 = CARTESIAN_POINT ( 'NONE',  ( -171.6157891360268195, 120.0000000000000000, 290.9472914527384546 ) ) ;
#6905 = AXIS2_PLACEMENT_3D ( 'NONE', #9487, #9549, #5607 ) ;
#6906 = AXIS2_PLACEMENT_3D ( 'NONE', #9478, #4461, #7577 ) ;
#6907 = DATE_AND_TIME ( #1193, #9512 ) ;
#6908 = ORIENTED_EDGE ( 'NONE', *, *, #9621, .F. ) ;
#6909 = EDGE_CURVE ( 'NONE', #11934, #1667, #11332, .T. ) ;
#6910 = PLANE ( 'NONE',  #4896 ) ;
#6911 = LINE ( 'NONE', #11614, #4987 ) ;
#6912 = LINE ( 'NONE', #2146, #11154 ) ;
#6913 = CARTESIAN_POINT ( 'NONE',  ( -174.9943130982813955, 117.0000000000000000, 369.2830108560940516 ) ) ;
#6914 = CARTESIAN_POINT ( 'NONE',  ( -188.7416663421355167, 370.0000000000001137, 264.9967481272447571 ) ) ;
#6915 = ORIENTED_EDGE ( 'NONE', *, *, #509, .T. ) ;
#6916 = FACE_OUTER_BOUND ( 'NONE', #1979, .T. ) ;
#6917 = AXIS2_PLACEMENT_3D ( 'NONE', #140, #5969, #4069 ) ;
#6918 = DIRECTION ( 'NONE',  ( 0.000000000000000000, 0.000000000000000000, 1.000000000000000000 ) ) ;
#6919 = DIRECTION ( 'NONE',  ( 0.000000000000000000, -0.08715574274765820750, 0.9961946980917455452 ) ) ;
#6920 = DIRECTION ( 'NONE',  ( 0.7625037589850115483, 0.2383113124287892515, -0.6014945850979835917 ) ) ;
#6921 = ORIENTED_EDGE ( 'NONE', *, *, #4459, .T. ) ;
#6922 = ORIENTED_EDGE ( 'NONE', *, *, #6421, .F. ) ;
#6923 = CARTESIAN_POINT ( 'NONE',  ( 116.3767717391520620, 377.5518242583233359, 351.4274360680452105 ) ) ;
#6924 = ORIENTED_EDGE ( 'NONE', *, *, #7278, .T. ) ;
#6925 = AXIS2_PLACEMENT_3D ( 'NONE', #9165, #4534, #6249 ) ;
#6926 = EDGE_LOOP ( 'NONE', ( #11383, #9926, #12183, #9228 ) ) ;
#6927 = EDGE_CURVE ( 'NONE', #2289, #3504, #2701, .T. ) ;
#6928 = CARTESIAN_POINT ( 'NONE',  ( -139.9999999999999147, -585.1500000000002046, 400.0000000000000000 ) ) ;
#6929 = EDGE_LOOP ( 'NONE', ( #5132, #625, #2469, #10928 ) ) ;
#6930 = CARTESIAN_POINT ( 'NONE',  ( -70.18354552143789249, 117.0000000000000000, 383.8903845222603195 ) ) ;
#6931 = EDGE_CURVE ( 'NONE', #731, #12243, #537, .T. ) ;
#6932 = CARTESIAN_POINT ( 'NONE',  ( 192.5135484908170440, 550.1499999999997499, 275.2758781312026031 ) ) ;
#6933 = CARTESIAN_POINT ( 'NONE',  ( -164.6850016612866909, 555.1982256809940282, 342.2792099597633069 ) ) ;
#6934 = DIRECTION ( 'NONE',  ( 0.000000000000000000, 0.000000000000000000, -1.000000000000000000 ) ) ;
#6935 = EDGE_CURVE ( 'NONE', #10871, #4696, #11198, .T. ) ;
#6936 = ORIENTED_EDGE ( 'NONE', *, *, #2125, .T. ) ;
#6937 = CARTESIAN_POINT ( 'NONE',  ( -131.5879672915080505, 90.00000000000000000, 334.1202411419354803 ) ) ;
#6938 = EDGE_LOOP ( 'NONE', ( #4103, #5299, #5360, #5772 ) ) ;
#6939 = ADVANCED_FACE ( 'NONE', ( #6752 ), #10558, .F. ) ;
#6940 = PLANE ( 'NONE',  #9793 ) ;
#6941 = CARTESIAN_POINT ( 'NONE',  ( -59.20020431027140262, 355.0000000000000568, 385.9443499868727372 ) ) ;
#6942 = ORIENTED_EDGE ( 'NONE', *, *, #7768, .T. ) ;
#6943 = CARTESIAN_POINT ( 'NONE',  ( -35.27504519909465586, 412.9811648176871017, 380.4439605203514247 ) ) ;
#6944 = CARTESIAN_POINT ( 'NONE',  ( 196.2295792432506971, 539.1499999999995225, 270.5651334504786405 ) ) ;
#6945 = LINE ( 'NONE', #3436, #8006 ) ;
#6946 = VERTEX_POINT ( 'NONE', #5674 ) ;
#6947 = CLOSED_SHELL ( 'NONE', ( #11068, #10206, #5553, #70, #9503, #6510, #12144, #10611, #8672, #8357, #10330, #4364, #2047, #1118 ) ) ;
#6948 = FACE_OUTER_BOUND ( 'NONE', #4880, .T. ) ;
#6949 = FACE_OUTER_BOUND ( 'NONE', #1461, .T. ) ;
#6950 = VERTEX_POINT ( 'NONE', #4903 ) ;
#6951 = DIRECTION ( 'NONE',  ( 0.6193384587389385576, 0.000000000000000000, 0.7851241134539660438 ) ) ;
#6952 = ORIENTED_EDGE ( 'NONE', *, *, #11752, .F. ) ;
#6953 = EDGE_CURVE ( 'NONE', #11312, #3620, #10617, .T. ) ;
#6954 = CARTESIAN_POINT ( 'NONE',  ( 187.5735931288071185, 570.1499999999997499, 12.42640687119287257 ) ) ;
#6955 = AXIS2_PLACEMENT_3D ( 'NONE', #5054, #9637, #3794 ) ;
#6956 = EDGE_CURVE ( 'NONE', #3620, #8950, #7993, .T. ) ;
#6957 = CARTESIAN_POINT ( 'NONE',  ( 0.000000000000000000, -570.1500000000002046, 0.000000000000000000 ) ) ;
#6958 = DIRECTION ( 'NONE',  ( -0.7851241134539720390, -0.000000000000000000, -0.6193384587389310081 ) ) ;
#6959 = DIRECTION ( 'NONE',  ( -0.6193384587389315632, 0.000000000000000000, -0.7851241134539715949 ) ) ;
#6960 = FACE_OUTER_BOUND ( 'NONE', #3363, .T. ) ;
#6961 = DIRECTION ( 'NONE',  ( 0.1924154613586765150, -0.9711530084039703414, -0.1408478771513629324 ) ) ;
#6962 = FACE_OUTER_BOUND ( 'NONE', #8092, .T. ) ;
#6963 = AXIS2_PLACEMENT_3D ( 'NONE', #11213, #2522, #10263 ) ;
#6964 = ORIENTED_EDGE ( 'NONE', *, *, #12531, .T. ) ;
#6965 = LINE ( 'NONE', #7867, #10795 ) ;
#6966 = CYLINDRICAL_SURFACE ( 'NONE', #6620, 5.000000000000004441 ) ;
#6967 = CARTESIAN_POINT ( 'NONE',  ( 181.8450832321779558, 420.0000000000000000, 295.7635224797913338 ) ) ;
#6968 = CARTESIAN_POINT ( 'NONE',  ( 195.7024822690793826, 340.0000000000000568, 263.1601945342233648 ) ) ;
#6969 = LINE ( 'NONE', #6013, #4568 ) ;
#6970 = ORIENTED_EDGE ( 'NONE', *, *, #7498, .F. ) ;
#6971 = VECTOR ( 'NONE', #3516, 1000.000000000000000 ) ;
#6972 = DIRECTION ( 'NONE',  ( 0.000000000000000000, 0.8555234017384714118, 0.5177641442566626173 ) ) ;
#6973 = DIRECTION ( 'NONE',  ( -0.000000000000000000, -1.000000000000000000, -0.000000000000000000 ) ) ;
#6974 = EDGE_CURVE ( 'NONE', #9440, #1811, #916, .T. ) ;
#6975 = CARTESIAN_POINT ( 'NONE',  ( -160.4756791123230641, 340.0000000000000568, 277.1269687302915372 ) ) ;
#6976 = EDGE_CURVE ( 'NONE', #10254, #12408, #5564, .T. ) ;
#6977 = CARTESIAN_POINT ( 'NONE',  ( -111.3767717391519767, 442.6530411536431302, 392.5570525041796373 ) ) ;
#6978 = VERTEX_POINT ( 'NONE', #1867 ) ;
#6979 = ORIENTED_EDGE ( 'NONE', *, *, #11873, .F. ) ;
#6980 = CARTESIAN_POINT ( 'NONE',  ( -196.6118558990222880, 554.3164531829737598, 303.7842952859515435 ) ) ;
#6981 = ORIENTED_EDGE ( 'NONE', *, *, #4844, .F. ) ;
#6982 = ORIENTED_EDGE ( 'NONE', *, *, #10006, .T. ) ;
#6983 = ADVANCED_FACE ( 'NONE', ( #4845 ), #7644, .F. ) ;
#6984 = EDGE_CURVE ( 'NONE', #10513, #12451, #4721, .T. ) ;
#6985 = VECTOR ( 'NONE', #8909, 1000.000000000000000 ) ;
#6986 = DIRECTION ( 'NONE',  ( 0.000000000000000000, 0.000000000000000000, -1.000000000000000000 ) ) ;
#6987 = EDGE_LOOP ( 'NONE', ( #12245, #11116, #3077, #6210, #12117, #9922 ) ) ;
#6988 = CARTESIAN_POINT ( 'NONE',  ( -210.1727475108572207, 541.1528421634467350, 281.3779950773095493 ) ) ;
#6989 = LINE ( 'NONE', #8895, #11694 ) ;
#6990 = AXIS2_PLACEMENT_3D ( 'NONE', #3643, #2507, #792 ) ;
#6991 = LINE ( 'NONE', #3059, #8744 ) ;
#6992 = LINE ( 'NONE', #12006, #10949 ) ;
#6993 = CIRCLE ( 'NONE', #12473, 7.564999999999988844 ) ;
#6994 = VERTEX_POINT ( 'NONE', #2881 ) ;
#6995 = DIRECTION ( 'NONE',  ( -0.7863899488082339850, 0.000000000000000000, 0.6177304010758924990 ) ) ;
#6996 = ORIENTED_EDGE ( 'NONE', *, *, #1112, .T. ) ;
#6997 = ORIENTED_EDGE ( 'NONE', *, *, #10690, .T. ) ;
#6998 = DIRECTION ( 'NONE',  ( 1.000000000000000000, 0.000000000000000000, 0.000000000000000000 ) ) ;
#6999 = CARTESIAN_POINT ( 'NONE',  ( -66.20020431027140262, 349.0481541527283866, 356.7522560851938351 ) ) ;
#7000 = ORIENTED_EDGE ( 'NONE', *, *, #1235, .T. ) ;
#7001 = DIRECTION ( 'NONE',  ( 0.000000000000000000, 1.000000000000000000, 0.000000000000000000 ) ) ;
#7002 = VECTOR ( 'NONE', #10211, 1000.000000000000000 ) ;
#7003 = CARTESIAN_POINT ( 'NONE',  ( -66.20020431027140262, 350.3307626208624015, 376.8913562029470654 ) ) ;
#7004 = LINE ( 'NONE', #7964, #297 ) ;
#7005 = VERTEX_POINT ( 'NONE', #6631 ) ;
#7006 = AXIS2_PLACEMENT_3D ( 'NONE', #1845, #7868, #10595 ) ;
#7007 = CARTESIAN_POINT ( 'NONE',  ( 75.98068771900983620, 250.5465176981282980, 282.1382497793130710 ) ) ;
#7008 = LINE ( 'NONE', #2957, #9287 ) ;
#7009 = CIRCLE ( 'NONE', #9037, 1.463400710226769874 ) ;
#7010 = EDGE_LOOP ( 'NONE', ( #7943, #4703, #9695, #9261, #10011 ) ) ;
#7011 = DIRECTION ( 'NONE',  ( 0.000000000000000000, -0.000000000000000000, 1.000000000000000000 ) ) ;
#7012 = ORIENTED_EDGE ( 'NONE', *, *, #1560, .F. ) ;
#7013 = EDGE_CURVE ( 'NONE', #10325, #756, #7767, .T. ) ;
#7014 = DIRECTION ( 'NONE',  ( 0.000000000000000000, -0.08715574274765820750, 0.9961946980917455452 ) ) ;
#7015 = ORIENTED_EDGE ( 'NONE', *, *, #9432, .T. ) ;
#7016 = EDGE_CURVE ( 'NONE', #395, #9134, #9200, .T. ) ;
#7017 = ADVANCED_FACE ( 'NONE', ( #11455 ), #12522, .F. ) ;
#7018 = CARTESIAN_POINT ( 'NONE',  ( -34.66097668948536636, 420.0000000000000000, 0.000000000000000000 ) ) ;
#7019 = VECTOR ( 'NONE', #9884, 1000.000000000000000 ) ;
#7020 = CARTESIAN_POINT ( 'NONE',  ( 3.189895129455996269E-14, 580.1499999999997499, 266.2442605493605470 ) ) ;
#7021 = DIRECTION ( 'NONE',  ( 0.000000000000000000, 0.000000000000000000, 1.000000000000000000 ) ) ;
#7022 = CYLINDRICAL_SURFACE ( 'NONE', #1145, 20.00000000000002487 ) ;
#7023 = EDGE_LOOP ( 'NONE', ( #7193, #10701, #1892, #7744, #8853, #10025, #7462, #12434 ) ) ;
#7024 = ADVANCED_FACE ( 'NONE', ( #1990 ), #11636, .F. ) ;
#7025 = CARTESIAN_POINT ( 'NONE',  ( 171.6157891360269332, 117.0000000000000000, 349.9640353578184886 ) ) ;
#7026 = FACE_OUTER_BOUND ( 'NONE', #6655, .T. ) ;
#7027 = CIRCLE ( 'NONE', #6005, 10.00000000000000888 ) ;
#7028 = ORIENTED_EDGE ( 'NONE', *, *, #4454, .F. ) ;
#7029 = FACE_OUTER_BOUND ( 'NONE', #10733, .T. ) ;
#7030 = AXIS2_PLACEMENT_3D ( 'NONE', #4179, #10971, #2034 ) ;
#7031 = CARTESIAN_POINT ( 'NONE',  ( 111.3767717391520620, 442.6530411536430165, 401.4274360680452105 ) ) ;
#7032 = LINE ( 'NONE', #10781, #6295 ) ;
#7033 = LINE ( 'NONE', #2081, #7717 ) ;
#7034 = CARTESIAN_POINT ( 'NONE',  ( 176.3135992134150740, 380.0000000000000000, 318.3040661615337967 ) ) ;
#7035 = VERTEX_POINT ( 'NONE', #7584 ) ;
#7036 = CARTESIAN_POINT ( 'NONE',  ( 188.7538232997221428, 357.5000000000000000, 303.6097127950929462 ) ) ;
#7037 = CARTESIAN_POINT ( 'NONE',  ( 169.9999999999999432, 570.1499999999997499, 30.00000000000002842 ) ) ;
#7038 = EDGE_CURVE ( 'NONE', #490, #1481, #2762, .T. ) ;
#7039 = DIRECTION ( 'NONE',  ( 0.000000000000000000, -0.000000000000000000, 1.000000000000000000 ) ) ;
#7040 = AXIS2_PLACEMENT_3D ( 'NONE', #7996, #11680, #4113 ) ;
#7041 = AXIS2_PLACEMENT_3D ( 'NONE', #2994, #72, #7825 ) ;
#7042 = DIRECTION ( 'NONE',  ( 0.000000000000000000, 0.000000000000000000, 1.000000000000000000 ) ) ;
#7043 = AXIS2_PLACEMENT_3D ( 'NONE', #4116, #10911, #11863 ) ;
#7044 = ORIENTED_EDGE ( 'NONE', *, *, #797, .F. ) ;
#7045 = ORIENTED_EDGE ( 'NONE', *, *, #7900, .F. ) ;
#7046 = CARTESIAN_POINT ( 'NONE',  ( 66.12448390330172288, 355.0000000000000000, 385.9443499868726803 ) ) ;
#7047 = VERTEX_POINT ( 'NONE', #8604 ) ;
#7048 = VECTOR ( 'NONE', #1490, 1000.000000000000000 ) ;
#7049 = EDGE_LOOP ( 'NONE', ( #7882, #7953, #7480, #2753 ) ) ;
#7050 = EDGE_CURVE ( 'NONE', #1916, #10694, #12461, .T. ) ;
#7051 = ADVANCED_FACE ( 'NONE', ( #36 ), #10449, .F. ) ;
#7052 = AXIS2_PLACEMENT_3D ( 'NONE', #4416, #9232, #2517 ) ;
#7053 = CARTESIAN_POINT ( 'NONE',  ( 215.8576820795999538, 539.1499999999995225, 286.0485949189519488 ) ) ;
#7054 = AXIS2_PLACEMENT_3D ( 'NONE', #9752, #12539, #7726 ) ;
#7055 = VERTEX_POINT ( 'NONE', #9747 ) ;
#7056 = CARTESIAN_POINT ( 'NONE',  ( -209.4030102386590784, 542.8062084915454761, 283.0088384587123187 ) ) ;
#7057 = FACE_OUTER_BOUND ( 'NONE', #9835, .T. ) ;
#7058 = AXIS2_PLACEMENT_3D ( 'NONE', #6673, #10409, #7556 ) ;
#7059 = CARTESIAN_POINT ( 'NONE',  ( -191.8873057370085178, 117.0000000000000000, 332.2694703950617168 ) ) ;
#7060 = LINE ( 'NONE', #3798, #7923 ) ;
#7061 = ORIENTED_EDGE ( 'NONE', *, *, #3626, .T. ) ;
#7062 = LINE ( 'NONE', #2107, #781 ) ;
#7063 = ORIENTED_EDGE ( 'NONE', *, *, #8317, .F. ) ;
#7064 = EDGE_LOOP ( 'NONE', ( #9461, #8992, #3166, #9552 ) ) ;
#7065 = ADVANCED_FACE ( 'NONE', ( #6823 ), #7723, .T. ) ;
#7066 = ADVANCED_FACE ( 'NONE', ( #1818 ), #9619, .F. ) ;
#7067 = DIRECTION ( 'NONE',  ( -0.6159316213005269214, 0.000000000000000000, 0.7877996178484122369 ) ) ;
#7068 = CARTESIAN_POINT ( 'NONE',  ( 41.46524257959476500, 365.0000000000000000, 363.3737440440420414 ) ) ;
#7069 = ORIENTED_EDGE ( 'NONE', *, *, #200, .T. ) ;
#7070 = CARTESIAN_POINT ( 'NONE',  ( -14.47175039158921273, 120.0000000000000000, 371.2683589063772160 ) ) ;
#7071 = DIRECTION ( 'NONE',  ( -0.000000000000000000, 1.000000000000000000, -0.000000000000000000 ) ) ;
#7072 = DIRECTION ( 'NONE',  ( 0.000000000000000000, -1.000000000000000000, 0.000000000000000000 ) ) ;
#7073 = VERTEX_POINT ( 'NONE', #2894 ) ;
#7074 = CARTESIAN_POINT ( 'NONE',  ( -189.6281028363495125, 545.1499999999996362, 278.9337051713582696 ) ) ;
#7075 = CARTESIAN_POINT ( 'NONE',  ( -85.25519111156204133, 315.0000000000000568, 85.25519111159641739 ) ) ;
#7076 = ORIENTED_EDGE ( 'NONE', *, *, #9449, .T. ) ;
#7077 = DIRECTION ( 'NONE',  ( 0.7071067811868104735, -0.000000000000000000, -0.7071067811862846719 ) ) ;
#7078 = VECTOR ( 'NONE', #8550, 1000.000000000000000 ) ;
#7079 = VERTEX_POINT ( 'NONE', #8556 ) ;
#7080 = CIRCLE ( 'NONE', #10728, 5.249904202499100947 ) ;
#7081 = CARTESIAN_POINT ( 'NONE',  ( -127.9254136594540086, 388.3773415536173843, 314.8715443206562554 ) ) ;
#7082 = ORIENTED_EDGE ( 'NONE', *, *, #7423, .F. ) ;
#7083 = CARTESIAN_POINT ( 'NONE',  ( -14.47175039158921273, 117.0000000000000000, 370.0487020943512562 ) ) ;
#7084 = LINE ( 'NONE', #5244, #3362 ) ;
#7085 = B_SPLINE_CURVE_WITH_KNOTS ( 'NONE', 3,
 ( #5342, #1413, #1347, #10108 ),
 .UNSPECIFIED., .F., .F.,
 ( 4, 4 ),
 ( 0.000000000000000000, 1.000000000000000000 ),
 .UNSPECIFIED. ) ;
#7086 = DIRECTION ( 'NONE',  ( 0.000000000000000000, 0.000000000000000000, 1.000000000000000000 ) ) ;
#7087 = CARTESIAN_POINT ( 'NONE',  ( 70.18354552143799197, 120.0000000000000000, 369.2830108560941085 ) ) ;
#7088 = VERTEX_POINT ( 'NONE', #88 ) ;
#7089 = EDGE_CURVE ( 'NONE', #11011, #6698, #7780, .T. ) ;
#7090 = CARTESIAN_POINT ( 'NONE',  ( 190.7868687004566937, 117.0000000000000000, 332.2694703950618873 ) ) ;
#7091 = ORIENTED_EDGE ( 'NONE', *, *, #10123, .T. ) ;
#7092 = EDGE_CURVE ( 'NONE', #11916, #5071, #3718, .T. ) ;
#7093 = VERTEX_POINT ( 'NONE', #6764 ) ;
#7094 = UNCERTAINTY_MEASURE_WITH_UNIT (LENGTH_MEASURE( 1.000000000000000082E-05 ), #636, 'distance_accuracy_value', 'NONE');
#7095 = DIRECTION ( 'NONE',  ( -0.000000000000000000, 1.000000000000000000, -0.000000000000000000 ) ) ;
#7096 = CARTESIAN_POINT ( 'NONE',  ( -139.1015668691960911, 550.1499999999997499, 342.9852769692487868 ) ) ;
#7097 = EDGE_CURVE ( 'NONE', #2344, #11256, #10516, .T. ) ;
#7098 = VECTOR ( 'NONE', #9955, 1000.000000000000000 ) ;
#7099 = CARTESIAN_POINT ( 'NONE',  ( -132.3286688073715993, 340.0000000000000568, 343.4980266327372078 ) ) ;
#7100 = LINE ( 'NONE', #4941, #7098 ) ;
#7101 = DIRECTION ( 'NONE',  ( 0.000000000000000000, 0.000000000000000000, -1.000000000000000000 ) ) ;
#7102 = ORIENTED_EDGE ( 'NONE', *, *, #5460, .T. ) ;
#7103 = FACE_OUTER_BOUND ( 'NONE', #6392, .T. ) ;
#7104 = DIRECTION ( 'NONE',  ( -0.000000000000000000, 1.000000000000000000, -0.000000000000000000 ) ) ;
#7105 = CARTESIAN_POINT ( 'NONE',  ( -151.8249679581558098, 117.0000000000000000, 382.1878655542434444 ) ) ;
#7106 = CARTESIAN_POINT ( 'NONE',  ( -111.4464948675895073, 120.0000000000000000, 370.0487020943512562 ) ) ;
#7107 = AXIS2_PLACEMENT_3D ( 'NONE', #4470, #3768, #11334 ) ;
#7108 = ORIENTED_EDGE ( 'NONE', *, *, #8695, .T. ) ;
#7109 = ORIENTED_EDGE ( 'NONE', *, *, #944, .F. ) ;
#7110 = ORIENTED_EDGE ( 'NONE', *, *, #7468, .F. ) ;
#7111 = DIRECTION ( 'NONE',  ( 0.000000000000000000, -0.000000000000000000, 1.000000000000000000 ) ) ;
#7112 = VERTEX_POINT ( 'NONE', #7596 ) ;
#7113 = EDGE_CURVE ( 'NONE', #6442, #4055, #2315, .T. ) ;
#7114 = VERTEX_POINT ( 'NONE', #1878 ) ;
#7115 = LINE ( 'NONE', #12063, #1129 ) ;
#7116 = ADVANCED_FACE ( 'NONE', ( #11650 ), #8674, .T. ) ;
#7117 = LINE ( 'NONE', #5210, #5825 ) ;
#7118 = VERTEX_POINT ( 'NONE', #12412 ) ;
#7119 = EDGE_CURVE ( 'NONE', #7773, #191, #2005, .T. ) ;
#7120 = FACE_OUTER_BOUND ( 'NONE', #9102, .T. ) ;
#7121 = CARTESIAN_POINT ( 'NONE',  ( -59.26671879462830361, 385.0000000000000000, 0.000000000000000000 ) ) ;
#7122 = FACE_OUTER_BOUND ( 'NONE', #11820, .T. ) ;
#7123 = CARTESIAN_POINT ( 'NONE',  ( -192.3107497753186408, 547.6838681174999692, 267.4598322035182036 ) ) ;
#7124 = VECTOR ( 'NONE', #5318, 1000.000000000000000 ) ;
#7125 = AXIS2_PLACEMENT_3D ( 'NONE', #6977, #1146, #2157 ) ;
#7126 = EDGE_LOOP ( 'NONE', ( #4093, #6129, #4561, #10323 ) ) ;
#7127 = PRODUCT_DEFINITION ( 'BÝLÝNMEYEN', '', #4029, #10654 ) ;
#7128 = DIRECTION ( 'NONE',  ( 0.000000000000000000, 1.000000000000000000, 0.000000000000000000 ) ) ;
#7129 = ORIENTED_EDGE ( 'NONE', *, *, #1749, .T. ) ;
#7130 = EDGE_LOOP ( 'NONE', ( #9495, #9392, #2221, #5765, #9957, #316 ) ) ;
#7131 = CARTESIAN_POINT ( 'NONE',  ( -79.26671879462830361, 368.7211259633094187, 370.8125090381868745 ) ) ;
#7132 = CARTESIAN_POINT ( 'NONE',  ( -116.3767717391519767, 666.0000000000001137, 331.4274360680452105 ) ) ;
#7133 = ORIENTED_EDGE ( 'NONE', *, *, #9824, .F. ) ;
#7134 = LINE ( 'NONE', #8967, #6170 ) ;
#7135 = DIRECTION ( 'NONE',  ( 0.2571383543738345878, 0.9448466723902517739, 0.2028413971135687721 ) ) ;
#7136 = VECTOR ( 'NONE', #9754, 1000.000000000000000 ) ;
#7137 = ORIENTED_EDGE ( 'NONE', *, *, #10590, .F. ) ;
#7138 = DIRECTION ( 'NONE',  ( 0.000000000000000000, -1.000000000000000000, 0.000000000000000000 ) ) ;
#7139 = EDGE_CURVE ( 'NONE', #9168, #11648, #2712, .T. ) ;
#7140 = CARTESIAN_POINT ( 'NONE',  ( -195.7024822690796668, 540.1499999999996362, 263.1601945342234217 ) ) ;
#7141 = ADVANCED_FACE ( 'NONE', ( #808 ), #1756, .F. ) ;
#7142 = EDGE_LOOP ( 'NONE', ( #67, #3948, #9420, #2077, #7434, #3493, #3824 ) ) ;
#7143 = DIRECTION ( 'NONE',  ( 0.6193384587389385576, 0.000000000000000000, 0.7851241134539660438 ) ) ;
#7144 = ORIENTED_EDGE ( 'NONE', *, *, #827, .T. ) ;
#7145 = CARTESIAN_POINT ( 'NONE',  ( -74.95297405475031383, 370.0000000000000000, 370.8061429881302047 ) ) ;
#7146 = VERTEX_POINT ( 'NONE', #6574 ) ;
#7147 = EDGE_CURVE ( 'NONE', #5207, #1114, #7657, .T. ) ;
#7148 = DIRECTION ( 'NONE',  ( -0.000000000000000000, -1.000000000000000000, 0.000000000000000000 ) ) ;
#7149 = DIRECTION ( 'NONE',  ( -1.000000000000000000, 0.000000000000000000, 0.000000000000000000 ) ) ;
#7150 = DIRECTION ( 'NONE',  ( 0.000000000000000000, 0.000000000000000000, -1.000000000000000000 ) ) ;
#7151 = DIRECTION ( 'NONE',  ( 1.000000000000000000, 0.000000000000000000, 0.000000000000000000 ) ) ;
#7152 = VERTEX_POINT ( 'NONE', #9497 ) ;
#7153 = DIRECTION ( 'NONE',  ( 1.000000000000000000, 0.000000000000000000, 0.000000000000000000 ) ) ;
#7154 = AXIS2_PLACEMENT_3D ( 'NONE', #6446, #5684, #1874 ) ;
#7155 = ORIENTED_EDGE ( 'NONE', *, *, #2490, .F. ) ;
#7156 = VERTEX_POINT ( 'NONE', #2779 ) ;
#7157 = AXIS2_PLACEMENT_3D ( 'NONE', #3855, #4993, #10647 ) ;
#7158 = FACE_OUTER_BOUND ( 'NONE', #12009, .T. ) ;
#7159 = CARTESIAN_POINT ( 'NONE',  ( 164.4238225416456203, 215.0000000000000284, 275.4109746108541117 ) ) ;
#7160 = EDGE_CURVE ( 'NONE', #7364, #2892, #2839, .T. ) ;
#7161 = CARTESIAN_POINT ( 'NONE',  ( -171.6296037350519157, 370.0000000000001137, 271.3825464570583108 ) ) ;
#7162 = DIRECTION ( 'NONE',  ( -0.7863899488082344291, 0.000000000000000000, 0.6177304010758921660 ) ) ;
#7163 = LINE ( 'NONE', #9060, #8431 ) ;
#7164 = ORIENTED_EDGE ( 'NONE', *, *, #6176, .F. ) ;
#7165 = CARTESIAN_POINT ( 'NONE',  ( -174.9943130982813955, 120.0000000000000000, 368.2120121559648851 ) ) ;
#7166 = EDGE_CURVE ( 'NONE', #8780, #11173, #5954, .T. ) ;
#7167 = CARTESIAN_POINT ( 'NONE',  ( -200.0000000000000284, 570.1499999999997499, 30.00000000000002842 ) ) ;
#7168 = FACE_OUTER_BOUND ( 'NONE', #11175, .T. ) ;
#7169 = LINE ( 'NONE', #7237, #4607 ) ;
#7170 = EDGE_LOOP ( 'NONE', ( #11057, #1041, #1585, #6342 ) ) ;
#7171 = VERTEX_POINT ( 'NONE', #9032 ) ;
#7172 = ORIENTED_EDGE ( 'NONE', *, *, #4648, .T. ) ;
#7173 = EDGE_CURVE ( 'NONE', #7610, #10455, #2103, .T. ) ;
#7174 = DIRECTION ( 'NONE',  ( -0.000000000000000000, 1.000000000000000000, 0.000000000000000000 ) ) ;
#7175 = EDGE_LOOP ( 'NONE', ( #11691, #9968, #6762, #11108 ) ) ;
#7176 = ORIENTED_EDGE ( 'NONE', *, *, #5377, .T. ) ;
#7177 = VECTOR ( 'NONE', #11003, 1000.000000000000114 ) ;
#7178 = EDGE_CURVE ( 'NONE', #424, #11737, #12048, .T. ) ;
#7179 = DIRECTION ( 'NONE',  ( 0.000000000000000000, 0.000000000000000000, 1.000000000000000000 ) ) ;
#7180 = DIRECTION ( 'NONE',  ( 0.000000000000000000, 0.000000000000000000, 1.000000000000000000 ) ) ;
#7181 = ORIENTED_EDGE ( 'NONE', *, *, #10966, .T. ) ;
#7182 = ADVANCED_FACE ( 'NONE', ( #10812 ), #3125, .F. ) ;
#7183 = CARTESIAN_POINT ( 'NONE',  ( 70.18354552143794933, 117.0000000000000000, 383.8903845222603763 ) ) ;
#7184 = CARTESIAN_POINT ( 'NONE',  ( -116.3767717391519767, 442.6530411536430165, 351.4274360680452105 ) ) ;
#7185 = MANIFOLD_SOLID_BREP ( 'Yükseklik-Ekstrüzyon45[2]', #8644 ) ;
#7186 = CIRCLE ( 'NONE', #1917, 0.7656912382572045317 ) ;
#7187 = DIRECTION ( 'NONE',  ( 0.000000000000000000, 0.000000000000000000, 1.000000000000000000 ) ) ;
#7188 = FACE_OUTER_BOUND ( 'NONE', #1652, .T. ) ;
#7189 = ADVANCED_FACE ( 'NONE', ( #9096 ), #1360, .T. ) ;
#7190 = ORIENTED_EDGE ( 'NONE', *, *, #1638, .T. ) ;
#7191 = LINE ( 'NONE', #396, #3832 ) ;
#7192 = ORIENTED_EDGE ( 'NONE', *, *, #2356, .F. ) ;
#7193 = ORIENTED_EDGE ( 'NONE', *, *, #3633, .T. ) ;
#7194 = DIRECTION ( 'NONE',  ( 0.000000000000000000, 0.000000000000000000, 1.000000000000000000 ) ) ;
#7195 = DIRECTION ( 'NONE',  ( 0.000000000000000000, 0.000000000000000000, 1.000000000000000000 ) ) ;
#7196 = EDGE_LOOP ( 'NONE', ( #5100, #10576, #864, #1921 ) ) ;
#7197 = DIRECTION ( 'NONE',  ( -0.000000000000000000, 1.000000000000000000, -0.000000000000000000 ) ) ;
#7198 = EDGE_CURVE ( 'NONE', #7088, #7005, #7843, .T. ) ;
#7199 = DIRECTION ( 'NONE',  ( 0.000000000000000000, -1.000000000000000000, 0.000000000000000000 ) ) ;
#7200 = EDGE_LOOP ( 'NONE', ( #8679, #12446, #10394, #8021 ) ) ;
#7201 = CARTESIAN_POINT ( 'NONE',  ( 142.9682007555081498, 321.2188710514129752, 314.8715443206726832 ) ) ;
#7202 = CIRCLE ( 'NONE', #7606, 1.689261981127287982 ) ;
#7203 = DIRECTION ( 'NONE',  ( 0.000000000000000000, 0.000000000000000000, 1.000000000000000000 ) ) ;
#7204 = EDGE_LOOP ( 'NONE', ( #12204, #8959, #10600, #6805 ) ) ;
#7205 = VERTEX_POINT ( 'NONE', #7003 ) ;
#7206 = CARTESIAN_POINT ( 'NONE',  ( -195.5443506364432551, 554.6500890203740255, 302.9422028668143412 ) ) ;
#7207 = ORIENTED_EDGE ( 'NONE', *, *, #8545, .F. ) ;
#7208 = AXIS2_PLACEMENT_3D ( 'NONE', #9636, #6464, #10529 ) ;
#7209 = AXIS2_PLACEMENT_3D ( 'NONE', #1135, #2979, #4761 ) ;
#7210 = CARTESIAN_POINT ( 'NONE',  ( -79.26671879462830361, 377.5518242583233359, 359.0020664014754743 ) ) ;
#7211 = ORIENTED_EDGE ( 'NONE', *, *, #2120, .T. ) ;
#7212 = EDGE_CURVE ( 'NONE', #3918, #5860, #2307, .T. ) ;
#7213 = ADVANCED_FACE ( 'NONE', ( #6889 ), #6169, .F. ) ;
#7214 = VECTOR ( 'NONE', #1407, 1000.000000000000000 ) ;
#7215 = CARTESIAN_POINT ( 'NONE',  ( -188.6177971689156152, 500.3523791317441010, 290.2101922396711871 ) ) ;
#7216 = LINE ( 'NONE', #287, #11870 ) ;
#7217 = DIRECTION ( 'NONE',  ( -0.7851241134539721500, -0.000000000000000000, -0.6193384587389308971 ) ) ;
#7218 = PLANE ( 'NONE',  #9045 ) ;
#7219 = ORIENTED_EDGE ( 'NONE', *, *, #7468, .T. ) ;
#7220 = CARTESIAN_POINT ( 'NONE',  ( 174.9943130982814523, 117.0000000000000000, 369.2830108560941653 ) ) ;
#7221 = AXIS2_PLACEMENT_3D ( 'NONE', #12033, #2262, #2321 ) ;
#7222 = VERTEX_POINT ( 'NONE', #6944 ) ;
#7223 = CARTESIAN_POINT ( 'NONE',  ( -147.7652973637512730, 501.0617350700382531, 342.2792099597633069 ) ) ;
#7224 = EDGE_CURVE ( 'NONE', #2360, #12436, #209, .T. ) ;
#7225 = VECTOR ( 'NONE', #9587, 1000.000000000000114 ) ;
#7226 = ORIENTED_EDGE ( 'NONE', *, *, #3392, .F. ) ;
#7227 = CIRCLE ( 'NONE', #539, 1.705470224525384992 ) ;
#7228 = CARTESIAN_POINT ( 'NONE',  ( -185.3083443355145050, 370.0000000000001137, 266.1033846755267405 ) ) ;
#7229 = DIRECTION ( 'NONE',  ( -1.000000000000000000, -0.000000000000000000, -0.000000000000000000 ) ) ;
#7230 = CARTESIAN_POINT ( 'NONE',  ( -111.4464948675895073, 117.0000000000000000, 369.2830108560940516 ) ) ;
#7231 = CARTESIAN_POINT ( 'NONE',  ( 125.9916358788170925, 89.99999999999997158, 280.6241326817795994 ) ) ;
#7232 = CARTESIAN_POINT ( 'NONE',  ( -180.5352868563962545, 500.4878024366432783, 300.5098982625374333 ) ) ;
#7233 = ORIENTED_EDGE ( 'NONE', *, *, #6576, .F. ) ;
#7234 = CARTESIAN_POINT ( 'NONE',  ( 0.000000000000000000, 340.0000000000000568, 0.000000000000000000 ) ) ;
#7235 = CARTESIAN_POINT ( 'NONE',  ( 116.3767717391520620, 447.6530411536430165, 392.5570525041796373 ) ) ;
#7236 = DIRECTION ( 'NONE',  ( 1.000000000000000000, 0.000000000000000000, 0.000000000000000000 ) ) ;
#7237 = CARTESIAN_POINT ( 'NONE',  ( -59.26671879462830361, 377.5518242583233359, 359.0020664014754743 ) ) ;
#7238 = ORIENTED_EDGE ( 'NONE', *, *, #4347, .F. ) ;
#7239 = EDGE_LOOP ( 'NONE', ( #2285, #2615, #4264, #3699 ) ) ;
#7240 = ORIENTED_EDGE ( 'NONE', *, *, #7880, .T. ) ;
#7241 = CARTESIAN_POINT ( 'NONE',  ( -50.51394905014938530, 370.0000000000000000, 370.8061429881302047 ) ) ;
#7242 = AXIS2_PLACEMENT_3D ( 'NONE', #6876, #2048, #5910 ) ;
#7243 = ORIENTED_EDGE ( 'NONE', *, *, #5173, .T. ) ;
#7244 = VERTEX_POINT ( 'NONE', #10756 ) ;
#7245 = CYLINDRICAL_SURFACE ( 'NONE', #4165, 3.093108195208582600 ) ;
#7246 = AXIS2_PLACEMENT_3D ( 'NONE', #5730, #3886, #11452 ) ;
#7247 = CARTESIAN_POINT ( 'NONE',  ( 40.29629931216064875, 365.0000000000000000, 378.2385419322184248 ) ) ;
#7248 = CIRCLE ( 'NONE', #11513, 1.463400710226769874 ) ;
#7249 = ORIENTED_EDGE ( 'NONE', *, *, #7567, .T. ) ;
#7250 = PLANE ( 'NONE',  #10858 ) ;
#7251 = AXIS2_PLACEMENT_3D ( 'NONE', #10022, #1459, #9324 ) ;
#7252 = CARTESIAN_POINT ( 'NONE',  ( -272.1522564207221535, 550.1499999999997499, 214.6849856545823911 ) ) ;
#7253 = ADVANCED_FACE ( 'NONE', ( #3071 ), #9928, .T. ) ;
#7254 = EDGE_CURVE ( 'NONE', #3508, #11957, #10283, .T. ) ;
#7255 = CARTESIAN_POINT ( 'NONE',  ( -195.8699580545056449, 541.9974561359816789, 271.0210186986964231 ) ) ;
#7256 = VERTEX_POINT ( 'NONE', #1295 ) ;
#7257 = PLANE ( 'NONE',  #4208 ) ;
#7258 = AXIS2_PLACEMENT_3D ( 'NONE', #150, #7902, #11766 ) ;
#7259 = EDGE_LOOP ( 'NONE', ( #12152, #3451, #8003, #9804 ) ) ;
#7260 = EDGE_CURVE ( 'NONE', #195, #6084, #6018, .T. ) ;
#7261 = ORIENTED_EDGE ( 'NONE', *, *, #2089, .T. ) ;
#7262 = VECTOR ( 'NONE', #4982, 1000.000000000000114 ) ;
#7263 = CARTESIAN_POINT ( 'NONE',  ( -185.3083443355145050, 370.0000000000001137, 266.1033846755267405 ) ) ;
#7264 = LINE ( 'NONE', #5351, #8062 ) ;
#7265 = ORIENTED_EDGE ( 'NONE', *, *, #8739, .T. ) ;
#7266 = EDGE_CURVE ( 'NONE', #6601, #7959, #8025, .T. ) ;
#7267 = DIRECTION ( 'NONE',  ( 0.000000000000000000, -1.000000000000000000, 0.000000000000000000 ) ) ;
#7268 = CARTESIAN_POINT ( 'NONE',  ( -130.5203249716377911, 120.0000000000000000, 368.2120121559648851 ) ) ;
#7269 = AXIS2_PLACEMENT_3D ( 'NONE', #9723, #190, #1149 ) ;
#7270 = ORIENTED_EDGE ( 'NONE', *, *, #3228, .F. ) ;
#7271 = CARTESIAN_POINT ( 'NONE',  ( 199.9999999999999716, 540.1499999999996362, 0.000000000000000000 ) ) ;
#7272 = AXIS2_PLACEMENT_3D ( 'NONE', #12155, #8094, #11139 ) ;
#7273 = FACE_OUTER_BOUND ( 'NONE', #318, .T. ) ;
#7274 = VERTEX_POINT ( 'NONE', #5103 ) ;
#7275 = ORIENTED_EDGE ( 'NONE', *, *, #181, .T. ) ;
#7276 = CYLINDRICAL_SURFACE ( 'NONE', #6240, 30.00000000000000000 ) ;
#7277 = ORIENTED_EDGE ( 'NONE', *, *, #7984, .T. ) ;
#7278 = EDGE_CURVE ( 'NONE', #6153, #7528, #4407, .T. ) ;
#7279 = DIRECTION ( 'NONE',  ( 0.000000000000000000, -1.000000000000000000, 0.000000000000000000 ) ) ;
#7280 = ORIENTED_EDGE ( 'NONE', *, *, #2319, .T. ) ;
#7281 = CARTESIAN_POINT ( 'NONE',  ( 46.12448390330171577, 383.0054035202313685, 382.6229516748982746 ) ) ;
#7282 = EDGE_CURVE ( 'NONE', #9872, #5139, #11701, .T. ) ;
#7283 = DIRECTION ( 'NONE',  ( 1.000000000000000000, 0.000000000000000000, 0.000000000000000000 ) ) ;
#7284 = DIRECTION ( 'NONE',  ( -1.000000000000000000, 0.000000000000000000, 0.000000000000000000 ) ) ;
#7285 = DIRECTION ( 'NONE',  ( -0.000000000000000000, -1.000000000000000000, -0.000000000000000000 ) ) ;
#7286 = ORIENTED_EDGE ( 'NONE', *, *, #3633, .F. ) ;
#7287 = DIRECTION ( 'NONE',  ( 0.000000000000000000, 0.000000000000000000, 1.000000000000000000 ) ) ;
#7288 = ORIENTED_EDGE ( 'NONE', *, *, #10635, .T. ) ;
#7289 = CARTESIAN_POINT ( 'NONE',  ( -133.2375149950902653, 340.0000000000000568, 315.4117178721747905 ) ) ;
#7290 = AXIS2_PLACEMENT_3D ( 'NONE', #7230, #10210, #6268 ) ;
#7291 = ORIENTED_EDGE ( 'NONE', *, *, #10068, .T. ) ;
#7292 = CARTESIAN_POINT ( 'NONE',  ( -38.78470058187618719, 382.2776525479377483, 361.8621453137575372 ) ) ;
#7293 = LINE ( 'NONE', #5376, #7862 ) ;
#7294 = CARTESIAN_POINT ( 'NONE',  ( -167.3215075978934294, 370.0000000000001137, 273.5368941991033012 ) ) ;
#7295 = DIRECTION ( 'NONE',  ( 1.000000000000000000, 0.000000000000000000, 0.000000000000000000 ) ) ;
#7296 = ORIENTED_EDGE ( 'NONE', *, *, #5749, .T. ) ;
#7297 = PLANE ( 'NONE',  #4972 ) ;
#7298 = DIRECTION ( 'NONE',  ( -0.000000000000000000, 0.000000000000000000, -1.000000000000000000 ) ) ;
#7299 = CARTESIAN_POINT ( 'NONE',  ( -59.20020431027140262, 354.9999999999999432, 355.6679359893877290 ) ) ;
#7300 = AXIS2_PLACEMENT_3D ( 'NONE', #2199, #6184, #2390 ) ;
#7301 = LINE ( 'NONE', #1331, #2380 ) ;
#7302 = ORIENTED_EDGE ( 'NONE', *, *, #5481, .T. ) ;
#7303 = EDGE_CURVE ( 'NONE', #2929, #12156, #7027, .T. ) ;
#7304 = ORIENTED_EDGE ( 'NONE', *, *, #7895, .T. ) ;
#7305 = VERTEX_POINT ( 'NONE', #9807 ) ;
#7306 = CARTESIAN_POINT ( 'NONE',  ( 0.000000000000000000, 420.0000000000000000, 383.0504184261441765 ) ) ;
#7307 = VERTEX_POINT ( 'NONE', #5925 ) ;
#7308 = VECTOR ( 'NONE', #5892, 1000.000000000000000 ) ;
#7309 = ORIENTED_EDGE ( 'NONE', *, *, #5576, .F. ) ;
#7310 = FACE_OUTER_BOUND ( 'NONE', #7130, .T. ) ;
#7311 = CARTESIAN_POINT ( 'NONE',  ( -180.5352868563962545, 500.4878024366432783, 300.5098982625374333 ) ) ;
#7312 = ORIENTED_EDGE ( 'NONE', *, *, #11131, .T. ) ;
#7313 = DIRECTION ( 'NONE',  ( 0.000000000000000000, 0.000000000000000000, 1.000000000000000000 ) ) ;
#7314 = DIRECTION ( 'NONE',  ( 0.000000000000000000, 1.000000000000000000, 0.000000000000000000 ) ) ;
#7315 = CARTESIAN_POINT ( 'NONE',  ( -102.8717205707465610, 117.0000000000000000, 382.1878655542434444 ) ) ;
#7316 = CARTESIAN_POINT ( 'NONE',  ( -196.5314105426548679, 540.1499999999996362, 270.1825073951878835 ) ) ;
#7317 = EDGE_LOOP ( 'NONE', ( #8406, #6146, #7091, #4758 ) ) ;
#7318 = FACE_BOUND ( 'NONE', #3054, .T. ) ;
#7319 = ORIENTED_EDGE ( 'NONE', *, *, #1974, .T. ) ;
#7320 = AXIS2_PLACEMENT_3D ( 'NONE', #6672, #11610, #8574 ) ;
#7321 = EDGE_CURVE ( 'NONE', #9934, #4791, #7905, .T. ) ;
#7322 = ORIENTED_EDGE ( 'NONE', *, *, #10608, .F. ) ;
#7323 = CARTESIAN_POINT ( 'NONE',  ( -199.9999999999998863, 120.0000000000000000, 340.0000000000000000 ) ) ;
#7324 = CARTESIAN_POINT ( 'NONE',  ( 111.4464948675895926, 117.0000000000000000, 368.5173196178369608 ) ) ;
#7325 = EDGE_CURVE ( 'NONE', #10883, #6771, #10077, .T. ) ;
#7326 = ORIENTED_EDGE ( 'NONE', *, *, #8754, .T. ) ;
#7327 = EDGE_CURVE ( 'NONE', #8252, #8464, #11262, .T. ) ;
#7328 = CARTESIAN_POINT ( 'NONE',  ( -59.20020431027140262, 385.0000000000000000, 384.3406997176695086 ) ) ;
#7329 = PLANE ( 'NONE',  #3389 ) ;
#7330 = ORIENTED_EDGE ( 'NONE', *, *, #6680, .F. ) ;
#7331 = AXIS2_PLACEMENT_3D ( 'NONE', #431, #6459, #10339 ) ;
#7332 = DIRECTION ( 'NONE',  ( -0.000000000000000000, 1.000000000000000000, -0.000000000000000000 ) ) ;
#7333 = ADVANCED_FACE ( 'NONE', ( #11134, #3384 ), #404, .F. ) ;
#7334 = CIRCLE ( 'NONE', #5705, 4.450000000000009948 ) ;
#7335 = CARTESIAN_POINT ( 'NONE',  ( -173.8350172363855108, 554.7291665386945851, 332.8215963560338082 ) ) ;
#7336 = ORIENTED_EDGE ( 'NONE', *, *, #10591, .F. ) ;
#7337 = ORIENTED_EDGE ( 'NONE', *, *, #4772, .F. ) ;
#7338 = LINE ( 'NONE', #12278, #11520 ) ;
#7339 = EDGE_LOOP ( 'NONE', ( #11708, #8066, #9120, #4913 ) ) ;
#7340 = EDGE_CURVE ( 'NONE', #11571, #1522, #2443, .T. ) ;
#7341 = FACE_OUTER_BOUND ( 'NONE', #4382, .T. ) ;
#7342 = ORIENTED_EDGE ( 'NONE', *, *, #5395, .F. ) ;
#7343 = CARTESIAN_POINT ( 'NONE',  ( 193.2363503865783230, 546.7582675062304816, 266.2864651227665149 ) ) ;
#7344 = CARTESIAN_POINT ( 'NONE',  ( -59.20020431027140262, 349.0481541527283866, 356.7522560851938351 ) ) ;
#7345 = CARTESIAN_POINT ( 'NONE',  ( -130.5203249716377911, 117.0000000000000000, 360.6452839020025181 ) ) ;
#7346 = DIRECTION ( 'NONE',  ( 0.7071067811864052421, 0.000000000000000000, -0.7071067811866899033 ) ) ;
#7347 = CARTESIAN_POINT ( 'NONE',  ( -62.78826645942975659, 374.0785508645338382, 377.9443499868726803 ) ) ;
#7348 = ORIENTED_EDGE ( 'NONE', *, *, #2371, .T. ) ;
#7349 = CARTESIAN_POINT ( 'NONE',  ( -111.4464948675895073, 117.0000000000000000, 368.5173196178368471 ) ) ;
#7350 = ADVANCED_FACE ( 'NONE', ( #5479 ), #6301, .F. ) ;
#7351 = ORIENTED_EDGE ( 'NONE', *, *, #3255, .F. ) ;
#7352 = CARTESIAN_POINT ( 'NONE',  ( 131.8187301371596334, 215.0000000000000284, 335.1700527001624437 ) ) ;
#7353 = CARTESIAN_POINT ( 'NONE',  ( -160.1039966089688562, 500.8166844330152117, 326.5405763478875087 ) ) ;
#7354 = DIRECTION ( 'NONE',  ( -0.7625037589850115483, -0.2383113124287892515, 0.6014945850979835917 ) ) ;
#7355 = PLANE ( 'NONE',  #11476 ) ;
#7356 = ORIENTED_EDGE ( 'NONE', *, *, #10037, .T. ) ;
#7357 = CARTESIAN_POINT ( 'NONE',  ( -154.9399066220875625, 370.0000000000001137, 281.4648045302496939 ) ) ;
#7358 = AXIS2_PLACEMENT_3D ( 'NONE', #7653, #9557, #10384 ) ;
#7359 = LINE ( 'NONE', #10466, #11010 ) ;
#7360 = APPROVAL ( #5061, 'BELÝRTÝLMEMÝÞ' ) ;
#7361 = DIRECTION ( 'NONE',  ( 0.1924154613586764040, -0.9711530084039703414, -0.1408478771513632100 ) ) ;
#7362 = PLANE ( 'NONE',  #1166 ) ;
#7363 = VERTEX_POINT ( 'NONE', #5542 ) ;
#7364 = VERTEX_POINT ( 'NONE', #4467 ) ;
#7365 = VERTEX_POINT ( 'NONE', #7390 ) ;
#7366 = ORIENTED_EDGE ( 'NONE', *, *, #7092, .T. ) ;
#7367 = ORIENTED_EDGE ( 'NONE', *, *, #11123, .T. ) ;
#7368 = LINE ( 'NONE', #6344, #2954 ) ;
#7369 = DIRECTION ( 'NONE',  ( 0.1924154613586765150, -0.9711530084039703414, -0.1408478771513629324 ) ) ;
#7370 = CARTESIAN_POINT ( 'NONE',  ( -162.0196774713020602, 500.8166844330152117, 324.1121025183072106 ) ) ;
#7371 = ORIENTED_EDGE ( 'NONE', *, *, #3531, .F. ) ;
#7372 = AXIS2_PLACEMENT_3D ( 'NONE', #6138, #11165, #5196 ) ;
#7373 = ADVANCED_FACE ( 'NONE', ( #12151 ), #1483, .T. ) ;
#7374 = DIRECTION ( 'NONE',  ( -0.000000000000000000, -1.000000000000000000, -0.000000000000000000 ) ) ;
#7375 = EDGE_CURVE ( 'NONE', #10583, #11918, #2641, .T. ) ;
#7376 = CARTESIAN_POINT ( 'NONE',  ( -130.5203249716377911, 117.0000000000000000, 364.5075309989636025 ) ) ;
#7377 = DIRECTION ( 'NONE',  ( 0.000000000000000000, 0.000000000000000000, -1.000000000000000000 ) ) ;
#7378 = DIRECTION ( 'NONE',  ( 0.000000000000000000, -1.000000000000000000, 0.000000000000000000 ) ) ;
#7379 = VERTEX_POINT ( 'NONE', #599 ) ;
#7380 = CARTESIAN_POINT ( 'NONE',  ( 248.5985330171029659, 0.000000000000000000, 196.1048318924140972 ) ) ;
#7381 = EDGE_CURVE ( 'NONE', #11219, #10835, #4274, .T. ) ;
#7382 = VERTEX_POINT ( 'NONE', #10374 ) ;
#7383 = CIRCLE ( 'NONE', #6963, 2.113496831015027055 ) ;
#7384 = EDGE_CURVE ( 'NONE', #6518, #12221, #8344, .T. ) ;
#7385 = ORIENTED_EDGE ( 'NONE', *, *, #11749, .F. ) ;
#7386 = LINE ( 'NONE', #11258, #10547 ) ;
#7387 = CARTESIAN_POINT ( 'NONE',  ( 41.46524257959476500, 365.0000000000000000, 378.2385419322183111 ) ) ;
#7388 = VERTEX_POINT ( 'NONE', #469 ) ;
#7389 = DIRECTION ( 'NONE',  ( 0.7851241134539714839, -0.000000000000000000, -0.6193384587389316742 ) ) ;
#7390 = CARTESIAN_POINT ( 'NONE',  ( -39.47285318341118909, 365.0000000000000000, 376.2461525360348560 ) ) ;
#7391 = ORIENTED_EDGE ( 'NONE', *, *, #8352, .T. ) ;
#7392 = AXIS2_PLACEMENT_3D ( 'NONE', #3887, #11579, #4783 ) ;
#7393 = CARTESIAN_POINT ( 'NONE',  ( -116.3767717391518062, 120.0000000000000000, 331.4274360680449831 ) ) ;
#7394 = CARTESIAN_POINT ( 'NONE',  ( 130.5203249716378480, 120.0000000000000000, 368.2120121559649988 ) ) ;
#7395 = ORIENTED_EDGE ( 'NONE', *, *, #1201, .T. ) ;
#7396 = ORIENTED_EDGE ( 'NONE', *, *, #7875, .F. ) ;
#7397 = CARTESIAN_POINT ( 'NONE',  ( -139.5011983711572157, 370.0000000000001137, 299.0691970056345212 ) ) ;
#7398 = ORIENTED_EDGE ( 'NONE', *, *, #3069, .F. ) ;
#7399 = VECTOR ( 'NONE', #2824, 1000.000000000000000 ) ;
#7400 = CARTESIAN_POINT ( 'NONE',  ( 2.081899558550500674E-14, 580.1499999999997499, 175.7695561956705319 ) ) ;
#7401 = ORIENTED_EDGE ( 'NONE', *, *, #681, .F. ) ;
#7402 = CARTESIAN_POINT ( 'NONE',  ( 189.8248025187104133, 562.7516043524821043, 255.0730630287573604 ) ) ;
#7403 = VECTOR ( 'NONE', #10168, 1000.000000000000114 ) ;
#7404 = CARTESIAN_POINT ( 'NONE',  ( -85.99406992148851714, 365.0000000000000000, 376.2461525360348560 ) ) ;
#7405 = DIRECTION ( 'NONE',  ( -0.7851241134539721500, 0.000000000000000000, -0.6193384587389308971 ) ) ;
#7406 = DIRECTION ( 'NONE',  ( -0.000000000000000000, 1.000000000000000000, -0.000000000000000000 ) ) ;
#7407 = DIRECTION ( 'NONE',  ( 0.000000000000000000, 0.000000000000000000, 1.000000000000000000 ) ) ;
#7408 = EDGE_CURVE ( 'NONE', #10864, #10490, #2373, .T. ) ;
#7409 = VECTOR ( 'NONE', #10965, 1000.000000000000000 ) ;
#7410 = ORIENTED_EDGE ( 'NONE', *, *, #10716, .T. ) ;
#7411 = PLANE ( 'NONE',  #5716 ) ;
#7412 = EDGE_CURVE ( 'NONE', #5456, #11171, #8150, .T. ) ;
#7413 = AXIS2_PLACEMENT_3D ( 'NONE', #7370, #1657, #10414 ) ;
#7414 = VERTEX_POINT ( 'NONE', #12016 ) ;
#7415 = EDGE_CURVE ( 'NONE', #6883, #1680, #8283, .T. ) ;
#7416 = ADVANCED_FACE ( 'NONE', ( #6433 ), #7329, .T. ) ;
#7417 = CARTESIAN_POINT ( 'NONE',  ( -171.6296037350506367, 370.0000000000001137, 271.3825464570588224 ) ) ;
#7418 = LINE ( 'NONE', #5741, #9486 ) ;
#7419 = CARTESIAN_POINT ( 'NONE',  ( 66.12448390330172288, 345.0000000000000000, 365.6679359893877290 ) ) ;
#7420 = DIRECTION ( 'NONE',  ( 0.000000000000000000, -1.000000000000000000, 0.000000000000000000 ) ) ;
#7421 = ORIENTED_EDGE ( 'NONE', *, *, #711, .T. ) ;
#7422 = CARTESIAN_POINT ( 'NONE',  ( -158.5427290477400959, 120.0000000000000000, 278.8163079771102275 ) ) ;
#7423 = EDGE_CURVE ( 'NONE', #11619, #12350, #11196, .T. ) ;
#7424 = CARTESIAN_POINT ( 'NONE',  ( -124.4707399695010110, 355.0000000000001137, 280.7574829257859506 ) ) ;
#7425 = VECTOR ( 'NONE', #5508, 1000.000000000000000 ) ;
#7426 = LINE ( 'NONE', #6530, #3781 ) ;
#7427 = CARTESIAN_POINT ( 'NONE',  ( -143.3829173746332799, 370.0000000000001137, 292.2807152801595976 ) ) ;
#7428 = VECTOR ( 'NONE', #1525, 1000.000000000000000 ) ;
#7429 = CARTESIAN_POINT ( 'NONE',  ( -199.9197038769241317, 542.9294344596387418, 257.8140993105404846 ) ) ;
#7430 = AXIS2_PLACEMENT_3D ( 'NONE', #6739, #10602, #5011 ) ;
#7431 = ORIENTED_EDGE ( 'NONE', *, *, #6596, .F. ) ;
#7432 = CARTESIAN_POINT ( 'NONE',  ( -174.9943130982813955, 120.0000000000000000, 367.1410134558357186 ) ) ;
#7433 = ORIENTED_EDGE ( 'NONE', *, *, #9412, .F. ) ;
#7434 = ORIENTED_EDGE ( 'NONE', *, *, #2125, .F. ) ;
#7435 = DIRECTION ( 'NONE',  ( 0.000000000000000000, -0.9961946980917455452, -0.08715574274765781893 ) ) ;
#7436 = CARTESIAN_POINT ( 'NONE',  ( -116.3767717391519767, 120.0000000000002132, 351.4274360680452105 ) ) ;
#7437 = ADVANCED_FACE ( 'NONE', ( #10120 ), #1546, .F. ) ;
#7438 = CARTESIAN_POINT ( 'NONE',  ( -180.0000000000000568, 540.1499999999996362, 250.7734253594445875 ) ) ;
#7439 = ORIENTED_EDGE ( 'NONE', *, *, #4920, .T. ) ;
#7440 = DIRECTION ( 'NONE',  ( 0.000000000000000000, 0.000000000000000000, 1.000000000000000000 ) ) ;
#7441 = AXIS2_PLACEMENT_3D ( 'NONE', #11970, #4354, #1498 ) ;
#7442 = EDGE_CURVE ( 'NONE', #5218, #7891, #11329, .T. ) ;
#7443 = CARTESIAN_POINT ( 'NONE',  ( -187.5735931288072038, 570.1499999999997499, 256.0243354450375364 ) ) ;
#7444 = CARTESIAN_POINT ( 'NONE',  ( -139.9999999999999147, -570.1500000000002046, 400.0000000000000000 ) ) ;
#7445 = LINE ( 'NONE', #8463, #2874 ) ;
#7446 = ORIENTED_EDGE ( 'NONE', *, *, #9891, .F. ) ;
#7447 = LINE ( 'NONE', #9404, #10107 ) ;
#7448 = ORIENTED_EDGE ( 'NONE', *, *, #526, .F. ) ;
#7449 = EDGE_CURVE ( 'NONE', #9411, #1914, #1289, .T. ) ;
#7450 = EDGE_CURVE ( 'NONE', #5427, #7778, #5813, .T. ) ;
#7451 = VERTEX_POINT ( 'NONE', #3644 ) ;
#7452 = AXIS2_PLACEMENT_3D ( 'NONE', #4718, #2698, #3764 ) ;
#7453 = CARTESIAN_POINT ( 'NONE',  ( 3.091923385524208150E-14, 572.1499999999997499, 93.29485184198053105 ) ) ;
#7454 = CARTESIAN_POINT ( 'NONE',  ( 0.000000000000000000, -585.1500000000002046, 400.0000000000000000 ) ) ;
#7455 = CIRCLE ( 'NONE', #8255, 20.00000000000001776 ) ;
#7456 = ORIENTED_EDGE ( 'NONE', *, *, #5157, .F. ) ;
#7457 = DIRECTION ( 'NONE',  ( -0.000000000000000000, 1.000000000000000000, -0.000000000000000000 ) ) ;
#7458 = VERTEX_POINT ( 'NONE', #8720 ) ;
#7459 = DIRECTION ( 'NONE',  ( 0.000000000000000000, 0.000000000000000000, 1.000000000000000000 ) ) ;
#7460 = AXIS2_PLACEMENT_3D ( 'NONE', #4064, #3938, #9849 ) ;
#7461 = DIRECTION ( 'NONE',  ( -1.000000000000000000, 0.000000000000000000, 0.000000000000000000 ) ) ;
#7462 = ORIENTED_EDGE ( 'NONE', *, *, #1223, .T. ) ;
#7463 = VECTOR ( 'NONE', #6670, 1000.000000000000000 ) ;
#7464 = ORIENTED_EDGE ( 'NONE', *, *, #9628, .F. ) ;
#7465 = DIRECTION ( 'NONE',  ( 0.7851241134539714839, -0.000000000000000000, -0.6193384587389316742 ) ) ;
#7466 = ORIENTED_EDGE ( 'NONE', *, *, #4624, .T. ) ;
#7467 = EDGE_CURVE ( 'NONE', #5519, #5648, #9875, .T. ) ;
#7468 = EDGE_CURVE ( 'NONE', #10254, #7152, #9606, .T. ) ;
#7469 = AXIS2_PLACEMENT_3D ( 'NONE', #2382, #4413, #8221 ) ;
#7470 = FACE_OUTER_BOUND ( 'NONE', #7175, .T. ) ;
#7471 = VERTEX_POINT ( 'NONE', #1924 ) ;
#7472 = CARTESIAN_POINT ( 'NONE',  ( 199.9999999999999432, 542.1135176796631185, 250.7734253594991571 ) ) ;
#7473 = VECTOR ( 'NONE', #3462, 1000.000000000000000 ) ;
#7474 = DIRECTION ( 'NONE',  ( -0.000000000000000000, 1.000000000000000000, -0.000000000000000000 ) ) ;
#7475 = VECTOR ( 'NONE', #2397, 1000.000000000000114 ) ;
#7476 = CYLINDRICAL_SURFACE ( 'NONE', #6149, 1.689261981127287982 ) ;
#7477 = CARTESIAN_POINT ( 'NONE',  ( 39.95364384931041712, 382.2776525479376915, 361.8621453137576509 ) ) ;
#7478 = LINE ( 'NONE', #2844, #10093 ) ;
#7479 = VECTOR ( 'NONE', #2419, 1000.000000000000000 ) ;
#7480 = ORIENTED_EDGE ( 'NONE', *, *, #79, .T. ) ;
#7481 = PLANE ( 'NONE',  #10773 ) ;
#7482 = ORIENTED_EDGE ( 'NONE', *, *, #6597, .T. ) ;
#7483 = CARTESIAN_POINT ( 'NONE',  ( -169.5737879588426438, 554.8129978980433634, 338.2566931703466935 ) ) ;
#7484 = DIRECTION ( 'NONE',  ( -0.7625037589850115483, -0.2383113124287892515, 0.6014945850979835917 ) ) ;
#7485 = LINE ( 'NONE', #6526, #7002 ) ;
#7486 = VERTEX_POINT ( 'NONE', #5789 ) ;
#7487 = CARTESIAN_POINT ( 'NONE',  ( 155.6532956806726133, 420.0000000000000000, 328.8788135747496995 ) ) ;
#7488 = EDGE_CURVE ( 'NONE', #5491, #1257, #1970, .T. ) ;
#7489 = CARTESIAN_POINT ( 'NONE',  ( -174.9943130982813955, 120.0000000000000000, 290.9472914527384546 ) ) ;
#7490 = CYLINDRICAL_SURFACE ( 'NONE', #751, 3.093108195208626121 ) ;
#7491 = DIRECTION ( 'NONE',  ( -0.000000000000000000, -0.000000000000000000, 1.000000000000000000 ) ) ;
#7492 = EDGE_CURVE ( 'NONE', #10322, #8911, #12520, .T. ) ;
#7493 = VECTOR ( 'NONE', #11354, 1000.000000000000000 ) ;
#7494 = CARTESIAN_POINT ( 'NONE',  ( -188.7416663421355167, 340.0000000000000568, 264.9967481272447571 ) ) ;
#7495 = VERTEX_POINT ( 'NONE', #979 ) ;
#7496 = FACE_OUTER_BOUND ( 'NONE', #7049, .T. ) ;
#7497 = VERTEX_POINT ( 'NONE', #1987 ) ;
#7498 = EDGE_CURVE ( 'NONE', #7156, #4885, #11088, .T. ) ;
#7499 = ORIENTED_EDGE ( 'NONE', *, *, #6927, .T. ) ;
#7500 = CARTESIAN_POINT ( 'NONE',  ( -166.2809067488451547, 500.7328530736664334, 318.6770057039939275 ) ) ;
#7501 = CARTESIAN_POINT ( 'NONE',  ( -171.6157891360268195, 117.0000000000000000, 352.8908367782719324 ) ) ;
#7502 = CIRCLE ( 'NONE', #5058, 3.704481157001282554 ) ;
#7503 = CARTESIAN_POINT ( 'NONE',  ( 85.99406992148861661, 365.0000000000000000, 377.4150958034689438 ) ) ;
#7504 = ORIENTED_EDGE ( 'NONE', *, *, #8368, .F. ) ;
#7505 = CARTESIAN_POINT ( 'NONE',  ( -188.4763652879577478, 117.0000000000000000, 277.5473304590434509 ) ) ;
#7506 = DIRECTION ( 'NONE',  ( 0.000000000000000000, 1.000000000000000000, 0.000000000000000000 ) ) ;
#7507 = CARTESIAN_POINT ( 'NONE',  ( 192.9877427735605693, 117.0000000000000000, 332.2694703950618873 ) ) ;
#7508 = DIRECTION ( 'NONE',  ( -0.000000000000000000, 1.000000000000000000, -0.000000000000000000 ) ) ;
#7509 = ORIENTED_EDGE ( 'NONE', *, *, #11901, .T. ) ;
#7510 = FACE_BOUND ( 'NONE', #6106, .T. ) ;
#7511 = ORIENTED_EDGE ( 'NONE', *, *, #3414, .T. ) ;
#7512 = EDGE_CURVE ( 'NONE', #5094, #10670, #8049, .T. ) ;
#7513 = ORIENTED_EDGE ( 'NONE', *, *, #6974, .F. ) ;
#7514 = EDGE_CURVE ( 'NONE', #4959, #7874, #11634, .T. ) ;
#7515 = CARTESIAN_POINT ( 'NONE',  ( 191.5603466453484600, 550.1499999999997499, 268.4111046198162853 ) ) ;
#7516 = DIRECTION ( 'NONE',  ( -0.000000000000000000, -0.08715574274765820750, 0.9961946980917455452 ) ) ;
#7517 = ORIENTED_EDGE ( 'NONE', *, *, #6082, .T. ) ;
#7518 = LINE ( 'NONE', #9218, #9627 ) ;
#7519 = DIRECTION ( 'NONE',  ( -0.6193384587389297868, 0.000000000000000000, -0.7851241134539729272 ) ) ;
#7520 = ORIENTED_EDGE ( 'NONE', *, *, #4115, .T. ) ;
#7521 = CARTESIAN_POINT ( 'NONE',  ( -66.20020431027140262, 354.9999999999999432, 355.6679359893877290 ) ) ;
#7522 = CARTESIAN_POINT ( 'NONE',  ( 74.86688931094020916, 370.0000000000000000, 375.2561429881301933 ) ) ;
#7523 = CIRCLE ( 'NONE', #5084, 3.093108195208704281 ) ;
#7524 = VECTOR ( 'NONE', #7067, 1000.000000000000000 ) ;
#7525 = ORIENTED_EDGE ( 'NONE', *, *, #7381, .F. ) ;
#7526 = EDGE_LOOP ( 'NONE', ( #4205, #4030, #9038, #12159 ) ) ;
#7527 = DIRECTION ( 'NONE',  ( 1.000000000000000000, 0.000000000000000000, 0.000000000000000000 ) ) ;
#7528 = VERTEX_POINT ( 'NONE', #11518 ) ;
#7529 = CARTESIAN_POINT ( 'NONE',  ( 159.9882456870035412, 320.0000000000000568, 309.1348121858818558 ) ) ;
#7530 = ORIENTED_EDGE ( 'NONE', *, *, #7178, .F. ) ;
#7531 = CARTESIAN_POINT ( 'NONE',  ( 196.8642532756116736, 555.0589389441410049, 261.6874385335594297 ) ) ;
#7532 = VECTOR ( 'NONE', #1532, 1000.000000000000000 ) ;
#7533 = DIRECTION ( 'NONE',  ( -0.000000000000000000, 1.000000000000000000, -0.000000000000000000 ) ) ;
#7534 = CARTESIAN_POINT ( 'NONE',  ( -167.3215075925851067, 370.0000000000001137, 273.5368941889740881 ) ) ;
#7535 = EDGE_CURVE ( 'NONE', #6090, #768, #1160, .T. ) ;
#7536 = PLANE ( 'NONE',  #11832 ) ;
#7537 = EDGE_CURVE ( 'NONE', #10694, #7222, #4843, .T. ) ;
#7538 = CARTESIAN_POINT ( 'NONE',  ( 0.000000000000000000, 385.0000000000000000, 0.000000000000000000 ) ) ;
#7539 = DIRECTION ( 'NONE',  ( 0.000000000000000000, -1.000000000000000000, 0.000000000000000000 ) ) ;
#7540 = ORIENTED_EDGE ( 'NONE', *, *, #822, .T. ) ;
#7541 = CARTESIAN_POINT ( 'NONE',  ( 165.4611163655635551, 501.6802010741481013, 304.7258768060014518 ) ) ;
#7542 = AXIS2_PLACEMENT_3D ( 'NONE', #10820, #5988, #279 ) ;
#7543 = EDGE_CURVE ( 'NONE', #11957, #5534, #8468, .T. ) ;
#7544 = VERTEX_POINT ( 'NONE', #6629 ) ;
#7545 = ADVANCED_FACE ( 'NONE', ( #4656 ), #6770, .T. ) ;
#7546 = CARTESIAN_POINT ( 'NONE',  ( -42.48496570340520861, 117.0000000000000000, 370.0487020943512562 ) ) ;
#7547 = FACE_OUTER_BOUND ( 'NONE', #3666, .T. ) ;
#7548 = CARTESIAN_POINT ( 'NONE',  ( -130.3994334117772951, 370.0000000000001137, 328.0943140062070711 ) ) ;
#7549 = ORIENTED_EDGE ( 'NONE', *, *, #8993, .T. ) ;
#7550 = CARTESIAN_POINT ( 'NONE',  ( -130.3994334126045658, 370.0000000000001137, 328.0943140128124469 ) ) ;
#7551 = CARTESIAN_POINT ( 'NONE',  ( -59.26671879462830361, 365.0000000000000000, 382.6229516748982746 ) ) ;
#7552 = CARTESIAN_POINT ( 'NONE',  ( -39.47285318341118909, 365.0000000000000000, 365.3661334402255534 ) ) ;
#7553 = CIRCLE ( 'NONE', #5885, 1.070998700129166536 ) ;
#7554 = CARTESIAN_POINT ( 'NONE',  ( 59.34243920159818231, 345.0000000000000000, 382.6229516748982746 ) ) ;
#7555 = FACE_OUTER_BOUND ( 'NONE', #3079, .T. ) ;
#7556 = DIRECTION ( 'NONE',  ( 0.000000000000000000, 0.000000000000000000, 1.000000000000000000 ) ) ;
#7557 = ORIENTED_EDGE ( 'NONE', *, *, #6897, .T. ) ;
#7558 = EDGE_CURVE ( 'NONE', #5448, #336, #4781, .T. ) ;
#7559 = ORIENTED_EDGE ( 'NONE', *, *, #9427, .F. ) ;
#7560 = FACE_OUTER_BOUND ( 'NONE', #5947, .T. ) ;
#7561 = CARTESIAN_POINT ( 'NONE',  ( -190.1818355124831328, 120.0000000000000000, 311.3514577545970496 ) ) ;
#7562 = DIRECTION ( 'NONE',  ( 0.000000000000000000, -1.000000000000000000, 0.000000000000000000 ) ) ;
#7563 = VERTEX_POINT ( 'NONE', #11578 ) ;
#7564 = CARTESIAN_POINT ( 'NONE',  ( -88.05505890625937582, 340.0000000000000568, 88.05505890629487453 ) ) ;
#7565 = DIRECTION ( 'NONE',  ( 0.000000000000000000, 1.000000000000000000, -0.000000000000000000 ) ) ;
#7566 = DIRECTION ( 'NONE',  ( 0.000000000000000000, 0.000000000000000000, 1.000000000000000000 ) ) ;
#7567 = EDGE_CURVE ( 'NONE', #11866, #10864, #9860, .T. ) ;
#7568 = DIRECTION ( 'NONE',  ( 0.000000000000000000, 1.000000000000000000, 0.000000000000000000 ) ) ;
#7569 = ORIENTED_EDGE ( 'NONE', *, *, #3861, .T. ) ;
#7570 = PLANE ( 'NONE',  #11330 ) ;
#7571 = ORIENTED_EDGE ( 'NONE', *, *, #12453, .T. ) ;
#7572 = ADVANCED_FACE ( 'NONE', ( #7120 ), #3055, .F. ) ;
#7573 = ORIENTED_EDGE ( 'NONE', *, *, #1013, .F. ) ;
#7574 = ORIENTED_EDGE ( 'NONE', *, *, #1251, .F. ) ;
#7575 = VECTOR ( 'NONE', #3283, 1000.000000000000000 ) ;
#7576 = EDGE_CURVE ( 'NONE', #2268, #2434, #8009, .T. ) ;
#7577 = DIRECTION ( 'NONE',  ( -0.6193384587389308971, 0.000000000000000000, 0.7851241134539721500 ) ) ;
#7578 = CARTESIAN_POINT ( 'NONE',  ( -70.18354552143790670, 120.0000000000000000, 369.2830108560940516 ) ) ;
#7579 = EDGE_LOOP ( 'NONE', ( #12268, #4209, #12343, #2682 ) ) ;
#7580 = DIRECTION ( 'NONE',  ( -0.000000000000000000, -1.000000000000000000, -0.000000000000000000 ) ) ;
#7581 = DIRECTION ( 'NONE',  ( 0.000000000000000000, -1.000000000000000000, 0.000000000000000000 ) ) ;
#7582 = ORIENTED_EDGE ( 'NONE', *, *, #6783, .T. ) ;
#7583 = EDGE_CURVE ( 'NONE', #3555, #11629, #5027, .T. ) ;
#7584 = CARTESIAN_POINT ( 'NONE',  ( -163.4019181638113309, 554.9226252301673412, 346.1240945889365435 ) ) ;
#7585 = ORIENTED_EDGE ( 'NONE', *, *, #5795, .T. ) ;
#7586 = AXIS2_PLACEMENT_3D ( 'NONE', #11714, #2842, #3016 ) ;
#7587 = LINE ( 'NONE', #6564, #15 ) ;
#7588 = ORIENTED_EDGE ( 'NONE', *, *, #11906, .F. ) ;
#7589 = EDGE_LOOP ( 'NONE', ( #11954, #6942, #11971, #6183 ) ) ;
#7590 = CARTESIAN_POINT ( 'NONE',  ( -173.8375568145663124, 340.0000000000000568, 270.4181253767313819 ) ) ;
#7591 = ORIENTED_EDGE ( 'NONE', *, *, #8381, .T. ) ;
#7592 = CARTESIAN_POINT ( 'NONE',  ( -151.8249679581558098, 117.0000000000000000, 382.1878655542434444 ) ) ;
#7594 = ORIENTED_EDGE ( 'NONE', *, *, #7097, .T. ) ;
#7593 = VECTOR ( 'NONE', #10680, 1000.000000000000000 ) ;
#7595 = CARTESIAN_POINT ( 'NONE',  ( 195.6380213900882268, 541.4589807562624628, 263.2419104195461728 ) ) ;
#7596 = CARTESIAN_POINT ( 'NONE',  ( -63.62321363309397526, -585.1500000000002046, 0.000000000000000000 ) ) ;
#7597 = LINE ( 'NONE', #4917, #5365 ) ;
#7598 = DIRECTION ( 'NONE',  ( 0.000000000000000000, 0.000000000000000000, 1.000000000000000000 ) ) ;
#7599 = CARTESIAN_POINT ( 'NONE',  ( -199.9999999999998863, -570.1500000000002046, 380.0000000000000000 ) ) ;
#7600 = DIRECTION ( 'NONE',  ( 1.000000000000000000, 0.000000000000000000, 0.000000000000000000 ) ) ;
#7601 = EDGE_LOOP ( 'NONE', ( #5145, #8369, #9844, #8251 ) ) ;
#7602 = CARTESIAN_POINT ( 'NONE',  ( -158.5131318662553781, 555.3078530131178923, 350.1466113783531000 ) ) ;
#7603 = VERTEX_POINT ( 'NONE', #8078 ) ;
#7604 = EDGE_CURVE ( 'NONE', #3183, #4394, #10686, .T. ) ;
#7605 = EDGE_CURVE ( 'NONE', #6601, #4713, #9914, .T. ) ;
#7606 = AXIS2_PLACEMENT_3D ( 'NONE', #6483, #2811, #707 ) ;
#7607 = CARTESIAN_POINT ( 'NONE',  ( 227.1074468072384320, 447.7225322203747737, 287.9337328837804648 ) ) ;
#7608 = DIRECTION ( 'NONE',  ( 0.000000000000000000, -0.000000000000000000, -1.000000000000000000 ) ) ;
#7609 = LINE ( 'NONE', #8504, #317 ) ;
#7610 = VERTEX_POINT ( 'NONE', #6930 ) ;
#7611 = DIRECTION ( 'NONE',  ( -0.6193384587389303420, 3.039524196310382391E-17, 0.7851241134539725941 ) ) ;
#7612 = CARTESIAN_POINT ( 'NONE',  ( -172.7675119738065064, 555.0628023760948508, 331.9795039368966059 ) ) ;
#7613 = CARTESIAN_POINT ( 'NONE',  ( -197.4549911539317577, 554.6242930475989397, 300.5098982625374333 ) ) ;
#7614 = VECTOR ( 'NONE', #10614, 999.9999999999998863 ) ;
#7615 = FACE_OUTER_BOUND ( 'NONE', #3726, .T. ) ;
#7616 = VECTOR ( 'NONE', #5952, 1000.000000000000000 ) ;
#7617 = CARTESIAN_POINT ( 'NONE',  ( -116.3767717391519767, 90.00000000000018474, 351.4274360680452105 ) ) ;
#7618 = VERTEX_POINT ( 'NONE', #9852 ) ;
#7619 = ORIENTED_EDGE ( 'NONE', *, *, #2686, .F. ) ;
#7620 = CARTESIAN_POINT ( 'NONE',  ( 179.6741521596443647, 380.0000000000000000, 298.5083146889014643 ) ) ;
#7621 = DIRECTION ( 'NONE',  ( 0.000000000000000000, 1.000000000000000000, -0.000000000000000000 ) ) ;
#7622 = CIRCLE ( 'NONE', #2138, 5.000000000000004441 ) ;
#7623 = DIRECTION ( 'NONE',  ( 0.08682659386424763925, 0.9924325091389670783, 0.08682659386424763925 ) ) ;
#7624 = VERTEX_POINT ( 'NONE', #5909 ) ;
#7625 = CIRCLE ( 'NONE', #7006, 3.093108195208548405 ) ;
#7626 = PLANE ( 'NONE',  #10834 ) ;
#7627 = CARTESIAN_POINT ( 'NONE',  ( 143.7660069451177094, 117.0000000000000000, 367.1410134558358322 ) ) ;
#7628 = PLANE ( 'NONE',  #552 ) ;
#7629 = VECTOR ( 'NONE', #6973, 1000.000000000000000 ) ;
#7630 = CARTESIAN_POINT ( 'NONE',  ( -170.8568714563180606, 555.0885983488699367, 334.4118085411734000 ) ) ;
#7631 = AXIS2_PLACEMENT_3D ( 'NONE', #2521, #7283, #1689 ) ;
#7632 = ORIENTED_EDGE ( 'NONE', *, *, #10229, .T. ) ;
#7633 = DIRECTION ( 'NONE',  ( 0.000000000000000000, 0.000000000000000000, -1.000000000000000000 ) ) ;
#7634 = VERTEX_POINT ( 'NONE', #4009 ) ;
#7635 = AXIS2_PLACEMENT_3D ( 'NONE', #12174, #11586, #4363 ) ;
#7636 = ORIENTED_EDGE ( 'NONE', *, *, #10744, .F. ) ;
#7637 = VECTOR ( 'NONE', #5701, 1000.000000000000000 ) ;
#7638 = CARTESIAN_POINT ( 'NONE',  ( 63.62321363309397526, -570.1500000000002046, -4.414747292256631652E-14 ) ) ;
#7639 = ORIENTED_EDGE ( 'NONE', *, *, #11471, .T. ) ;
#7640 = EDGE_CURVE ( 'NONE', #506, #3875, #3175, .T. ) ;
#7641 = DIRECTION ( 'NONE',  ( 0.000000000000000000, 0.000000000000000000, -1.000000000000000000 ) ) ;
#7642 = CARTESIAN_POINT ( 'NONE',  ( -185.1112515638691320, 554.8435477118470089, 316.2447010997170764 ) ) ;
#7643 = EDGE_CURVE ( 'NONE', #5268, #10583, #3110, .T. ) ;
#7644 = PLANE ( 'NONE',  #7392 ) ;
#7645 = CARTESIAN_POINT ( 'NONE',  ( -198.5224964165107622, 554.2906572101986740, 301.3519906816746357 ) ) ;
#7646 = EDGE_CURVE ( 'NONE', #4148, #4252, #8855, .T. ) ;
#7647 = ORIENTED_EDGE ( 'NONE', *, *, #367, .F. ) ;
#7648 = VECTOR ( 'NONE', #2825, 1000.000000000000114 ) ;
#7649 = PLANE ( 'NONE',  #11112 ) ;
#7650 = ORIENTED_EDGE ( 'NONE', *, *, #11972, .T. ) ;
#7651 = AXIS2_PLACEMENT_3D ( 'NONE', #6795, #4706, #965 ) ;
#7652 = EDGE_CURVE ( 'NONE', #4510, #644, #7946, .T. ) ;
#7653 = CARTESIAN_POINT ( 'NONE',  ( 0.000000000000000000, 355.0000000000000000, 375.9443499868726235 ) ) ;
#7654 = DIRECTION ( 'NONE',  ( 0.6193384587389317852, 0.000000000000000000, 0.7851241134539713729 ) ) ;
#7655 = ORIENTED_EDGE ( 'NONE', *, *, #7863, .T. ) ;
#7656 = LINE ( 'NONE', #12535, #4660 ) ;
#7657 = LINE ( 'NONE', #5619, #2731 ) ;
#7658 = DIRECTION ( 'NONE',  ( 0.000000000000000000, -0.9961946980917456562, -0.08715574274765783280 ) ) ;
#7659 = AXIS2_PLACEMENT_3D ( 'NONE', #5135, #183, #1266 ) ;
#7660 = VECTOR ( 'NONE', #3881, 999.9999999999998863 ) ;
#7661 = DIRECTION ( 'NONE',  ( 0.000000000000000000, -1.000000000000000000, 0.000000000000000000 ) ) ;
#7662 = VECTOR ( 'NONE', #8693, 1000.000000000000000 ) ;
#7663 = DIRECTION ( 'NONE',  ( -0.000000000000000000, -1.000000000000000000, -0.000000000000000000 ) ) ;
#7664 = ORIENTED_EDGE ( 'NONE', *, *, #4822, .F. ) ;
#7665 = FACE_OUTER_BOUND ( 'NONE', #5873, .T. ) ;
#7666 = ADVANCED_FACE ( 'NONE', ( #4901 ), #10491, .T. ) ;
#7667 = AXIS2_PLACEMENT_3D ( 'NONE', #12158, #5426, #11202 ) ;
#7668 = VECTOR ( 'NONE', #6165, 1000.000000000000000 ) ;
#7669 = ORIENTED_EDGE ( 'NONE', *, *, #6511, .F. ) ;
#7670 = EDGE_CURVE ( 'NONE', #10220, #10422, #7827, .T. ) ;
#7671 = DIRECTION ( 'NONE',  ( 0.000000000000000000, 0.000000000000000000, 1.000000000000000000 ) ) ;
#7672 = VECTOR ( 'NONE', #2192, 1000.000000000000000 ) ;
#7673 = EDGE_CURVE ( 'NONE', #508, #3314, #7714, .T. ) ;
#7674 = FACE_OUTER_BOUND ( 'NONE', #251, .T. ) ;
#7675 = DIRECTION ( 'NONE',  ( 0.1924154613586769869, -0.9711530084039702304, -0.1408478771513629046 ) ) ;
#7676 = ORIENTED_EDGE ( 'NONE', *, *, #5092, .T. ) ;
#7677 = DIRECTION ( 'NONE',  ( 0.1924154613586756546, -0.9711530084039704525, -0.1408478771513636540 ) ) ;
#7678 = CARTESIAN_POINT ( 'NONE',  ( -116.3767717391519767, 377.5518242583233359, 351.4274360680452105 ) ) ;
#7679 = FACE_BOUND ( 'NONE', #4184, .T. ) ;
#7680 = CIRCLE ( 'NONE', #7269, 3.649999999999986589 ) ;
#7681 = DIRECTION ( 'NONE',  ( -0.000000000000000000, -0.8555234017384714118, -0.5177641442566626173 ) ) ;
#7682 = FACE_OUTER_BOUND ( 'NONE', #3132, .T. ) ;
#7683 = APPROVAL_DATE_TIME ( #8930, #7360 ) ;
#7684 = ORIENTED_EDGE ( 'NONE', *, *, #1918, .F. ) ;
#7685 = B_SPLINE_CURVE_WITH_KNOTS ( 'NONE', 3,
 ( #10331, #11472, #5367, #5495 ),
 .UNSPECIFIED., .F., .F.,
 ( 4, 4 ),
 ( 0.5909767001322596691, 0.7306446846395285855 ),
 .UNSPECIFIED. ) ;
#7686 = CC_DESIGN_APPROVAL ( #7360, ( #4029 ) ) ;
#7687 = ORIENTED_EDGE ( 'NONE', *, *, #9581, .F. ) ;
#7688 = PRODUCT_DEFINITION_SHAPE ( 'NONE', 'NONE',  #7127 ) ;
#7689 = CYLINDRICAL_SURFACE ( 'NONE', #7834, 3.093108195208565281 ) ;
#7690 = DIRECTION ( 'NONE',  ( 0.000000000000000000, 1.000000000000000000, 0.000000000000000000 ) ) ;
#7691 = DIRECTION ( 'NONE',  ( -0.000000000000000000, -0.08715574274765820750, 0.9961946980917455452 ) ) ;
#7692 = VECTOR ( 'NONE', #12205, 1000.000000000000000 ) ;
#7693 = ORIENTED_EDGE ( 'NONE', *, *, #5284, .F. ) ;
#7694 = DIRECTION ( 'NONE',  ( -0.6203463926187213762, 0.000000000000000000, 0.7843279627585255653 ) ) ;
#7695 = CARTESIAN_POINT ( 'NONE',  ( 173.3050511171542212, 117.0000000000000000, 327.9680754845630304 ) ) ;
#7696 = ADVANCED_FACE ( 'NONE', ( #2046 ), #1471, .T. ) ;
#7697 = CARTESIAN_POINT ( 'NONE',  ( 130.5203249716378480, 117.0000000000000000, 368.2120121559649988 ) ) ;
#7698 = DIRECTION ( 'NONE',  ( 0.000000000000000000, 0.000000000000000000, 1.000000000000000000 ) ) ;
#7699 = EDGE_LOOP ( 'NONE', ( #1404, #8084, #4728, #8887 ) ) ;
#7700 = DIRECTION ( 'NONE',  ( -0.6193384587389315632, 0.000000000000000000, -0.7851241134539715949 ) ) ;
#7701 = ORIENTED_EDGE ( 'NONE', *, *, #6868, .F. ) ;
#7702 = VECTOR ( 'NONE', #9647, 1000.000000000000000 ) ;
#7703 = ORIENTED_EDGE ( 'NONE', *, *, #2757, .T. ) ;
#7704 = EDGE_CURVE ( 'NONE', #508, #11934, #3499, .T. ) ;
#7705 = DIRECTION ( 'NONE',  ( -0.000000000000000000, -0.000000000000000000, 1.000000000000000000 ) ) ;
#7706 = EDGE_LOOP ( 'NONE', ( #1825, #4503, #2094, #505 ) ) ;
#7707 = LINE ( 'NONE', #12457, #8417 ) ;
#7708 = DIRECTION ( 'NONE',  ( 0.7625037589850115483, 0.2383113124287892515, -0.6014945850979835917 ) ) ;
#7709 = DIRECTION ( 'NONE',  ( 0.000000000000000000, 0.000000000000000000, 1.000000000000000000 ) ) ;
#7710 = DIRECTION ( 'NONE',  ( 0.08682659386424762538, -0.9924325091389669673, -0.08682659386424761150 ) ) ;
#7711 = ORIENTED_EDGE ( 'NONE', *, *, #7869, .T. ) ;
#7712 = DIRECTION ( 'NONE',  ( 0.000000000000000000, 0.000000000000000000, -1.000000000000000000 ) ) ;
#7713 = VERTEX_POINT ( 'NONE', #6221 ) ;
#7714 =( BOUNDED_CURVE ( )  B_SPLINE_CURVE ( 3, ( #9791, #1093, #4066, #2354 ),
 .UNSPECIFIED., .F., .F. ) 
 B_SPLINE_CURVE_WITH_KNOTS ( ( 4, 4 ),
 ( 4.712388980384689674, 4.759988154710756092 ),
 .UNSPECIFIED. ) 
 CURVE ( )  GEOMETRIC_REPRESENTATION_ITEM ( )  RATIONAL_B_SPLINE_CURVE ( ( 1.000000000000000000, 0.9998112021287883788, 0.9998112021287883788, 1.000000000000000000 ) ) 
 REPRESENTATION_ITEM ( '' )  );
#7715 = ADVANCED_FACE ( 'NONE', ( #12136 ), #4452, .F. ) ;
#7716 = EDGE_CURVE ( 'NONE', #10112, #2183, #11682, .T. ) ;
#7717 = VECTOR ( 'NONE', #8810, 1000.000000000000000 ) ;
#7718 = CYLINDRICAL_SURFACE ( 'NONE', #7358, 10.00000000000000888 ) ;
#7719 = CARTESIAN_POINT ( 'NONE',  ( 130.5203249716378480, 120.0000000000000000, 368.2120121559649988 ) ) ;
#7720 = ORIENTED_EDGE ( 'NONE', *, *, #12543, .T. ) ;
#7721 = EDGE_CURVE ( 'NONE', #1664, #6293, #391, .T. ) ;
#7722 = CARTESIAN_POINT ( 'NONE',  ( -59.20020431027140262, 355.5448881141737161, 384.5372509364611915 ) ) ;
#7723 = PLANE ( 'NONE',  #3318 ) ;
#7724 = DIRECTION ( 'NONE',  ( 0.000000000000000000, -0.9961946980917456562, -0.08715574274765783280 ) ) ;
#7725 = CARTESIAN_POINT ( 'NONE',  ( 191.8873057370086315, 120.0000000000000000, 311.3514577545972202 ) ) ;
#7726 = DIRECTION ( 'NONE',  ( 0.000000000000000000, -0.000000000000000000, -1.000000000000000000 ) ) ;
#7727 = ORIENTED_EDGE ( 'NONE', *, *, #12329, .T. ) ;
#7728 = LINE ( 'NONE', #11596, #11187 ) ;
#7729 = VERTEX_POINT ( 'NONE', #10170 ) ;
#7730 = AXIS2_PLACEMENT_3D ( 'NONE', #9673, #1038, #7187 ) ;
#7731 = CARTESIAN_POINT ( 'NONE',  ( 0.000000000000000000, 442.6530411536430165, 397.5570525041796373 ) ) ;
#7732 = CARTESIAN_POINT ( 'NONE',  ( -168.5062826962636393, 555.1466337354437428, 337.4146007512094911 ) ) ;
#7733 = CARTESIAN_POINT ( 'NONE',  ( 63.01608243374601415, 376.0859873310966464, 385.9443499868726803 ) ) ;
#7734 = ORIENTED_EDGE ( 'NONE', *, *, #2530, .F. ) ;
#7735 = FACE_OUTER_BOUND ( 'NONE', #203, .T. ) ;
#7736 = LINE ( 'NONE', #2906, #10815 ) ;
#7737 = CARTESIAN_POINT ( 'NONE',  ( 158.7296697055454047, 550.1499999999997499, 358.4687384377218677 ) ) ;
#7738 = AXIS2_PLACEMENT_3D ( 'NONE', #2973, #8052, #10012 ) ;
#7739 = ADVANCED_FACE ( 'NONE', ( #4390, #646 ), #7250, .T. ) ;
#7740 = CARTESIAN_POINT ( 'NONE',  ( 192.5135484908170440, 550.1499999999997499, 275.2758781312026031 ) ) ;
#7741 = CIRCLE ( 'NONE', #10969, 3.093108195208548405 ) ;
#7742 = CARTESIAN_POINT ( 'NONE',  ( 212.1416513271663291, 550.1499999999997499, 290.7593395996758545 ) ) ;
#7743 = CALENDAR_DATE ( 2022, 29, 1 ) ;
#7744 = ORIENTED_EDGE ( 'NONE', *, *, #5388, .F. ) ;
#7745 = EDGE_CURVE ( 'NONE', #12127, #619, #3042, .T. ) ;
#7746 = CYLINDRICAL_SURFACE ( 'NONE', #12424, 60.00000000000000000 ) ;
#7747 = DIRECTION ( 'NONE',  ( -0.6193384587389385576, 0.000000000000000000, -0.7851241134539660438 ) ) ;
#7748 = CARTESIAN_POINT ( 'NONE',  ( -21.30323522931121261, 117.0000000000000000, 385.8071906031455001 ) ) ;
#7749 = CARTESIAN_POINT ( 'NONE',  ( -59.26671879462830361, 360.0000000000000000, 374.3406997176694517 ) ) ;
#7750 = VECTOR ( 'NONE', #5440, 1000.000000000000114 ) ;
#7751 = ORIENTED_EDGE ( 'NONE', *, *, #2538, .F. ) ;
#7752 = CARTESIAN_POINT ( 'NONE',  ( -178.0962465139282642, 554.6453351793459206, 327.3864995417210935 ) ) ;
#7753 = CARTESIAN_POINT ( 'NONE',  ( -190.1818355124831328, 117.0000000000000000, 277.5473304590434509 ) ) ;
#7754 = CARTESIAN_POINT ( 'NONE',  ( 151.8249679581558667, 117.0000000000000000, 380.2970430871540657 ) ) ;
#7755 = CARTESIAN_POINT ( 'NONE',  ( -199.9999999999998863, -570.1500000000002046, 0.000000000000000000 ) ) ;
#7756 = VERTEX_POINT ( 'NONE', #9276 ) ;
#7757 = FACE_OUTER_BOUND ( 'NONE', #2449, .T. ) ;
#7758 = ORIENTED_EDGE ( 'NONE', *, *, #6087, .T. ) ;
#7759 = EDGE_LOOP ( 'NONE', ( #10789, #10400, #8450, #3877 ) ) ;
#7760 = EDGE_CURVE ( 'NONE', #8523, #11342, #8394, .T. ) ;
#7761 = EDGE_CURVE ( 'NONE', #5113, #1849, #9145, .T. ) ;
#7762 = CARTESIAN_POINT ( 'NONE',  ( 173.3050511171542212, 117.0000000000000000, 327.9680754845630304 ) ) ;
#7763 = EDGE_LOOP ( 'NONE', ( #3475, #4181, #7701, #11127 ) ) ;
#7764 = CARTESIAN_POINT ( 'NONE',  ( -166.5956421787751367, 555.1724297082188286, 339.8469053554863990 ) ) ;
#7765 = CARTESIAN_POINT ( 'NONE',  ( 75.91256339135492226, 377.6219295655859582, 378.3389978434863679 ) ) ;
#7766 = CIRCLE ( 'NONE', #8547, 1.705470224525384992 ) ;
#7767 = LINE ( 'NONE', #1925, #12039 ) ;
#7768 = EDGE_CURVE ( 'NONE', #11331, #416, #4322, .T. ) ;
#7769 = EDGE_LOOP ( 'NONE', ( #1182, #5566, #8533, #8562 ) ) ;
#7770 = CARTESIAN_POINT ( 'NONE',  ( -51.27543428291507155, 378.2161028627631367, 378.3909812711591485 ) ) ;
#7771 = CARTESIAN_POINT ( 'NONE',  ( -171.9635176810565440, 570.1499999999997499, 262.6205384710227122 ) ) ;
#7772 = ADVANCED_FACE ( 'NONE', ( #9207 ), #1598, .F. ) ;
#7773 = VERTEX_POINT ( 'NONE', #6351 ) ;
#7774 = DIRECTION ( 'NONE',  ( 0.000000000000000000, 0.000000000000000000, -1.000000000000000000 ) ) ;
#7775 = ORIENTED_EDGE ( 'NONE', *, *, #10973, .F. ) ;
#7776 = CARTESIAN_POINT ( 'NONE',  ( -66.20020431027141683, 360.0000000000000000, 384.3406997176695654 ) ) ;
#7777 = CYLINDRICAL_SURFACE ( 'NONE', #5630, 1.373246468596767134 ) ;
#7778 = VERTEX_POINT ( 'NONE', #11118 ) ;
#7779 = CARTESIAN_POINT ( 'NONE',  ( -59.20020431027140262, 360.0000000000000000, 384.3406997176695086 ) ) ;
#7780 = LINE ( 'NONE', #8786, #11647 ) ;
#7781 = CARTESIAN_POINT ( 'NONE',  ( -217.2764603318956631, 544.1385988002065233, 281.8683267631039371 ) ) ;
#7782 = AXIS2_PLACEMENT_3D ( 'NONE', #12430, #2670, #6591 ) ;
#7783 = DIRECTION ( 'NONE',  ( 0.000000000000000000, 0.000000000000000000, -1.000000000000000000 ) ) ;
#7784 = CARTESIAN_POINT ( 'NONE',  ( -197.4793439708892322, 545.1499999999996362, 285.1270897587476156 ) ) ;
#7785 =( BOUNDED_SURFACE ( )  B_SPLINE_SURFACE ( 3, 2, ( 
 ( #9044, #4094, #7976 ),
 ( #11842, #3139, #5115 ),
 ( #8984, #285, #8039 ),
 ( #353, #5557, #3717 ),
 ( #6646, #1687, #5686 ),
 ( #9428, #546, #3659 ),
 ( #10515, #3527, #4601 ),
 ( #9496, #12284, #12351 ),
 ( #9366, #11344, #7402 ),
 ( #7343, #7531, #8554 ),
 ( #740, #8421, #11211 ),
 ( #3593, #8491, #1817 ),
 ( #2711, #2652, #11278 ),
 ( #11466, #10328, #6450 ),
 ( #12411, #6512, #4421 ),
 ( #7595, #8297, #12164 ),
 ( #674, #1755, #7472 ),
 ( #2588, #3464, #2520 ) ),
 .UNSPECIFIED., .F., .F., .T. ) 
 B_SPLINE_SURFACE_WITH_KNOTS ( ( 4, 2, 2, 2, 2, 2, 2, 2, 4 ),
 ( 3, 3 ),
 ( 4.712388980384689674, 4.908738521234051966, 5.105088062083414258, 5.301437602932775661, 5.497787143782137953, 5.694136684631500245, 5.890486225480861648, 6.086835766330223940, 6.283185307179586232 ),
 ( 0.000000000000000000, 1.000000000000000000 ),
 .UNSPECIFIED. ) 
 GEOMETRIC_REPRESENTATION_ITEM ( )  RATIONAL_B_SPLINE_SURFACE ( (
 ( 1.000000000000000000, 0.7071067811865475727, 1.000000000000000000),
 ( 1.000000000000000000, 0.7252757894724374266, 1.000000000000000000),
 ( 1.000000000000000000, 0.7427388173849402975, 1.000000000000000000),
 ( 1.000000000000000000, 0.7759251455221689575, 1.000000000000000000),
 ( 1.000000000000000000, 0.7916478270331771538, 1.000000000000000000),
 ( 1.000000000000000000, 0.8210852510483539479, 1.000000000000000000),
 ( 1.000000000000000000, 0.8348003503197483077, 1.000000000000000000),
 ( 1.000000000000000000, 0.8600103097015582287, 1.000000000000000000),
 ( 1.000000000000000000, 0.8715053805320824853, 1.000000000000000000),
 ( 1.000000000000000000, 0.8921082873081156439, 1.000000000000000000),
 ( 1.000000000000000000, 0.9012162473093616732, 1.000000000000000000),
 ( 1.000000000000000000, 0.9169184243929060507, 1.000000000000000000),
 ( 1.000000000000000000, 0.9235127131965310543, 1.000000000000000000),
 ( 1.000000000000000000, 0.9340987095187759381, 1.000000000000000000),
 ( 1.000000000000000000, 0.9380904561128348140, 1.000000000000000000),
 ( 1.000000000000000000, 0.9434186051277914098, 1.000000000000000000),
 ( 1.000000000000000000, 0.9447550247164533399, 1.000000000000000000),
 ( 1.000000000000000000, 0.9447550247164533399, 1.000000000000000000) ) ) 
 REPRESENTATION_ITEM ( '' )  SURFACE ( )  );
#7786 = ORIENTED_EDGE ( 'NONE', *, *, #917, .T. ) ;
#7787 = FACE_OUTER_BOUND ( 'NONE', #1613, .T. ) ;
#7788 = AXIS2_PLACEMENT_3D ( 'NONE', #4814, #8690, #12553 ) ;
#7789 = DIRECTION ( 'NONE',  ( 0.000000000000000000, 0.000000000000000000, 1.000000000000000000 ) ) ;
#7790 = DIRECTION ( 'NONE',  ( 1.000000000000000000, 0.000000000000000000, 0.000000000000000000 ) ) ;
#7791 = LINE ( 'NONE', #6718, #4986 ) ;
#7792 = EDGE_CURVE ( 'NONE', #11867, #424, #5258, .T. ) ;
#7793 = CARTESIAN_POINT ( 'NONE',  ( 130.5203249716378480, 120.0000000000000000, 376.8992487218271208 ) ) ;
#7794 = DIRECTION ( 'NONE',  ( -0.7851241134539721500, 0.000000000000000000, -0.6193384587389308971 ) ) ;
#7795 = VECTOR ( 'NONE', #10631, 1000.000000000000000 ) ;
#7796 = ADVANCED_FACE ( 'NONE', ( #12198 ), #10033, .T. ) ;
#7797 = LINE ( 'NONE', #2968, #3394 ) ;
#7798 = CARTESIAN_POINT ( 'NONE',  ( 70.18354552143799197, 117.0000000000000000, 368.5173196178369039 ) ) ;
#7799 = ADVANCED_FACE ( 'NONE', ( #4259 ), #12003, .F. ) ;
#7800 = ADVANCED_FACE ( 'NONE', ( #1411 ), #4831, .F. ) ;
#7801 = PERSON_AND_ORGANIZATION ( #4658, #10914 ) ;
#7802 = EDGE_LOOP ( 'NONE', ( #6921, #5184, #7530, #12279 ) ) ;
#7803 = CARTESIAN_POINT ( 'NONE',  ( 155.6329774118507601, 489.0199999999996976, 362.3943590049917134 ) ) ;
#7804 = DIRECTION ( 'NONE',  ( -0.6203463926187218203, 0.000000000000000000, 0.7843279627585253433 ) ) ;
#7805 = ADVANCED_FACE ( 'NONE', ( #3747 ), #8708, .F. ) ;
#7806 = DIRECTION ( 'NONE',  ( 0.000000000000000000, 0.000000000000000000, 1.000000000000000000 ) ) ;
#7807 = DIRECTION ( 'NONE',  ( -0.7071067811865500152, 0.7044160264027562457, 0.06162841671621915873 ) ) ;
#7808 = AXIS2_PLACEMENT_3D ( 'NONE', #8662, #11576, #1264 ) ;
#7809 = FACE_OUTER_BOUND ( 'NONE', #4367, .T. ) ;
#7810 = ORIENTED_EDGE ( 'NONE', *, *, #2914, .T. ) ;
#7811 = AXIS2_PLACEMENT_3D ( 'NONE', #11313, #5589, #7694 ) ;
#7812 = DIRECTION ( 'NONE',  ( 0.000000000000000000, 0.000000000000000000, 1.000000000000000000 ) ) ;
#7813 = CARTESIAN_POINT ( 'NONE',  ( 70.18354552143794933, 117.0000000000000000, 384.8487875627029666 ) ) ;
#7814 = CARTESIAN_POINT ( 'NONE',  ( 66.12448390330172288, 377.5518242583233359, 359.0020664014754743 ) ) ;
#7815 = ORIENTED_EDGE ( 'NONE', *, *, #2932, .T. ) ;
#7816 = VERTEX_POINT ( 'NONE', #9466 ) ;
#7817 = CIRCLE ( 'NONE', #11263, 3.093108195208582600 ) ;
#7818 = DIRECTION ( 'NONE',  ( -1.000000000000000000, -1.217029536772293526E-16, 0.000000000000000000 ) ) ;
#7819 = VERTEX_POINT ( 'NONE', #9400 ) ;
#7820 = ADVANCED_FACE ( 'NONE', ( #842 ), #8650, .F. ) ;
#7821 = AXIS2_PLACEMENT_3D ( 'NONE', #6415, #12250, #9529 ) ;
#7822 = ORIENTED_EDGE ( 'NONE', *, *, #8153, .F. ) ;
#7823 = VECTOR ( 'NONE', #7179, 1000.000000000000000 ) ;
#7824 = EDGE_CURVE ( 'NONE', #12277, #5419, #5, .T. ) ;
#7825 = DIRECTION ( 'NONE',  ( -0.6193384587389302309, 0.000000000000000000, 0.7851241134539725941 ) ) ;
#7826 = ORIENTED_EDGE ( 'NONE', *, *, #3129, .F. ) ;
#7827 = LINE ( 'NONE', #8894, #548 ) ;
#7828 = LINE ( 'NONE', #5496, #8850 ) ;
#7829 = DIRECTION ( 'NONE',  ( -0.000000000000000000, 1.000000000000000000, -0.000000000000000000 ) ) ;
#7830 = CIRCLE ( 'NONE', #6400, 4.476537341592923269 ) ;
#7831 = CARTESIAN_POINT ( 'NONE',  ( -111.3767717391519767, 447.6530411536430165, 392.5570525041796373 ) ) ;
#7832 = CARTESIAN_POINT ( 'NONE',  ( -186.3569881627642815, 550.1500000000582986, 275.0073076457682077 ) ) ;
#7833 = ADVANCED_FACE ( 'NONE', ( #2744 ), #6484, .F. ) ;
#7834 = AXIS2_PLACEMENT_3D ( 'NONE', #10780, #1132, #8873 ) ;
#7835 = VERTEX_POINT ( 'NONE', #1911 ) ;
#7836 = DIRECTION ( 'NONE',  ( 1.000000000000000000, 0.000000000000000000, -0.000000000000000000 ) ) ;
#7837 = ORIENTED_EDGE ( 'NONE', *, *, #9274, .T. ) ;
#7838 = VECTOR ( 'NONE', #6017, 1000.000000000000000 ) ;
#7839 = CARTESIAN_POINT ( 'NONE',  ( 66.12448390330172288, 383.0054035202313685, 379.8138106224483295 ) ) ;
#7840 = CARTESIAN_POINT ( 'NONE',  ( -59.20020431027140262, 353.2500185700606039, 355.6747397121916947 ) ) ;
#7841 = VERTEX_POINT ( 'NONE', #3631 ) ;
#7842 = CARTESIAN_POINT ( 'NONE',  ( 102.5071124636690456, 570.1385227702545535, 351.1942091943486162 ) ) ;
#7843 = LINE ( 'NONE', #4082, #1105 ) ;
#7844 = LINE ( 'NONE', #11710, #3947 ) ;
#7845 = CARTESIAN_POINT ( 'NONE',  ( 0.000000000000000000, -585.1500000000002046, 0.000000000000000000 ) ) ;
#7846 = AXIS2_PLACEMENT_3D ( 'NONE', #8443, #1775, #10346 ) ;
#7847 = ADVANCED_FACE ( 'NONE', ( #11377 ), #1724, .F. ) ;
#7848 = CARTESIAN_POINT ( 'NONE',  ( 195.7024822690796668, 340.0000000000000568, 263.1601945342232511 ) ) ;
#7849 = VECTOR ( 'NONE', #12507, 1000.000000000000114 ) ;
#7850 = ORIENTED_EDGE ( 'NONE', *, *, #8124, .F. ) ;
#7851 = DIRECTION ( 'NONE',  ( 0.000000000000000000, 0.9961946980917455452, -0.08715574274765820750 ) ) ;
#7852 = VECTOR ( 'NONE', #8408, 1000.000000000000114 ) ;
#7853 = CARTESIAN_POINT ( 'NONE',  ( -59.26671879462830361, 368.7211259633094187, 370.8125090381868745 ) ) ;
#7854 = CARTESIAN_POINT ( 'NONE',  ( -102.8717205707465610, 120.0000000000000000, 381.2424543206986982 ) ) ;
#7855 = CARTESIAN_POINT ( 'NONE',  ( -62.78826645942975659, 374.0785508645338382, 385.9443499868726803 ) ) ;
#7856 = VECTOR ( 'NONE', #1009, 1000.000000000000000 ) ;
#7857 = DIRECTION ( 'NONE',  ( 0.000000000000000000, 1.000000000000000000, 0.000000000000000000 ) ) ;
#7858 =( BOUNDED_CURVE ( )  B_SPLINE_CURVE ( 3, ( #8572, #8509, #5512, #7552 ),
 .UNSPECIFIED., .F., .T. ) 
 B_SPLINE_CURVE_WITH_KNOTS ( ( 4, 4 ),
 ( 5.501585242055417879, 7.064785372303754585 ),
 .UNSPECIFIED. ) 
 CURVE ( )  GEOMETRIC_REPRESENTATION_ITEM ( )  RATIONAL_B_SPLINE_CURVE ( ( 1.000000000000000000, 0.8065248903853474705, 0.8065248903853474705, 1.000000000000000000 ) ) 
 REPRESENTATION_ITEM ( '' )  );
#7859 = CARTESIAN_POINT ( 'NONE',  ( -175.1311997525218089, 357.5000000000000000, 324.1304959033155342 ) ) ;
#7860 = LINE ( 'NONE', #1191, #10495 ) ;
#7861 = FACE_OUTER_BOUND ( 'NONE', #3440, .T. ) ;
#7862 = VECTOR ( 'NONE', #8435, 1000.000000000000000 ) ;
#7863 = EDGE_CURVE ( 'NONE', #5305, #5139, #8525, .T. ) ;
#7864 = CALENDAR_DATE ( 2022, 29, 1 ) ;
#7865 = CIRCLE ( 'NONE', #10103, 25.44093595064281743 ) ;
#7866 = ORIENTED_EDGE ( 'NONE', *, *, #6976, .F. ) ;
#7867 = CARTESIAN_POINT ( 'NONE',  ( 14.47175039158928556, 117.0000000000000000, 371.2683589063772160 ) ) ;
#7868 = DIRECTION ( 'NONE',  ( 0.7625037589850115483, 0.2383113124287892515, -0.6014945850979835917 ) ) ;
#7869 = EDGE_CURVE ( 'NONE', #4017, #5119, #9594, .T. ) ;
#7870 = CARTESIAN_POINT ( 'NONE',  ( -59.20020431027140262, 351.4138399208507053, 362.1453932174322858 ) ) ;
#7871 = DIRECTION ( 'NONE',  ( 0.000000000000000000, -0.08715574274765820750, 0.9961946980917455452 ) ) ;
#7872 = VECTOR ( 'NONE', #7465, 1000.000000000000227 ) ;
#7873 = CARTESIAN_POINT ( 'NONE',  ( -195.7024822690793826, 370.0000000000001137, 263.1601945342233648 ) ) ;
#7874 = VERTEX_POINT ( 'NONE', #1792 ) ;
#7875 = EDGE_CURVE ( 'NONE', #5170, #3553, #6559, .T. ) ;
#7876 = FACE_OUTER_BOUND ( 'NONE', #8075, .T. ) ;
#7877 = DIRECTION ( 'NONE',  ( -0.7057575568079470507, -0.7084534360199528091, 0.000000000000000000 ) ) ;
#7878 = CARTESIAN_POINT ( 'NONE',  ( -133.2375149950902653, 370.0000000000001137, 315.4117178721747905 ) ) ;
#7879 = FACE_OUTER_BOUND ( 'NONE', #151, .T. ) ;
#7880 = EDGE_CURVE ( 'NONE', #4148, #2265, #4585, .T. ) ;
#7881 = ORIENTED_EDGE ( 'NONE', *, *, #7955, .T. ) ;
#7882 = ORIENTED_EDGE ( 'NONE', *, *, #12526, .F. ) ;
#7883 = AXIS2_PLACEMENT_3D ( 'NONE', #5709, #6598, #5580 ) ;
#7884 = LINE ( 'NONE', #3934, #161 ) ;
#7885 = ORIENTED_EDGE ( 'NONE', *, *, #11368, .F. ) ;
#7886 = EDGE_LOOP ( 'NONE', ( #6040, #2347 ) ) ;
#7887 = DIRECTION ( 'NONE',  ( -1.000000000000000000, 0.000000000000000000, -1.135654640887155121E-15 ) ) ;
#7888 = ORIENTED_EDGE ( 'NONE', *, *, #7097, .F. ) ;
#7889 = CARTESIAN_POINT ( 'NONE',  ( -204.2508552491786986, 545.1499999999996362, 290.4687386605743313 ) ) ;
#7890 = DIRECTION ( 'NONE',  ( 0.000000000000000000, -0.08715574274765820750, 0.9961946980917455452 ) ) ;
#7891 = VERTEX_POINT ( 'NONE', #3691 ) ;
#7892 = CARTESIAN_POINT ( 'NONE',  ( -66.20020431027140262, 385.0000000000000000, 0.000000000000000000 ) ) ;
#7893 = DIRECTION ( 'NONE',  ( 0.6193384587389274554, 0.000000000000000000, 0.7851241134539747035 ) ) ;
#7894 = EDGE_CURVE ( 'NONE', #1521, #10555, #3574, .T. ) ;
#7895 = EDGE_CURVE ( 'NONE', #8551, #4632, #7009, .T. ) ;
#7896 = EDGE_LOOP ( 'NONE', ( #9490, #2972, #9026, #511 ) ) ;
#7897 = VECTOR ( 'NONE', #1260, 1000.000000000000114 ) ;
#7898 = CARTESIAN_POINT ( 'NONE',  ( -248.5985330171029943, 489.0205802199568552, 196.1048318924144382 ) ) ;
#7899 = EDGE_LOOP ( 'NONE', ( #13, #9913, #748, #6561, #10086, #9745, #5521, #12225, #366 ) ) ;
#7900 = EDGE_CURVE ( 'NONE', #6023, #6877, #4705, .T. ) ;
#7901 = LINE ( 'NONE', #1103, #4720 ) ;
#7902 = DIRECTION ( 'NONE',  ( -0.6193384587389316742, 0.000000000000000000, -0.7851241134539714839 ) ) ;
#7903 = ORIENTED_EDGE ( 'NONE', *, *, #2087, .F. ) ;
#7904 = CARTESIAN_POINT ( 'NONE',  ( 102.3765379557255955, 570.1157619783207338, 351.6688315909392486 ) ) ;
#7905 = LINE ( 'NONE', #153, #343 ) ;
#7906 = LINE ( 'NONE', #210, #6793 ) ;
#7907 = VECTOR ( 'NONE', #5306, 1000.000000000000000 ) ;
#7908 = FACE_OUTER_BOUND ( 'NONE', #6278, .T. ) ;
#7909 = CARTESIAN_POINT ( 'NONE',  ( -79.26671879462830361, 356.9106833265976206, 382.6229516748982746 ) ) ;
#7910 = ORIENTED_EDGE ( 'NONE', *, *, #1235, .F. ) ;
#7911 = FACE_OUTER_BOUND ( 'NONE', #5581, .T. ) ;
#7912 = CIRCLE ( 'NONE', #2441, 1.705470224525384992 ) ;
#7913 = CARTESIAN_POINT ( 'NONE',  ( 199.9999999999999432, 557.7235931288067832, 2.907287811011137172E-14 ) ) ;
#7914 = EDGE_CURVE ( 'NONE', #644, #1361, #12443, .T. ) ;
#7915 = CARTESIAN_POINT ( 'NONE',  ( -149.6759378812392924, 501.0359390972631672, 339.8469053554869674 ) ) ;
#7916 = EDGE_CURVE ( 'NONE', #10194, #9175, #2812, .T. ) ;
#7917 = DIRECTION ( 'NONE',  ( -0.000000000000000000, -1.000000000000000000, -0.000000000000000000 ) ) ;
#7918 = DIRECTION ( 'NONE',  ( -0.000000000000000000, 1.000000000000000000, -0.000000000000000000 ) ) ;
#7919 = DIRECTION ( 'NONE',  ( -0.000000000000000000, -1.000000000000000000, -0.000000000000000000 ) ) ;
#7920 = EDGE_CURVE ( 'NONE', #6580, #4654, #8651, .T. ) ;
#7921 = CYLINDRICAL_SURFACE ( 'NONE', #4295, 3.093108195208626121 ) ;
#7922 = ADVANCED_FACE ( 'NONE', ( #309 ), #3992, .F. ) ;
#7923 = VECTOR ( 'NONE', #6727, 1000.000000000000000 ) ;
#7924 = COORDINATED_UNIVERSAL_TIME_OFFSET ( 3, 0, .AHEAD. ) ;
#7925 = ORIENTED_EDGE ( 'NONE', *, *, #11501, .F. ) ;
#7926 = CARTESIAN_POINT ( 'NONE',  ( 192.0581794645138132, 380.0000000000000000, 308.3031798848943481 ) ) ;
#7927 = CARTESIAN_POINT ( 'NONE',  ( 63.01608243374601415, 376.0859873310966464, 385.9443499868726803 ) ) ;
#7928 = LINE ( 'NONE', #9832, #4465 ) ;
#7929 = CARTESIAN_POINT ( 'NONE',  ( -132.0792540082316577, 550.1499999999997499, 343.8142052428240163 ) ) ;
#7930 = DIRECTION ( 'NONE',  ( -0.000000000000000000, -1.000000000000000000, 0.000000000000000000 ) ) ;
#7931 = ORIENTED_EDGE ( 'NONE', *, *, #5840, .T. ) ;
#7932 = CIRCLE ( 'NONE', #6724, 1.463400710226769874 ) ;
#7933 = CARTESIAN_POINT ( 'NONE',  ( 2.081899558550500674E-14, 572.1499999999997499, 175.7695561956705319 ) ) ;
#7934 = VECTOR ( 'NONE', #7982, 1000.000000000000000 ) ;
#7935 = FACE_OUTER_BOUND ( 'NONE', #5742, .T. ) ;
#7936 = LINE ( 'NONE', #5898, #148 ) ;
#7937 = DIRECTION ( 'NONE',  ( -0.7851241134539720390, -0.000000000000000000, -0.6193384587389308971 ) ) ;
#7938 = ORIENTED_EDGE ( 'NONE', *, *, #9805, .T. ) ;
#7939 = ORIENTED_EDGE ( 'NONE', *, *, #10509, .T. ) ;
#7940 = CYLINDRICAL_SURFACE ( 'NONE', #1391, 60.00000000000000000 ) ;
#7941 = ORIENTED_EDGE ( 'NONE', *, *, #11937, .F. ) ;
#7942 = AXIS2_PLACEMENT_3D ( 'NONE', #4428, #3534, #12292 ) ;
#7943 = ORIENTED_EDGE ( 'NONE', *, *, #8395, .F. ) ;
#7944 = CARTESIAN_POINT ( 'NONE',  ( -111.3767717391519767, 377.5518242583233359, 359.0020664014754743 ) ) ;
#7945 = ORIENTED_EDGE ( 'NONE', *, *, #5643, .F. ) ;
#7946 = LINE ( 'NONE', #4125, #11504 ) ;
#7947 = DIRECTION ( 'NONE',  ( -0.000000000000000000, 0.000000000000000000, 1.000000000000000000 ) ) ;
#7948 = ADVANCED_FACE ( 'NONE', ( #2033 ), #9962, .T. ) ;
#7949 = CARTESIAN_POINT ( 'NONE',  ( -180.0000000000000000, 120.0000000000000000, 250.7734253594447011 ) ) ;
#7950 = CARTESIAN_POINT ( 'NONE',  ( -170.0000000000000284, 570.1499999999997499, 30.00000000000002842 ) ) ;
#7951 = ORIENTED_EDGE ( 'NONE', *, *, #681, .T. ) ;
#7952 = CARTESIAN_POINT ( 'NONE',  ( -177.0287412513492313, 554.9789710167461863, 326.5444071225838911 ) ) ;
#7953 = ORIENTED_EDGE ( 'NONE', *, *, #11234, .F. ) ;
#7954 = EDGE_CURVE ( 'NONE', #11587, #12076, #10910, .T. ) ;
#7955 = EDGE_CURVE ( 'NONE', #1484, #5113, #10886, .T. ) ;
#7956 = ORIENTED_EDGE ( 'NONE', *, *, #7089, .T. ) ;
#7957 = DIRECTION ( 'NONE',  ( 0.7625037589850115483, 0.2383113124287892515, -0.6014945850979835917 ) ) ;
#7958 = CARTESIAN_POINT ( 'NONE',  ( -66.20020431027140262, 353.2500185700606039, 355.6747397121916947 ) ) ;
#7959 = VERTEX_POINT ( 'NONE', #5897 ) ;
#7960 = ADVANCED_FACE ( 'NONE', ( #5075 ), #1969, .F. ) ;
#7961 = VECTOR ( 'NONE', #805, 1000.000000000000000 ) ;
#7962 = CARTESIAN_POINT ( 'NONE',  ( -151.8249679581558098, 117.0000000000000000, 381.2424543206986982 ) ) ;
#7963 = DIRECTION ( 'NONE',  ( 0.000000000000000000, 0.000000000000000000, 1.000000000000000000 ) ) ;
#7964 = CARTESIAN_POINT ( 'NONE',  ( 191.8873057370085746, 117.0000000000000000, 352.5278731045972336 ) ) ;
#7965 = ORIENTED_EDGE ( 'NONE', *, *, #4054, .T. ) ;
#7966 = CIRCLE ( 'NONE', #11209, 4.450000000000009948 ) ;
#7967 = CYLINDRICAL_SURFACE ( 'NONE', #12449, 3.093108195208548405 ) ;
#7968 = DIRECTION ( 'NONE',  ( -0.000000000000000000, -0.000000000000000000, 1.000000000000000000 ) ) ;
#7969 = EDGE_LOOP ( 'NONE', ( #11994, #11350, #9868, #234 ) ) ;
#7970 = PLANE ( 'NONE',  #1868 ) ;
#7971 = VERTEX_POINT ( 'NONE', #4947 ) ;
#7972 = ADVANCED_FACE ( 'NONE', ( #5837, #6794, #9777 ), #9902, .T. ) ;
#7973 = DIRECTION ( 'NONE',  ( -0.000000000000000000, -1.000000000000000000, -0.000000000000000000 ) ) ;
#7975 = ORIENTED_EDGE ( 'NONE', *, *, #5023, .T. ) ;
#7974 = VECTOR ( 'NONE', #10345, 1000.000000000000000 ) ;
#7976 = CARTESIAN_POINT ( 'NONE',  ( 169.9999999999999432, 570.1499999999997499, 263.4502437028849613 ) ) ;
#7977 = DIRECTION ( 'NONE',  ( 0.000000000000000000, 1.000000000000000000, 0.000000000000000000 ) ) ;
#7978 = FACE_OUTER_BOUND ( 'NONE', #1047, .T. ) ;
#7979 = PLANE ( 'NONE',  #4180 ) ;
#7980 = EDGE_LOOP ( 'NONE', ( #9663, #2934, #2587, #785 ) ) ;
#7981 = LINE ( 'NONE', #4038, #11093 ) ;
#7982 = DIRECTION ( 'NONE',  ( 0.000000000000000000, -1.000000000000000000, 0.000000000000000000 ) ) ;
#7983 = VECTOR ( 'NONE', #676, 1000.000000000000114 ) ;
#7984 = EDGE_CURVE ( 'NONE', #6115, #9198, #8881, .T. ) ;
#7985 = ADVANCED_FACE ( 'NONE', ( #10786 ), #6079, .F. ) ;
#7986 = ORIENTED_EDGE ( 'NONE', *, *, #2391, .F. ) ;
#7987 = DIRECTION ( 'NONE',  ( 0.000000000000000000, 0.000000000000000000, 1.000000000000000000 ) ) ;
#7988 = CARTESIAN_POINT ( 'NONE',  ( -88.53618374789279244, 416.8296090012182162, 382.7730451548060842 ) ) ;
#7989 = DIRECTION ( 'NONE',  ( -1.000000000000000000, 0.000000000000000000, 0.000000000000000000 ) ) ;
#7990 = DIRECTION ( 'NONE',  ( -0.000000000000000000, 1.000000000000000000, -0.000000000000000000 ) ) ;
#7991 = FACE_OUTER_BOUND ( 'NONE', #9212, .T. ) ;
#7992 = ORIENTED_EDGE ( 'NONE', *, *, #4547, .F. ) ;
#7994 = FACE_OUTER_BOUND ( 'NONE', #6119, .T. ) ;
#7993 = CIRCLE ( 'NONE', #3535, 3.093108195208626121 ) ;
#7995 = CARTESIAN_POINT ( 'NONE',  ( 227.1074468072384889, 447.7225322203748306, 287.9337328837805785 ) ) ;
#7996 = CARTESIAN_POINT ( 'NONE',  ( 0.000000000000000000, 420.0000000000000000, 383.0504184261441765 ) ) ;
#7997 = CARTESIAN_POINT ( 'NONE',  ( -42.48496570340520861, 120.0000000000000000, 368.8290452823252963 ) ) ;
#7998 = CARTESIAN_POINT ( 'NONE',  ( -134.4132373733292241, 340.0000000000000568, 310.2530072958696792 ) ) ;
#7999 = ORIENTED_EDGE ( 'NONE', *, *, #5239, .F. ) ;
#8000 = EDGE_CURVE ( 'NONE', #3918, #1812, #2218, .T. ) ;
#8001 = ORIENTED_EDGE ( 'NONE', *, *, #10892, .F. ) ;
#8002 = LINE ( 'NONE', #11868, #10511 ) ;
#8003 = ORIENTED_EDGE ( 'NONE', *, *, #2211, .F. ) ;
#8004 = AXIS2_PLACEMENT_3D ( 'NONE', #10872, #6047, #9988 ) ;
#8005 = ORIENTED_EDGE ( 'NONE', *, *, #1070, .F. ) ;
#8006 = VECTOR ( 'NONE', #7313, 1000.000000000000000 ) ;
#8007 = DIRECTION ( 'NONE',  ( 0.000000000000000000, 1.000000000000000000, 0.000000000000000000 ) ) ;
#8008 = EDGE_LOOP ( 'NONE', ( #11163, #6922, #592, #5200 ) ) ;
#8009 = LINE ( 'NONE', #2231, #4808 ) ;
#8010 = CARTESIAN_POINT ( 'NONE',  ( 61.09150759271651765, 340.0000000000000568, 61.09150759276195686 ) ) ;
#8011 = AXIS2_PLACEMENT_3D ( 'NONE', #5163, #2306, #10934 ) ;
#8012 = FACE_BOUND ( 'NONE', #8086, .T. ) ;
#8013 = DIRECTION ( 'NONE',  ( 1.000000000000000000, 0.000000000000000000, 0.000000000000000000 ) ) ;
#8014 = AXIS2_PLACEMENT_3D ( 'NONE', #10599, #3808, #6854 ) ;
#8015 = ORIENTED_EDGE ( 'NONE', *, *, #7092, .F. ) ;
#8016 = FACE_OUTER_BOUND ( 'NONE', #9094, .T. ) ;
#8017 = EDGE_LOOP ( 'NONE', ( #454, #8516, #2556, #2675 ) ) ;
#8018 = VERTEX_POINT ( 'NONE', #10727 ) ;
#8019 = LINE ( 'NONE', #12080, #2042 ) ;
#8020 = CARTESIAN_POINT ( 'NONE',  ( -66.20020431027140262, 348.6241495211186248, 386.3284239788339391 ) ) ;
#8021 = ORIENTED_EDGE ( 'NONE', *, *, #449, .T. ) ;
#8022 = ADVANCED_FACE ( 'NONE', ( #7935 ), #2924, .T. ) ;
#8023 = CARTESIAN_POINT ( 'NONE',  ( -39.95364384931033186, 382.2776525479376915, 361.8621453137576509 ) ) ;
#8024 = CIRCLE ( 'NONE', #5594, 1.100437036551937808 ) ;
#8025 = LINE ( 'NONE', #2246, #9475 ) ;
#8026 = PLANE ( 'NONE',  #11457 ) ;
#8027 = ORIENTED_EDGE ( 'NONE', *, *, #2553, .T. ) ;
#8028 = AXIS2_PLACEMENT_3D ( 'NONE', #11998, #4188, #1592 ) ;
#8029 = FACE_OUTER_BOUND ( 'NONE', #6358, .T. ) ;
#8030 = EDGE_CURVE ( 'NONE', #6377, #9934, #744, .T. ) ;
#8031 = LINE ( 'NONE', #2251, #8151 ) ;
#8032 = CIRCLE ( 'NONE', #3797, 90.47470435369004349 ) ;
#8033 = ORIENTED_EDGE ( 'NONE', *, *, #10635, .F. ) ;
#8034 = CARTESIAN_POINT ( 'NONE',  ( -190.7868687004565800, 117.0000000000000000, 332.2694703950617168 ) ) ;
#8035 = VERTEX_POINT ( 'NONE', #60 ) ;
#8036 = EDGE_CURVE ( 'NONE', #5218, #9361, #8941, .T. ) ;
#8037 = CARTESIAN_POINT ( 'NONE',  ( 181.2150648657962222, 340.0000000000000568, 303.3980800510901190 ) ) ;
#8038 = ORIENTED_EDGE ( 'NONE', *, *, #11815, .T. ) ;
#8039 = CARTESIAN_POINT ( 'NONE',  ( 173.9269422669504479, 569.9566173633668313, 261.7908725774448158 ) ) ;
#8040 = AXIS2_PLACEMENT_3D ( 'NONE', #10153, #4437, #10279 ) ;
#8041 = CARTESIAN_POINT ( 'NONE',  ( -207.4793439708892322, 489.0205802199569689, 272.4502714153074407 ) ) ;
#8042 = CARTESIAN_POINT ( 'NONE',  ( 36.93073935700697064, 416.8296090012182731, 382.7730451548061410 ) ) ;
#8043 = CARTESIAN_POINT ( 'NONE',  ( -51.27543428291507155, 378.1289471200154821, 379.3871759692509045 ) ) ;
#8044 = ORIENTED_EDGE ( 'NONE', *, *, #2416, .T. ) ;
#8045 = LINE ( 'NONE', #6386, #987 ) ;
#8046 = EDGE_CURVE ( 'NONE', #1481, #9247, #4375, .T. ) ;
#8047 = ORIENTED_EDGE ( 'NONE', *, *, #4178, .T. ) ;
#8048 = EDGE_CURVE ( 'NONE', #9692, #4632, #2154, .T. ) ;
#8049 = CIRCLE ( 'NONE', #1363, 3.093108195208626121 ) ;
#8050 = ORIENTED_EDGE ( 'NONE', *, *, #4613, .F. ) ;
#8051 = EDGE_CURVE ( 'NONE', #7244, #5153, #1203, .T. ) ;
#8052 = DIRECTION ( 'NONE',  ( -1.000000000000000000, 0.000000000000000000, 0.000000000000000000 ) ) ;
#8053 = VECTOR ( 'NONE', #1854, 1000.000000000000000 ) ;
#8054 = DIRECTION ( 'NONE',  ( -0.000000000000000000, 1.000000000000000000, -0.000000000000000000 ) ) ;
#8055 = CARTESIAN_POINT ( 'NONE',  ( -153.9321268139373728, 500.9263117651391326, 334.4079777664774724 ) ) ;
#8056 = LINE ( 'NONE', #6913, #9331 ) ;
#8057 = DIRECTION ( 'NONE',  ( -1.000000000000000000, 0.000000000000000000, 0.000000000000000000 ) ) ;
#8058 = ORIENTED_EDGE ( 'NONE', *, *, #4742, .F. ) ;
#8059 = CARTESIAN_POINT ( 'NONE',  ( 25.68605556948977409, 84.90211405479728057, 259.8868383307660679 ) ) ;
#8060 = CYLINDRICAL_SURFACE ( 'NONE', #2086, 1.689261981127287982 ) ;
#8061 = CARTESIAN_POINT ( 'NONE',  ( -171.6157891360268195, 117.0000000000000000, 352.8908367782719324 ) ) ;
#8062 = VECTOR ( 'NONE', #11953, 1000.000000000000000 ) ;
#8063 = FACE_OUTER_BOUND ( 'NONE', #11254, .T. ) ;
#8064 = VECTOR ( 'NONE', #8573, 1000.000000000000000 ) ;
#8065 = ORIENTED_EDGE ( 'NONE', *, *, #10428, .F. ) ;
#8066 = ORIENTED_EDGE ( 'NONE', *, *, #8762, .F. ) ;
#8067 = DIRECTION ( 'NONE',  ( 0.000000000000000000, -0.9961946980917455452, -0.08715574274765820750 ) ) ;
#8068 = VERTEX_POINT ( 'NONE', #1396 ) ;
#8069 = AXIS2_PLACEMENT_3D ( 'NONE', #12202, #1604, #3243 ) ;
#8070 = ORIENTED_EDGE ( 'NONE', *, *, #11575, .F. ) ;
#8071 = VECTOR ( 'NONE', #350, 1000.000000000000000 ) ;
#8072 = DIRECTION ( 'NONE',  ( -0.08682659386424761150, -0.9924325091389669673, -0.08682659386424762538 ) ) ;
#8073 = CARTESIAN_POINT ( 'NONE',  ( -151.8249679581558098, 120.0000000000000000, 380.2970430871539520 ) ) ;
#8074 = AXIS2_PLACEMENT_3D ( 'NONE', #553, #11216, #6127 ) ;
#8075 = EDGE_LOOP ( 'NONE', ( #12397, #8918, #10849, #5977 ) ) ;
#8076 = EDGE_CURVE ( 'NONE', #9029, #10991, #528, .T. ) ;
#8077 = EDGE_CURVE ( 'NONE', #7035, #7729, #1579, .T. ) ;
#8078 = CARTESIAN_POINT ( 'NONE',  ( -174.9943130982813955, 120.0000000000000000, 369.2830108560940516 ) ) ;
#8079 = LINE ( 'NONE', #10742, #2593 ) ;
#8080 = DIRECTION ( 'NONE',  ( 0.000000000000000000, 0.000000000000000000, 1.000000000000000000 ) ) ;
#8081 = CARTESIAN_POINT ( 'NONE',  ( -198.4677831366807368, 549.8164697533117078, 251.4208798540828411 ) ) ;
#8082 = ORIENTED_EDGE ( 'NONE', *, *, #4898, .F. ) ;
#8083 = FACE_BOUND ( 'NONE', #11251, .T. ) ;
#8084 = ORIENTED_EDGE ( 'NONE', *, *, #813, .F. ) ;
#8085 = EDGE_CURVE ( 'NONE', #1522, #8457, #2143, .T. ) ;
#8086 = EDGE_LOOP ( 'NONE', ( #2500, #9936 ) ) ;
#8087 = APPROVAL_PERSON_ORGANIZATION ( #8696, #7360, #3090 ) ;
#8088 = FACE_OUTER_BOUND ( 'NONE', #11075, .T. ) ;
#8089 = ORIENTED_EDGE ( 'NONE', *, *, #709, .T. ) ;
#8090 = FACE_OUTER_BOUND ( 'NONE', #12346, .T. ) ;
#8091 = CARTESIAN_POINT ( 'NONE',  ( 190.1818355124832465, 117.0000000000000000, 311.3514577545972202 ) ) ;
#8092 = EDGE_LOOP ( 'NONE', ( #10655, #4968, #11233, #5562 ) ) ;
#8093 = DIRECTION ( 'NONE',  ( 0.000000000000000000, 0.000000000000000000, 1.000000000000000000 ) ) ;
#8094 = DIRECTION ( 'NONE',  ( -0.000000000000000000, 1.000000000000000000, -0.000000000000000000 ) ) ;
#8095 = EDGE_LOOP ( 'NONE', ( #6622, #2576, #5343, #10579 ) ) ;
#8096 = CARTESIAN_POINT ( 'NONE',  ( 63.22710656346757219, 374.2316775422134469, 378.0423892249454525 ) ) ;
#8097 = ORIENTED_EDGE ( 'NONE', *, *, #5984, .F. ) ;
#8098 = EDGE_CURVE ( 'NONE', #10073, #9299, #1538, .T. ) ;
#8099 = CIRCLE ( 'NONE', #2634, 0.9454112335447462101 ) ;
#8100 = DIRECTION ( 'NONE',  ( 0.000000000000000000, 0.000000000000000000, 1.000000000000000000 ) ) ;
#8101 = VERTEX_POINT ( 'NONE', #6334 ) ;
#8102 = DIRECTION ( 'NONE',  ( 0.7071067811868110287, 0.000000000000000000, -0.7071067811862840058 ) ) ;
#8103 = FACE_OUTER_BOUND ( 'NONE', #9043, .T. ) ;
#8104 = DIRECTION ( 'NONE',  ( 0.000000000000000000, -1.000000000000000000, 0.000000000000000000 ) ) ;
#8105 = CARTESIAN_POINT ( 'NONE',  ( 59.34243920159818231, 383.0054035202313685, 379.8138106224483295 ) ) ;
#8106 = ORIENTED_EDGE ( 'NONE', *, *, #10775, .F. ) ;
#8107 = PLANE ( 'NONE',  #6859 ) ;
#8108 = ORIENTED_EDGE ( 'NONE', *, *, #11070, .T. ) ;
#8109 = ORIENTED_EDGE ( 'NONE', *, *, #12526, .T. ) ;
#8110 = CARTESIAN_POINT ( 'NONE',  ( -130.5203249716377911, 117.0000000000000000, 368.2120121559648851 ) ) ;
#8111 = LINE ( 'NONE', #7159, #11489 ) ;
#8112 = AXIS2_PLACEMENT_3D ( 'NONE', #302, #5192, #6200 ) ;
#8113 = CARTESIAN_POINT ( 'NONE',  ( -66.20020431027140262, 352.9289321823176238, 381.4117675237180265 ) ) ;
#8114 = CARTESIAN_POINT ( 'NONE',  ( -70.18354552143790670, 117.0000000000000000, 369.2830108560940516 ) ) ;
#8115 = DIRECTION ( 'NONE',  ( -0.7625037589850115483, -0.2383113124287892792, 0.6014945850979835917 ) ) ;
#8116 = ORIENTED_EDGE ( 'NONE', *, *, #7605, .T. ) ;
#8117 = CARTESIAN_POINT ( 'NONE',  ( 171.6157891360269332, 117.0000000000000000, 290.9472914527386251 ) ) ;
#8118 = ADVANCED_FACE ( 'NONE', ( #9256 ), #4308, .F. ) ;
#8119 = DIRECTION ( 'NONE',  ( 0.1924154613586765150, -0.9711530084039703414, -0.1408478771513629324 ) ) ;
#8120 = CARTESIAN_POINT ( 'NONE',  ( 161.0161019767622008, 478.8056473820255405, 313.8134679813510957 ) ) ;
#8121 = CARTESIAN_POINT ( 'NONE',  ( 101.3506228754718848, 570.1160211952075088, 351.4274360680452105 ) ) ;
#8122 = AXIS2_PLACEMENT_3D ( 'NONE', #8724, #4965, #6934 ) ;
#8123 = EDGE_LOOP ( 'NONE', ( #9199, #7082, #2259, #9813 ) ) ;
#8124 = EDGE_CURVE ( 'NONE', #3679, #4791, #8032, .T. ) ;
#8125 = VERTEX_POINT ( 'NONE', #441 ) ;
#8126 = ORIENTED_EDGE ( 'NONE', *, *, #9106, .T. ) ;
#8127 = FACE_OUTER_BOUND ( 'NONE', #7579, .T. ) ;
#8128 = EDGE_LOOP ( 'NONE', ( #6713, #9601, #798, #815 ) ) ;
#8129 = VERTEX_POINT ( 'NONE', #12180 ) ;
#8130 = LINE ( 'NONE', #3296, #7823 ) ;
#8131 = AXIS2_PLACEMENT_3D ( 'NONE', #7949, #78, #983 ) ;
#8132 = PLANE ( 'NONE',  #11703 ) ;
#8133 = VERTEX_POINT ( 'NONE', #7299 ) ;
#8134 = CARTESIAN_POINT ( 'NONE',  ( -159.9882456869716520, 320.0000000000000568, 309.1348121858569016 ) ) ;
#8135 = CARTESIAN_POINT ( 'NONE',  ( -160.8382317221725373, 443.4226777085931417, 371.9420130233555142 ) ) ;
#8136 = DIRECTION ( 'NONE',  ( -0.000000000000000000, -0.08715574274765820750, 0.9961946980917455452 ) ) ;
#8137 = DIRECTION ( 'NONE',  ( 1.000000000000000000, 0.000000000000000000, 0.000000000000000000 ) ) ;
#8138 = CIRCLE ( 'NONE', #4283, 72.35470789463238361 ) ;
#8139 = EDGE_LOOP ( 'NONE', ( #9474, #9978, #10284, #2776 ) ) ;
#8140 = CIRCLE ( 'NONE', #5105, 4.476537341592923269 ) ;
#8141 = CARTESIAN_POINT ( 'NONE',  ( -50.51394905014938530, 370.0000000000000000, 375.2826803297231208 ) ) ;
#8142 = ORIENTED_EDGE ( 'NONE', *, *, #9787, .T. ) ;
#8143 = ADVANCED_FACE ( 'NONE', ( #7168 ), #8182, .T. ) ;
#8144 = EDGE_CURVE ( 'NONE', #8610, #8697, #6401, .T. ) ;
#8145 = ORIENTED_EDGE ( 'NONE', *, *, #5125, .T. ) ;
#8146 = DIRECTION ( 'NONE',  ( -1.000000000000000000, -0.000000000000000000, -0.000000000000000000 ) ) ;
#8147 = FACE_OUTER_BOUND ( 'NONE', #2677, .T. ) ;
#8148 = ORIENTED_EDGE ( 'NONE', *, *, #8519, .F. ) ;
#8149 = CARTESIAN_POINT ( 'NONE',  ( 208.7092815372182315, 539.1499999999995225, 280.4096401365157476 ) ) ;
#8150 = LINE ( 'NONE', #8212, #6217 ) ;
#8151 = VECTOR ( 'NONE', #9992, 1000.000000000000114 ) ;
#8152 = ORIENTED_EDGE ( 'NONE', *, *, #3694, .T. ) ;
#8153 = EDGE_CURVE ( 'NONE', #1424, #4441, #10216, .T. ) ;
#8154 = DIRECTION ( 'NONE',  ( 0.000000000000000000, -0.000000000000000000, -1.000000000000000000 ) ) ;
#8155 = DIRECTION ( 'NONE',  ( 0.000000000000000000, 1.000000000000000000, 0.000000000000000000 ) ) ;
#8156 = ORIENTED_EDGE ( 'NONE', *, *, #3983, .T. ) ;
#8157 = VERTEX_POINT ( 'NONE', #11988 ) ;
#8158 = CARTESIAN_POINT ( 'NONE',  ( -138.6532530255041422, 370.0000000000001137, 300.6102691009217551 ) ) ;
#8159 = ORIENTED_EDGE ( 'NONE', *, *, #2883, .F. ) ;
#8160 = LINE ( 'NONE', #7210, #6547 ) ;
#8161 = ORIENTED_EDGE ( 'NONE', *, *, #620, .F. ) ;
#8162 = CARTESIAN_POINT ( 'NONE',  ( -165.7249778217471032, 388.3773415536173843, 277.0719801583350659 ) ) ;
#8163 = CARTESIAN_POINT ( 'NONE',  ( 191.8873057370085746, 120.0000000000000000, 351.4274360680452673 ) ) ;
#8164 = CARTESIAN_POINT ( 'NONE',  ( -116.3767717391519767, 442.6530411536430165, 351.4274360680452105 ) ) ;
#8165 = PLANE ( 'NONE',  #7441 ) ;
#8166 = ORIENTED_EDGE ( 'NONE', *, *, #6953, .T. ) ;
#8167 = DIRECTION ( 'NONE',  ( -0.000000000000000000, 0.000000000000000000, -1.000000000000000000 ) ) ;
#8168 = VECTOR ( 'NONE', #2650, 1000.000000000000114 ) ;
#8169 = ORIENTED_EDGE ( 'NONE', *, *, #9105, .T. ) ;
#8170 = ORIENTED_EDGE ( 'NONE', *, *, #1406, .T. ) ;
#8171 = VECTOR ( 'NONE', #7918, 1000.000000000000000 ) ;
#8172 = LINE ( 'NONE', #12230, #1243 ) ;
#8173 = PLANE ( 'NONE',  #8238 ) ;
#8174 = EDGE_CURVE ( 'NONE', #11940, #11342, #5385, .T. ) ;
#8175 = DIRECTION ( 'NONE',  ( 0.000000000000000000, 0.000000000000000000, 1.000000000000000000 ) ) ;
#8176 = CARTESIAN_POINT ( 'NONE',  ( 195.7024822690793826, 89.99999999999997158, 263.1601945342233648 ) ) ;
#8177 = CYLINDRICAL_SURFACE ( 'NONE', #1328, 10.00000000000000888 ) ;
#8178 = ORIENTED_EDGE ( 'NONE', *, *, #8085, .F. ) ;
#8179 = CARTESIAN_POINT ( 'NONE',  ( -85.94081487646127471, 387.3387185412922804, 378.1852868871911255 ) ) ;
#8180 = ADVANCED_FACE ( 'NONE', ( #9064 ), #10970, .T. ) ;
#8181 = DIRECTION ( 'NONE',  ( -0.000000000000000000, -1.000000000000000000, 0.000000000000000000 ) ) ;
#8182 = PLANE ( 'NONE',  #12090 ) ;
#8183 = VECTOR ( 'NONE', #1110, 1000.000000000000000 ) ;
#8184 = CARTESIAN_POINT ( 'NONE',  ( -166.2758664040001690, 500.7070571008912339, 318.6731749292977156 ) ) ;
#8185 = ADVANCED_FACE ( 'NONE', ( #11033 ), #8315, .F. ) ;
#8186 = ADVANCED_FACE ( 'NONE', ( #2540 ), #8248, .T. ) ;
#8187 = ORIENTED_EDGE ( 'NONE', *, *, #2499, .T. ) ;
#8188 = ORIENTED_EDGE ( 'NONE', *, *, #7558, .F. ) ;
#8189 = ORIENTED_EDGE ( 'NONE', *, *, #12545, .T. ) ;
#8190 = CARTESIAN_POINT ( 'NONE',  ( 250.1687812440109155, 501.6802010741481013, 197.3435088098919721 ) ) ;
#8191 = ORIENTED_EDGE ( 'NONE', *, *, #12547, .T. ) ;
#8192 = EDGE_CURVE ( 'NONE', #1528, #7305, #4176, .T. ) ;
#8193 = VERTEX_POINT ( 'NONE', #7105 ) ;
#8194 = AXIS2_PLACEMENT_3D ( 'NONE', #6647, #11407, #11533 ) ;
#8195 = DIRECTION ( 'NONE',  ( 0.000000000000000000, -0.9961946980917455452, -0.08715574274765820750 ) ) ;
#8196 = CARTESIAN_POINT ( 'NONE',  ( -42.48496570340520861, 117.0000000000000000, 371.2683589063772160 ) ) ;
#8197 = ORIENTED_EDGE ( 'NONE', *, *, #7384, .T. ) ;
#8198 = DIRECTION ( 'NONE',  ( 1.000000000000000000, -0.000000000000000000, -0.000000000000000000 ) ) ;
#8199 = CARTESIAN_POINT ( 'NONE',  ( -59.26671879462830361, 355.0000000001174385, 358.6113322206787188 ) ) ;
#8200 = DIRECTION ( 'NONE',  ( 0.000000000000000000, 0.000000000000000000, 1.000000000000000000 ) ) ;
#8201 = EDGE_CURVE ( 'NONE', #4386, #10177, #7227, .T. ) ;
#8202 = ORIENTED_EDGE ( 'NONE', *, *, #7670, .F. ) ;
#8203 = CARTESIAN_POINT ( 'NONE',  ( -174.6781524912949237, 555.0370064033196513, 329.5471993326197548 ) ) ;
#8204 = VERTEX_POINT ( 'NONE', #10089 ) ;
#8205 = ADVANCED_FACE ( 'NONE', ( #2855 ), #7490, .T. ) ;
#8206 = AXIS2_PLACEMENT_3D ( 'NONE', #5655, #7440, #839 ) ;
#8207 = ORIENTED_EDGE ( 'NONE', *, *, #9689, .F. ) ;
#8208 = DIRECTION ( 'NONE',  ( 0.000000000000000000, 0.000000000000000000, -1.000000000000000000 ) ) ;
#8209 = DIRECTION ( 'NONE',  ( -0.7625037589850115483, -0.2383113124287892515, 0.6014945850979835917 ) ) ;
#8210 = ORIENTED_EDGE ( 'NONE', *, *, #224, .F. ) ;
#8211 = LINE ( 'NONE', #4206, #10248 ) ;
#8212 = CARTESIAN_POINT ( 'NONE',  ( -190.4399861039909467, 554.4260805150977376, 311.6516967045412798 ) ) ;
#8213 = AXIS2_PLACEMENT_3D ( 'NONE', #10429, #12210, #5603 ) ;
#8214 = ORIENTED_EDGE ( 'NONE', *, *, #313, .T. ) ;
#8215 = EDGE_CURVE ( 'NONE', #5903, #2509, #6418, .T. ) ;
#8216 = CYLINDRICAL_SURFACE ( 'NONE', #910, 1.705470224525384992 ) ;
#8217 = AXIS2_PLACEMENT_3D ( 'NONE', #2623, #11498, #1718 ) ;
#8218 = CARTESIAN_POINT ( 'NONE',  ( 248.5985330171029375, 377.4823331915915787, 196.1048318924140688 ) ) ;
#8219 = ORIENTED_EDGE ( 'NONE', *, *, #1673, .F. ) ;
#8220 = ORIENTED_EDGE ( 'NONE', *, *, #3585, .T. ) ;
#8221 = DIRECTION ( 'NONE',  ( 0.000000000000000000, 0.000000000000000000, -1.000000000000000000 ) ) ;
#8222 = EDGE_LOOP ( 'NONE', ( #10489, #4666, #7309, #11269 ) ) ;
#8223 = AXIS2_PLACEMENT_3D ( 'NONE', #10827, #5116, #7149 ) ;
#8224 = DIRECTION ( 'NONE',  ( -0.7625037589850115483, -0.2383113124287892515, 0.6014945850979835917 ) ) ;
#8225 = ORIENTED_EDGE ( 'NONE', *, *, #12165, .T. ) ;
#8226 = AXIS2_PLACEMENT_3D ( 'NONE', #8328, #5463, #2290 ) ;
#8227 = DIRECTION ( 'NONE',  ( 0.000000000000000000, 0.000000000000000000, 1.000000000000000000 ) ) ;
#8228 = DIRECTION ( 'NONE',  ( -0.000000000000000000, 1.000000000000000000, -0.000000000000000000 ) ) ;
#8229 = EDGE_CURVE ( 'NONE', #11992, #7093, #7426, .T. ) ;
#8230 = CARTESIAN_POINT ( 'NONE',  ( -174.3634170613648564, 500.5974297687673129, 308.3772996811273401 ) ) ;
#8231 = AXIS2_PLACEMENT_3D ( 'NONE', #12384, #5719, #11314 ) ;
#8232 = CARTESIAN_POINT ( 'NONE',  ( 130.5203249716378480, 117.0000000000000000, 376.8992487218271208 ) ) ;
#8233 = ORIENTED_EDGE ( 'NONE', *, *, #4347, .T. ) ;
#8234 = DIRECTION ( 'NONE',  ( 0.000000000000000000, 0.8555234017384714118, 0.5177641442566626173 ) ) ;
#8235 = VECTOR ( 'NONE', #1939, 1000.000000000000000 ) ;
#8236 = ORIENTED_EDGE ( 'NONE', *, *, #3861, .F. ) ;
#8237 = DIRECTION ( 'NONE',  ( -1.000000000000000000, 0.000000000000000000, 0.000000000000000000 ) ) ;
#8238 = AXIS2_PLACEMENT_3D ( 'NONE', #11852, #432, #9952 ) ;
#8239 = ORIENTED_EDGE ( 'NONE', *, *, #5201, .F. ) ;
#8240 = VECTOR ( 'NONE', #357, 1000.000000000000114 ) ;
#8241 = CARTESIAN_POINT ( 'NONE',  ( -66.20020431027140262, 349.9664966760428797, 370.8721002597042684 ) ) ;
#8242 = CARTESIAN_POINT ( 'NONE',  ( 171.6157891360269616, 120.0000000000000000, 290.9472914527386820 ) ) ;
#8243 = CARTESIAN_POINT ( 'NONE',  ( -167.3215075978934294, 340.0000000000000568, 273.5368941991033012 ) ) ;
#8244 = DIRECTION ( 'NONE',  ( 1.000000000000000000, 0.000000000000000000, 0.000000000000000000 ) ) ;
#8245 = ORIENTED_EDGE ( 'NONE', *, *, #1164, .F. ) ;
#8246 = DIRECTION ( 'NONE',  ( 0.000000000000000000, 1.000000000000000000, 0.000000000000000000 ) ) ;
#8247 = DIRECTION ( 'NONE',  ( 0.000000000000000000, 1.000000000000000000, -0.000000000000000000 ) ) ;
#8248 = CYLINDRICAL_SURFACE ( 'NONE', #12496, 3.093108195208626121 ) ;
#8249 = DIRECTION ( 'NONE',  ( -0.000000000000000000, -0.08715574274765820750, 0.9961946980917455452 ) ) ;
#8250 = EDGE_CURVE ( 'NONE', #10440, #1284, #11297, .T. ) ;
#8251 = ORIENTED_EDGE ( 'NONE', *, *, #11397, .T. ) ;
#8252 = VERTEX_POINT ( 'NONE', #6592 ) ;
#8253 = ORIENTED_EDGE ( 'NONE', *, *, #11283, .T. ) ;
#8254 = CARTESIAN_POINT ( 'NONE',  ( 165.0713021149375663, 352.5000000000000000, 331.1634153273903962 ) ) ;
#8255 = AXIS2_PLACEMENT_3D ( 'NONE', #1472, #10234, #11315 ) ;
#8256 = ADVANCED_FACE ( 'NONE', ( #1839 ), #12431, .F. ) ;
#8257 = ORIENTED_EDGE ( 'NONE', *, *, #1279, .F. ) ;
#8258 = EDGE_CURVE ( 'NONE', #6665, #11824, #2579, .T. ) ;
#8259 = ORIENTED_EDGE ( 'NONE', *, *, #8420, .F. ) ;
#8260 = EDGE_CURVE ( 'NONE', #188, #5380, #9407, .T. ) ;
#8261 = LINE ( 'NONE', #6284, #10260 ) ;
#8262 = AXIS2_PLACEMENT_3D ( 'NONE', #10678, #11390, #9483 ) ;
#8263 = LINE ( 'NONE', #1341, #1364 ) ;
#8264 = AXIS2_PLACEMENT_3D ( 'NONE', #5476, #9543, #720 ) ;
#8265 = ORIENTED_EDGE ( 'NONE', *, *, #6082, .F. ) ;
#8266 = DIRECTION ( 'NONE',  ( 0.1924154613586764873, -0.9711530084039702304, -0.1408478771513639038 ) ) ;
#8267 = CARTESIAN_POINT ( 'NONE',  ( -143.3829173746332799, 340.0000000000000568, 292.2807152801595976 ) ) ;
#8268 = EDGE_CURVE ( 'NONE', #8624, #193, #9384, .T. ) ;
#8269 = CYLINDRICAL_SURFACE ( 'NONE', #3381, 74.88840032043542294 ) ;
#8270 =( BOUNDED_CURVE ( )  B_SPLINE_CURVE ( 3, ( #6378, #11406, #2778, #6572 ),
 .UNSPECIFIED., .F., .T. ) 
 B_SPLINE_CURVE_WITH_KNOTS ( ( 4, 4 ),
 ( 4.712388980384689674, 6.283185307179586232 ),
 .UNSPECIFIED. ) 
 CURVE ( )  GEOMETRIC_REPRESENTATION_ITEM ( )  RATIONAL_B_SPLINE_CURVE ( ( 1.000000000000000000, 0.8047378541243649375, 0.8047378541243649375, 1.000000000000000000 ) ) 
 REPRESENTATION_ITEM ( '' )  );
#8271 = CARTESIAN_POINT ( 'NONE',  ( -190.9624554518968864, 545.0678202857598080, 277.2421706000194490 ) ) ;
#8272 = ORIENTED_EDGE ( 'NONE', *, *, #1591, .T. ) ;
#8273 = AXIS2_PLACEMENT_3D ( 'NONE', #7952, #11821, #6995 ) ;
#8274 = FACE_BOUND ( 'NONE', #9204, .T. ) ;
#8275 = AXIS2_PLACEMENT_3D ( 'NONE', #3011, #6885, #9863 ) ;
#8276 = EDGE_LOOP ( 'NONE', ( #5270, #7312 ) ) ;
#8277 = ORIENTED_EDGE ( 'NONE', *, *, #11102, .F. ) ;
#8278 = VECTOR ( 'NONE', #11776, 1000.000000000000000 ) ;
#8279 = CARTESIAN_POINT ( 'NONE',  ( -173.3050511171541075, 117.0000000000000000, 327.9680754845628599 ) ) ;
#8280 = PLANE ( 'NONE',  #6845 ) ;
#8281 = EDGE_LOOP ( 'NONE', ( #2993, #7129, #12481, #11039 ) ) ;
#8282 = DIRECTION ( 'NONE',  ( 0.000000000000000000, 0.000000000000000000, 1.000000000000000000 ) ) ;
#8283 = LINE ( 'NONE', #3514, #2376 ) ;
#8284 = CIRCLE ( 'NONE', #7058, 0.7656912382572045317 ) ;
#8285 = ORIENTED_EDGE ( 'NONE', *, *, #7442, .F. ) ;
#8286 = EDGE_CURVE ( 'NONE', #6626, #2444, #11359, .T. ) ;
#8287 = LINE ( 'NONE', #6562, #6971 ) ;
#8288 = FACE_OUTER_BOUND ( 'NONE', #3714, .T. ) ;
#8289 = ORIENTED_EDGE ( 'NONE', *, *, #5044, .F. ) ;
#8290 = ORIENTED_EDGE ( 'NONE', *, *, #11168, .T. ) ;
#8291 = DIRECTION ( 'NONE',  ( -0.000000000000000000, 0.000000000000000000, -1.000000000000000000 ) ) ;
#8292 = ORIENTED_EDGE ( 'NONE', *, *, #10396, .T. ) ;
#8293 = LOCAL_TIME ( 15, 55, 4.000000000000000000, #5887 ) ;
#8294 = CC_DESIGN_PERSON_AND_ORGANIZATION_ASSIGNMENT ( #5946, #8805, ( #893 ) ) ;
#8295 = FACE_OUTER_BOUND ( 'NONE', #9196, .T. ) ;
#8296 = ORIENTED_EDGE ( 'NONE', *, *, #8318, .F. ) ;
#8297 = CARTESIAN_POINT ( 'NONE',  ( 199.9197038769240748, 542.9294344596388555, 257.8140993105592429 ) ) ;
#8298 = LINE ( 'NONE', #6380, #3767 ) ;
#8299 = DIRECTION ( 'NONE',  ( 0.000000000000000000, -0.9961946980917455452, -0.08715574274765781893 ) ) ;
#8300 = FACE_OUTER_BOUND ( 'NONE', #4663, .T. ) ;
#8301 = DIRECTION ( 'NONE',  ( -0.000000000000000000, 1.000000000000000000, -0.000000000000000000 ) ) ;
#8302 = ORIENTED_EDGE ( 'NONE', *, *, #7761, .F. ) ;
#8303 = CARTESIAN_POINT ( 'NONE',  ( 0.000000000000000000, 345.0000000000000000, 0.000000000000000000 ) ) ;
#8304 = CIRCLE ( 'NONE', #10534, 0.9584030404425902816 ) ;
#8305 = ORIENTED_EDGE ( 'NONE', *, *, #11228, .T. ) ;
#8306 = EDGE_CURVE ( 'NONE', #260, #2383, #5639, .T. ) ;
#8307 = EDGE_CURVE ( 'NONE', #1043, #10325, #7858, .T. ) ;
#8308 = LINE ( 'NONE', #6325, #11177 ) ;
#8309 = LINE ( 'NONE', #12114, #4583 ) ;
#8310 = CARTESIAN_POINT ( 'NONE',  ( 130.5203249716378480, 120.0000000000000000, 360.6470121559650011 ) ) ;
#8311 = CARTESIAN_POINT ( 'NONE',  ( -50.51394905014938530, 365.0000000000000000, 375.2826803297231208 ) ) ;
#8312 = ORIENTED_EDGE ( 'NONE', *, *, #6472, .F. ) ;
#8313 = DIRECTION ( 'NONE',  ( 0.000000000000000000, 0.000000000000000000, 1.000000000000000000 ) ) ;
#8314 = CARTESIAN_POINT ( 'NONE',  ( -171.9243767188970651, 554.7549625114695573, 335.2539009603106024 ) ) ;
#8315 = PLANE ( 'NONE',  #3165 ) ;
#8316 = AXIS2_PLACEMENT_3D ( 'NONE', #7083, #4350, #8227 ) ;
#8317 = EDGE_CURVE ( 'NONE', #5519, #5389, #2730, .T. ) ;
#8318 = EDGE_CURVE ( 'NONE', #2396, #11808, #9147, .T. ) ;
#8319 = CARTESIAN_POINT ( 'NONE',  ( -195.7024822690795816, -7.938782836991120696E-16, 263.1601945342234785 ) ) ;
#8320 = EDGE_LOOP ( 'NONE', ( #7421, #6282 ) ) ;
#8321 = ORIENTED_EDGE ( 'NONE', *, *, #12022, .T. ) ;
#8322 = EDGE_LOOP ( 'NONE', ( #3489, #9613, #6060, #6970, #12030 ) ) ;
#8323 = FACE_OUTER_BOUND ( 'NONE', #4584, .T. ) ;
#8324 = VERTEX_POINT ( 'NONE', #4689 ) ;
#8325 = VECTOR ( 'NONE', #5951, 1000.000000000000000 ) ;
#8326 = ORIENTED_EDGE ( 'NONE', *, *, #4807, .T. ) ;
#8327 = CARTESIAN_POINT ( 'NONE',  ( 180.0000000000000000, 540.1499999999996362, 250.7734253594446443 ) ) ;
#8328 = CARTESIAN_POINT ( 'NONE',  ( -123.8466594585591878, 340.0000000000000568, 271.6422038917222608 ) ) ;
#8329 = CARTESIAN_POINT ( 'NONE',  ( -74.95297405475031383, 370.0000000000000000, 370.8061429881302047 ) ) ;
#8330 = ORIENTED_EDGE ( 'NONE', *, *, #3184, .T. ) ;
#8331 = DIRECTION ( 'NONE',  ( -0.7851241134539721500, 0.000000000000000000, -0.6193384587389308971 ) ) ;
#8332 = DIRECTION ( 'NONE',  ( -0.000000000000000000, -1.000000000000000000, -0.000000000000000000 ) ) ;
#8333 = DIRECTION ( 'NONE',  ( 1.000000000000000000, 0.000000000000000000, 0.000000000000000000 ) ) ;
#8334 = CARTESIAN_POINT ( 'NONE',  ( -195.0746665294552429, 542.9829562317692080, 272.0291953180105224 ) ) ;
#8335 = ORIENTED_EDGE ( 'NONE', *, *, #11145, .F. ) ;
#8336 = FACE_BOUND ( 'NONE', #11042, .T. ) ;
#8337 = EDGE_LOOP ( 'NONE', ( #4021, #7482, #3490, #6480 ) ) ;
#8338 = AXIS2_PLACEMENT_3D ( 'NONE', #1128, #6844, #8866 ) ;
#8339 = ORIENTED_EDGE ( 'NONE', *, *, #4687, .T. ) ;
#8340 = CARTESIAN_POINT ( 'NONE',  ( 0.000000000000000000, 540.1499999999996362, 0.000000000000000000 ) ) ;
#8341 = CARTESIAN_POINT ( 'NONE',  ( 181.8450832321779558, 420.0000000000000000, 295.7635224797913338 ) ) ;
#8342 = ORIENTED_EDGE ( 'NONE', *, *, #6721, .T. ) ;
#8343 = CARTESIAN_POINT ( 'NONE',  ( -62.80334236607136233, 397.6372191994531704, 380.0901087836376746 ) ) ;
#8344 = LINE ( 'NONE', #1675, #762 ) ;
#8345 = EDGE_LOOP ( 'NONE', ( #7330, #11945, #3880, #8771 ) ) ;
#8346 = ADVANCED_FACE ( 'NONE', ( #759 ), #3674, .F. ) ;
#8347 = AXIS2_PLACEMENT_3D ( 'NONE', #7546, #6661, #7671 ) ;
#8348 = DIRECTION ( 'NONE',  ( 0.000000000000000000, 1.000000000000000000, 0.000000000000000000 ) ) ;
#8349 = AXIS2_PLACEMENT_3D ( 'NONE', #3031, #5943, #4040 ) ;
#8350 = CYLINDRICAL_SURFACE ( 'NONE', #2067, 3.649999999999986589 ) ;
#8351 = ADVANCED_FACE ( 'NONE', ( #7679, #11550 ), #10586, .T. ) ;
#8352 = EDGE_CURVE ( 'NONE', #10319, #7451, #8379, .T. ) ;
#8353 = ORIENTED_EDGE ( 'NONE', *, *, #5377, .F. ) ;
#8354 = ORIENTED_EDGE ( 'NONE', *, *, #3486, .F. ) ;
#8355 = CARTESIAN_POINT ( 'NONE',  ( 132.0792540082316009, 550.1499999999997499, 343.8142052428237889 ) ) ;
#8356 = ORIENTED_EDGE ( 'NONE', *, *, #9021, .F. ) ;
#8357 = ADVANCED_FACE ( 'NONE', ( #11785 ), #9822, .T. ) ;
#8358 = DIRECTION ( 'NONE',  ( -0.7851241134539721500, -0.000000000000000000, -0.6193384587389308971 ) ) ;
#8359 = AXIS2_PLACEMENT_3D ( 'NONE', #9506, #10577, #12358 ) ;
#8360 = ORIENTED_EDGE ( 'NONE', *, *, #6984, .T. ) ;
#8361 = CARTESIAN_POINT ( 'NONE',  ( 101.3483725503408692, 570.1156123044612514, 351.4359941569151715 ) ) ;
#8362 = DIRECTION ( 'NONE',  ( 0.000000000000000000, -0.000000000000000000, -1.000000000000000000 ) ) ;
#8363 = CARTESIAN_POINT ( 'NONE',  ( -59.26671879462830361, 349.9999999999998863, 367.2715862585908440 ) ) ;
#8364 = LINE ( 'NONE', #8773, #3326 ) ;
#8365 = FACE_OUTER_BOUND ( 'NONE', #8322, .T. ) ;
#8366 = ORIENTED_EDGE ( 'NONE', *, *, #10203, .T. ) ;
#8367 = CARTESIAN_POINT ( 'NONE',  ( -59.26671879462830361, 385.0000000000000000, 384.3406997176695086 ) ) ;
#8368 = EDGE_CURVE ( 'NONE', #1071, #9325, #2764, .T. ) ;
#8369 = ORIENTED_EDGE ( 'NONE', *, *, #2722, .T. ) ;
#8370 = EDGE_CURVE ( 'NONE', #11648, #1872, #11845, .T. ) ;
#8371 = DIRECTION ( 'NONE',  ( -0.000000000000000000, 1.000000000000000000, -0.000000000000000000 ) ) ;
#8372 = DIRECTION ( 'NONE',  ( 0.000000000000000000, -1.000000000000000000, 0.000000000000000000 ) ) ;
#8373 = DIRECTION ( 'NONE',  ( 0.000000000000000000, -0.000000000000000000, 1.000000000000000000 ) ) ;
#8374 = LINE ( 'NONE', #10399, #2562 ) ;
#8375 = EDGE_LOOP ( 'NONE', ( #11272, #6617 ) ) ;
#8376 = CARTESIAN_POINT ( 'NONE',  ( -66.20020431027140262, 355.0000000001174385, 358.6113322206787188 ) ) ;
#8377 = VECTOR ( 'NONE', #3656, 1000.000000000000114 ) ;
#8378 = DIRECTION ( 'NONE',  ( 0.08682659386424762538, 0.9924325091389669673, 0.08682659386424761150 ) ) ;
#8379 = LINE ( 'NONE', #12238, #3586 ) ;
#8380 = EDGE_CURVE ( 'NONE', #8595, #11940, #1353, .T. ) ;
#8381 = EDGE_CURVE ( 'NONE', #10194, #6237, #2156, .T. ) ;
#8382 = CARTESIAN_POINT ( 'NONE',  ( 63.22710656346757219, 399.4793948433174933, 380.2512782686993660 ) ) ;
#8383 = CARTESIAN_POINT ( 'NONE',  ( -193.6535585252973704, 546.2498979182763605, 265.7575779441719988 ) ) ;
#8384 = VERTEX_POINT ( 'NONE', #3084 ) ;
#8385 = ORIENTED_EDGE ( 'NONE', *, *, #6909, .T. ) ;
#8386 = ORIENTED_EDGE ( 'NONE', *, *, #8976, .T. ) ;
#8387 = ORIENTED_EDGE ( 'NONE', *, *, #5702, .F. ) ;
#8388 = CARTESIAN_POINT ( 'NONE',  ( -162.3344129012323265, 555.2562610675676069, 345.2820021697993980 ) ) ;
#8389 = DIRECTION ( 'NONE',  ( 0.000000000000000000, 1.000000000000000000, 0.000000000000000000 ) ) ;
#8390 = LINE ( 'NONE', #12379, #1937 ) ;
#8391 = ORIENTED_EDGE ( 'NONE', *, *, #1673, .T. ) ;
#8392 = CIRCLE ( 'NONE', #7372, 36.04942573944680362 ) ;
#8393 = CARTESIAN_POINT ( 'NONE',  ( 0.000000000000000000, 365.0000000000000000, 363.3737440440420414 ) ) ;
#8394 = LINE ( 'NONE', #2493, #5421 ) ;
#8395 = EDGE_CURVE ( 'NONE', #913, #2112, #5940, .T. ) ;
#8396 = DIRECTION ( 'NONE',  ( 0.000000000000000000, -1.000000000000000000, 0.000000000000000000 ) ) ;
#8397 = ADVANCED_FACE ( 'NONE', ( #1125 ), #951, .T. ) ;
#8398 = CARTESIAN_POINT ( 'NONE',  ( 195.7024822690796668, 340.0000000000000568, 263.1601945342232511 ) ) ;
#8399 = ORIENTED_EDGE ( 'NONE', *, *, #1044, .T. ) ;
#8400 = DIRECTION ( 'NONE',  ( 0.6984011233334500579, -0.1564344650402308690, 0.6984011233339705305 ) ) ;
#8401 = ORIENTED_EDGE ( 'NONE', *, *, #10443, .F. ) ;
#8402 = VECTOR ( 'NONE', #1497, 1000.000000000000114 ) ;
#8403 = ORIENTED_EDGE ( 'NONE', *, *, #4775, .T. ) ;
#8404 = DIRECTION ( 'NONE',  ( 0.000000000000000000, -0.000000000000000000, -1.000000000000000000 ) ) ;
#8405 = DIRECTION ( 'NONE',  ( 0.000000000000000000, 0.000000000000000000, 1.000000000000000000 ) ) ;
#8406 = ORIENTED_EDGE ( 'NONE', *, *, #1504, .F. ) ;
#8407 = DIRECTION ( 'NONE',  ( -0.6193384587389385576, 0.000000000000000000, -0.7851241134539660438 ) ) ;
#8408 = DIRECTION ( 'NONE',  ( -0.1871039578967055861, 0.9711888170528262254, 0.1475953609396983557 ) ) ;
#8409 = ORIENTED_EDGE ( 'NONE', *, *, #11092, .T. ) ;
#8410 = CARTESIAN_POINT ( 'NONE',  ( -192.2160546689203215, 370.0000000000001137, 264.0241012336764470 ) ) ;
#8411 = DIRECTION ( 'NONE',  ( 0.000000000000000000, -1.000000000000000000, 0.000000000000000000 ) ) ;
#8412 = EDGE_LOOP ( 'NONE', ( #7351, #6979 ) ) ;
#8413 = ORIENTED_EDGE ( 'NONE', *, *, #10857, .T. ) ;
#8414 = CARTESIAN_POINT ( 'NONE',  ( -74.95297405475031383, 370.0000000000000000, 366.3296056465372885 ) ) ;
#8415 = VERTEX_POINT ( 'NONE', #1189 ) ;
#8416 = EDGE_CURVE ( 'NONE', #605, #3201, #8801, .T. ) ;
#8417 = VECTOR ( 'NONE', #6628, 1000.000000000000000 ) ;
#8418 = LINE ( 'NONE', #8489, #8377 ) ;
#8419 = ORIENTED_EDGE ( 'NONE', *, *, #12293, .T. ) ;
#8420 = EDGE_CURVE ( 'NONE', #1114, #9440, #1551, .T. ) ;
#8421 = CARTESIAN_POINT ( 'NONE',  ( 197.4067025095856707, 553.7587673468195817, 260.9997854936063959 ) ) ;
#8422 = CIRCLE ( 'NONE', #12264, 1.070998700129166536 ) ;
#8423 = LINE ( 'NONE', #12285, #2148 ) ;
#8424 = DIRECTION ( 'NONE',  ( -0.000000000000000000, -0.08715574274765820750, 0.9961946980917455452 ) ) ;
#8425 = CARTESIAN_POINT ( 'NONE',  ( 38.78470058187625824, 382.2776525479378051, 361.8621453137576509 ) ) ;
#8426 = EDGE_CURVE ( 'NONE', #11543, #4713, #10712, .T. ) ;
#8427 = CARTESIAN_POINT ( 'NONE',  ( 215.9607437866972361, 539.1499999999995225, 279.7614744031193368 ) ) ;
#8428 = CIRCLE ( 'NONE', #8823, 1.463400710226769874 ) ;
#8429 = VERTEX_POINT ( 'NONE', #9704 ) ;
#8430 = DIRECTION ( 'NONE',  ( 2.179157169862532875E-17, -1.000000000000000000, 1.719009542319546438E-17 ) ) ;
#8431 = VECTOR ( 'NONE', #10149, 1000.000000000000000 ) ;
#8432 = ORIENTED_EDGE ( 'NONE', *, *, #10608, .T. ) ;
#8433 = CIRCLE ( 'NONE', #2342, 5.101225832984668251 ) ;
#8434 = CARTESIAN_POINT ( 'NONE',  ( -169.4546960698928615, 370.0000000000001137, 272.4196196219403419 ) ) ;
#8435 = DIRECTION ( 'NONE',  ( -2.897549362954532616E-15, 0.000000000000000000, 1.000000000000000000 ) ) ;
#8436 = DIRECTION ( 'NONE',  ( 0.000000000000000000, 0.000000000000000000, -1.000000000000000000 ) ) ;
#8437 = DIRECTION ( 'NONE',  ( 0.000000000000000000, 0.000000000000000000, -1.000000000000000000 ) ) ;
#8438 = EDGE_LOOP ( 'NONE', ( #12216, #10792, #7367, #7573 ) ) ;
#8439 = DIRECTION ( 'NONE',  ( 0.6193384587389297868, 0.000000000000000000, 0.7851241134539729272 ) ) ;
#8440 = DIRECTION ( 'NONE',  ( 0.2185734701522161483, 0.9758204948378662591, -4.392626947081653400E-14 ) ) ;
#8441 = ADVANCED_FACE ( 'NONE', ( #1957 ), #3856, .T. ) ;
#8442 = VECTOR ( 'NONE', #6664, 999.9999999999998863 ) ;
#8443 = CARTESIAN_POINT ( 'NONE',  ( 190.1818355124832465, 120.0000000000000000, 311.3514577545972202 ) ) ;
#8444 = FACE_OUTER_BOUND ( 'NONE', #8499, .T. ) ;
#8445 = VECTOR ( 'NONE', #11160, 1000.000000000000114 ) ;
#8446 = EDGE_CURVE ( 'NONE', #7118, #3428, #10009, .T. ) ;
#8447 = CARTESIAN_POINT ( 'NONE',  ( -194.6908118737401594, 544.5815120628629984, 264.4426707167385189 ) ) ;
#8448 = ADVANCED_FACE ( 'NONE', ( #5822 ), #7979, .F. ) ;
#8449 = VECTOR ( 'NONE', #5776, 1000.000000000000000 ) ;
#8450 = ORIENTED_EDGE ( 'NONE', *, *, #11995, .T. ) ;
#8451 = CARTESIAN_POINT ( 'NONE',  ( 0.000000000000000000, -585.1500000000002046, 0.000000000000000000 ) ) ;
#8452 = VERTEX_POINT ( 'NONE', #8863 ) ;
#8453 = ORIENTED_EDGE ( 'NONE', *, *, #5251, .F. ) ;
#8454 = DIRECTION ( 'NONE',  ( 0.6193384587389288987, 0.000000000000000000, 0.7851241134539735933 ) ) ;
#8455 = DIRECTION ( 'NONE',  ( 0.000000000000000000, -0.000000000000000000, 1.000000000000000000 ) ) ;
#8456 = DIRECTION ( 'NONE',  ( 0.000000000000000000, 0.000000000000000000, 1.000000000000000000 ) ) ;
#8457 = VERTEX_POINT ( 'NONE', #4874 ) ;
#8458 = DIRECTION ( 'NONE',  ( 0.000000000000000000, 0.000000000000000000, -1.000000000000000000 ) ) ;
#8459 = AXIS2_PLACEMENT_3D ( 'NONE', #1065, #101, #10894 ) ;
#8460 = CARTESIAN_POINT ( 'NONE',  ( -196.6118558990222880, 554.3164531829737598, 303.7842952859515435 ) ) ;
#8461 = CARTESIAN_POINT ( 'NONE',  ( 0.000000000000000000, -570.1500000000002046, 400.0000000000000000 ) ) ;
#8462 = VECTOR ( 'NONE', #1971, 1000.000000000000000 ) ;
#8463 = CARTESIAN_POINT ( 'NONE',  ( 249.8043314575469083, 498.0301054349735637, 195.3065010398966308 ) ) ;
#8464 = VERTEX_POINT ( 'NONE', #167 ) ;
#8465 = CARTESIAN_POINT ( 'NONE',  ( -73.04314379576342731, 378.1289471200154821, 379.3871759692509045 ) ) ;
#8466 = ORIENTED_EDGE ( 'NONE', *, *, #3423, .T. ) ;
#8467 = ORIENTED_EDGE ( 'NONE', *, *, #1898, .F. ) ;
#8468 = CIRCLE ( 'NONE', #8262, 1.705470224525384992 ) ;
#8469 = AXIS2_PLACEMENT_3D ( 'NONE', #1480, #4331, #12081 ) ;
#8470 = EDGE_CURVE ( 'NONE', #11172, #6029, #8749, .T. ) ;
#8471 = ADVANCED_FACE ( 'NONE', ( #6960 ), #7022, .T. ) ;
#8472 = PLANE ( 'NONE',  #6906 ) ;
#8473 = CARTESIAN_POINT ( 'NONE',  ( -148.0061200503008934, 120.0000000000000000, 351.4274360680451537 ) ) ;
#8474 = AXIS2_PLACEMENT_3D ( 'NONE', #7813, #5076, #2986 ) ;
#8475 = ORIENTED_EDGE ( 'NONE', *, *, #6487, .F. ) ;
#8476 = LINE ( 'NONE', #1674, #2541 ) ;
#8477 = CARTESIAN_POINT ( 'NONE',  ( -210.1908901365872282, 540.1499999999996362, 280.9576713392232250 ) ) ;
#8478 = ORIENTED_EDGE ( 'NONE', *, *, #9463, .T. ) ;
#8479 = DIRECTION ( 'NONE',  ( -0.000000000000000000, -1.000000000000000000, -0.000000000000000000 ) ) ;
#8480 = AXIS2_PLACEMENT_3D ( 'NONE', #9093, #10181, #9289 ) ;
#8481 = CARTESIAN_POINT ( 'NONE',  ( -59.26671879462830361, 350.0260843691199284, 374.1011303944031852 ) ) ;
#8482 = EDGE_CURVE ( 'NONE', #7055, #6188, #12554, .T. ) ;
#8483 = ORIENTED_EDGE ( 'NONE', *, *, #3293, .T. ) ;
#8484 = AXIS2_PLACEMENT_3D ( 'NONE', #10846, #7042, #123 ) ;
#8485 = ORIENTED_EDGE ( 'NONE', *, *, #5895, .F. ) ;
#8486 = DIRECTION ( 'NONE',  ( -0.7851241134539721500, -0.000000000000000000, -0.6193384587389308971 ) ) ;
#8487 = VERTEX_POINT ( 'NONE', #8105 ) ;
#8488 = CIRCLE ( 'NONE', #1173, 4.450000000000009948 ) ;
#8489 = CARTESIAN_POINT ( 'NONE',  ( 155.6329774118507601, 489.0199999999996976, 362.3943590049917134 ) ) ;
#8490 = ORIENTED_EDGE ( 'NONE', *, *, #7412, .F. ) ;
#8491 = CARTESIAN_POINT ( 'NONE',  ( 198.3382417023591699, 551.1209158392956624, 259.8188901809591584 ) ) ;
#8492 = CARTESIAN_POINT ( 'NONE',  ( 188.7538232997221428, 352.5000000000000000, 303.6097127950929462 ) ) ;
#8493 = VECTOR ( 'NONE', #9565, 1000.000000000000000 ) ;
#8494 = DIRECTION ( 'NONE',  ( -0.6193384587389297868, 0.000000000000000000, -0.7851241134539729272 ) ) ;
#8495 = FACE_BOUND ( 'NONE', #4434, .T. ) ;
#8496 = ADVANCED_FACE ( 'NONE', ( #11082 ), #10137, .F. ) ;
#8497 = DIRECTION ( 'NONE',  ( 0.000000000000000000, 1.000000000000000000, 0.000000000000000000 ) ) ;
#8498 = AXIS2_PLACEMENT_3D ( 'NONE', #3569, #10606, #5472 ) ;
#8499 = EDGE_LOOP ( 'NONE', ( #474, #1216 ) ) ;
#8500 = CARTESIAN_POINT ( 'NONE',  ( 190.1818355124832465, 117.0000000000000000, 311.3514577545972202 ) ) ;
#8501 = ORIENTED_EDGE ( 'NONE', *, *, #3050, .T. ) ;
#8502 = DIRECTION ( 'NONE',  ( -0.6193384587389297868, 0.000000000000000000, -0.7851241134539729272 ) ) ;
#8503 = DIRECTION ( 'NONE',  ( 0.000000000000000000, 1.000000000000000000, 0.000000000000000000 ) ) ;
#8504 = CARTESIAN_POINT ( 'NONE',  ( -143.7660069451176525, 117.0000000000000000, 367.1410134558357186 ) ) ;
#8505 = EDGE_CURVE ( 'NONE', #1929, #12512, #1380, .T. ) ;
#8506 = VERTEX_POINT ( 'NONE', #5118 ) ;
#8507 = CARTESIAN_POINT ( 'NONE',  ( 50.54164973558027896, 377.6219295655859582, 378.3389978434863679 ) ) ;
#8508 = CARTESIAN_POINT ( 'NONE',  ( 63.22710656346757219, 374.2316775422134469, 378.0423892249454525 ) ) ;
#8509 = CARTESIAN_POINT ( 'NONE',  ( -40.29629931216057059, 365.0000000000000000, 363.3737440440420414 ) ) ;
#8510 = ADVANCED_FACE ( 'NONE', ( #11152, #1252 ), #2395, .T. ) ;
#8511 = CARTESIAN_POINT ( 'NONE',  ( 42.48496570340527967, 117.0000000000000000, 371.2683589063772729 ) ) ;
#8512 = AXIS2_PLACEMENT_3D ( 'NONE', #12115, #3217, #8175 ) ;
#8513 = CARTESIAN_POINT ( 'NONE',  ( 144.3611620976064955, 315.0000000000000568, 314.8715443206724558 ) ) ;
#8514 = EDGE_CURVE ( 'NONE', #1136, #10490, #3210, .T. ) ;
#8515 = DIRECTION ( 'NONE',  ( 0.000000000000000000, -1.000000000000000000, 0.000000000000000000 ) ) ;
#8516 = ORIENTED_EDGE ( 'NONE', *, *, #8951, .F. ) ;
#8517 = ORIENTED_EDGE ( 'NONE', *, *, #1143, .F. ) ;
#8518 = CYLINDRICAL_SURFACE ( 'NONE', #12484, 3.093108195208765121 ) ;
#8519 = EDGE_CURVE ( 'NONE', #5298, #1466, #11289, .T. ) ;
#8520 = CARTESIAN_POINT ( 'NONE',  ( 174.1660285144027398, 501.6802010741481013, 293.6908178053573124 ) ) ;
#8521 = AXIS2_PLACEMENT_3D ( 'NONE', #6120, #7148, #10134 ) ;
#8522 = CARTESIAN_POINT ( 'NONE',  ( 84.00168052530511886, 365.0000000000000000, 378.2385419322183111 ) ) ;
#8523 = VERTEX_POINT ( 'NONE', #8043 ) ;
#8524 = DIRECTION ( 'NONE',  ( 0.7071067811866902364, 0.000000000000000000, 0.7071067811864049091 ) ) ;
#8525 = LINE ( 'NONE', #5590, #6406 ) ;
#8526 = CARTESIAN_POINT ( 'NONE',  ( 192.9877427735605693, 120.0000000000000000, 332.2694703950618873 ) ) ;
#8527 = CARTESIAN_POINT ( 'NONE',  ( 188.4763652879578615, 117.0000000000000000, 311.3514577545972202 ) ) ;
#8528 = EDGE_CURVE ( 'NONE', #1521, #160, #5247, .T. ) ;
#8529 = ORIENTED_EDGE ( 'NONE', *, *, #9737, .F. ) ;
#8530 = DIRECTION ( 'NONE',  ( -0.7418219060103320439, 0.3275130007695392642, -0.5851798818227861299 ) ) ;
#8531 = ORIENTED_EDGE ( 'NONE', *, *, #2098, .F. ) ;
#8532 = ORIENTED_EDGE ( 'NONE', *, *, #4178, .F. ) ;
#8533 = ORIENTED_EDGE ( 'NONE', *, *, #7321, .T. ) ;
#8534 =( BOUNDED_CURVE ( )  B_SPLINE_CURVE ( 3, ( #1028, #4837, #1211, #4001 ),
 .UNSPECIFIED., .F., .F. ) 
 B_SPLINE_CURVE_WITH_KNOTS ( ( 4, 4 ),
 ( 5.501585242055417879, 7.064785372303754585 ),
 .UNSPECIFIED. ) 
 CURVE ( )  GEOMETRIC_REPRESENTATION_ITEM ( )  RATIONAL_B_SPLINE_CURVE ( ( 1.000000000000000000, 0.8065248903853474705, 0.8065248903853474705, 1.000000000000000000 ) ) 
 REPRESENTATION_ITEM ( '' )  );
#8535 = DIRECTION ( 'NONE',  ( -0.000000000000000000, 1.000000000000000000, -0.000000000000000000 ) ) ;
#8536 = DIRECTION ( 'NONE',  ( 0.000000000000000000, 1.000000000000000000, 0.000000000000000000 ) ) ;
#8537 = EDGE_LOOP ( 'NONE', ( #9524, #3193, #12145 ) ) ;
#8538 = CARTESIAN_POINT ( 'NONE',  ( 191.8873057370086315, 117.0000000000000000, 277.5473304590436214 ) ) ;
#8539 = DIRECTION ( 'NONE',  ( 0.000000000000000000, 0.000000000000000000, -1.000000000000000000 ) ) ;
#8540 = ORIENTED_EDGE ( 'NONE', *, *, #114, .T. ) ;
#8541 = CARTESIAN_POINT ( 'NONE',  ( -195.3771974072393789, 542.6617569105952725, 271.6456824199152038 ) ) ;
#8542 = ORIENTED_EDGE ( 'NONE', *, *, #7224, .F. ) ;
#8543 = ADVANCED_FACE ( 'NONE', ( #4291 ), #11214, .T. ) ;
#8544 = DIRECTION ( 'NONE',  ( 1.000000000000000000, 0.000000000000000000, 0.000000000000000000 ) ) ;
#8545 = EDGE_CURVE ( 'NONE', #10386, #424, #4227, .T. ) ;
#8546 = VECTOR ( 'NONE', #8834, 1000.000000000000114 ) ;
#8547 = AXIS2_PLACEMENT_3D ( 'NONE', #464, #4330, #8208 ) ;
#8548 = VERTEX_POINT ( 'NONE', #4160 ) ;
#8549 = ORIENTED_EDGE ( 'NONE', *, *, #1596, .F. ) ;
#8550 = DIRECTION ( 'NONE',  ( 0.000000000000000000, 1.000000000000000000, 0.000000000000000000 ) ) ;
#8551 = VERTEX_POINT ( 'NONE', #10199 ) ;
#8552 = DIRECTION ( 'NONE',  ( 0.000000000000000000, -1.000000000000000000, 0.000000000000000000 ) ) ;
#8553 = ORIENTED_EDGE ( 'NONE', *, *, #5409, .T. ) ;
#8554 = CARTESIAN_POINT ( 'NONE',  ( 192.6016043524821839, 559.9748025187103622, 253.8996959479792963 ) ) ;
#8555 = VECTOR ( 'NONE', #9086, 1000.000000000000000 ) ;
#8556 = CARTESIAN_POINT ( 'NONE',  ( -183.5134326364637616, 500.1283706264678699, 298.9196860773977278 ) ) ;
#8557 = DIRECTION ( 'NONE',  ( -0.000000000000000000, 0.000000000000000000, -1.000000000000000000 ) ) ;
#8558 = DIRECTION ( 'NONE',  ( -1.000000000000000000, 0.000000000000000000, 0.000000000000000000 ) ) ;
#8559 = DIRECTION ( 'NONE',  ( -0.000000000000000000, 1.000000000000000000, -0.000000000000000000 ) ) ;
#8560 = CARTESIAN_POINT ( 'NONE',  ( 59.34243920159818231, 420.0000000000000000, 383.0504184261441765 ) ) ;
#8561 = APPLICATION_CONTEXT ( 'configuration controlled 3d designs of mechanical parts and assemblies' ) ;
#8562 = ORIENTED_EDGE ( 'NONE', *, *, #1443, .T. ) ;
#8563 = DIRECTION ( 'NONE',  ( 0.000000000000000000, -0.000000000000000000, 1.000000000000000000 ) ) ;
#8564 = AXIS2_PLACEMENT_3D ( 'NONE', #12509, #3817, #7698 ) ;
#8565 = ORIENTED_EDGE ( 'NONE', *, *, #10240, .F. ) ;
#8566 = CARTESIAN_POINT ( 'NONE',  ( 206.6785213330379634, 120.0000000000000000, 337.2398750749776468 ) ) ;
#8567 = FACE_OUTER_BOUND ( 'NONE', #7899, .T. ) ;
#8568 = CARTESIAN_POINT ( 'NONE',  ( 0.000000000000000000, 385.0000000000000000, 379.9883152027368283 ) ) ;
#8569 = VERTEX_POINT ( 'NONE', #11911 ) ;
#8570 = DIRECTION ( 'NONE',  ( -1.000000000000000000, 0.000000000000000000, 0.000000000000000000 ) ) ;
#8571 = CARTESIAN_POINT ( 'NONE',  ( -132.3286688073715993, 355.0000000000001137, 343.4980266327372078 ) ) ;
#8572 = CARTESIAN_POINT ( 'NONE',  ( -41.46524257959468684, 365.0000000000000000, 363.3737440440420414 ) ) ;
#8573 = DIRECTION ( 'NONE',  ( -0.000000000000000000, 1.000000000000000000, -0.000000000000000000 ) ) ;
#8574 = DIRECTION ( 'NONE',  ( 1.000000000000000000, 0.000000000000000000, 0.000000000000000000 ) ) ;
#8575 = CARTESIAN_POINT ( 'NONE',  ( 147.2917124149667814, 550.1499999999997499, 364.4240478842916673 ) ) ;
#8576 = VERTEX_POINT ( 'NONE', #4425 ) ;
#8577 = ADVANCED_FACE ( 'NONE', ( #2264 ), #8165, .F. ) ;
#8578 = ORIENTED_EDGE ( 'NONE', *, *, #3573, .F. ) ;
#8579 = DIRECTION ( 'NONE',  ( -0.000000000000000000, -1.000000000000000000, -0.000000000000000000 ) ) ;
#8580 = ADVANCED_FACE ( 'NONE', ( #8300 ), #3468, .T. ) ;
#8581 = CARTESIAN_POINT ( 'NONE',  ( 191.8873057370086315, 120.0000000000000000, 332.2694703950618873 ) ) ;
#8582 = CARTESIAN_POINT ( 'NONE',  ( 85.99406992148860240, 365.0000000000000000, 376.2461525360348560 ) ) ;
#8583 = ORIENTED_EDGE ( 'NONE', *, *, #1301, .T. ) ;
#8584 = CLOSED_SHELL ( 'NONE', ( #2833, #1947, #7715, #9110, #176, #8256 ) ) ;
#8585 = EDGE_CURVE ( 'NONE', #3848, #10626, #1311, .T. ) ;
#8586 = CARTESIAN_POINT ( 'NONE',  ( 130.5203249716378480, 117.0000000000000000, 368.2120121559649988 ) ) ;
#8587 = DIRECTION ( 'NONE',  ( 0.000000000000000000, 0.000000000000000000, 1.000000000000000000 ) ) ;
#8588 = B_SPLINE_CURVE_WITH_KNOTS ( 'NONE', 3,
 ( #7521, #5606, #6304, #5357, #4528, #6368, #9222, #11393 ),
 .UNSPECIFIED., .F., .F.,
 ( 4, 1, 1, 1, 1, 4 ),
 ( 0.000000000000000000, 0.1270575306087949885, 0.3098318228047027834, 0.3771828859513634558, 0.6273544278652261053, 1.000000000000000000 ),
 .UNSPECIFIED. ) ;
#8589 = CARTESIAN_POINT ( 'NONE',  ( -195.7024822690794394, 540.1499999999996362, 263.1601945342232511 ) ) ;
#8590 = DIRECTION ( 'NONE',  ( -0.6177089183133548378, -0.008339822323400875731, -0.7863626005856072521 ) ) ;
#8591 = ADVANCED_FACE ( 'NONE', ( #6187 ), #7218, .F. ) ;
#8592 = ORIENTED_EDGE ( 'NONE', *, *, #2636, .T. ) ;
#8593 = DIRECTION ( 'NONE',  ( -0.6193384587389308971, 0.000000000000000000, 0.7851241134539721500 ) ) ;
#8594 = ORIENTED_EDGE ( 'NONE', *, *, #1053, .T. ) ;
#8595 = VERTEX_POINT ( 'NONE', #5180 ) ;
#8596 = ORIENTED_EDGE ( 'NONE', *, *, #10207, .T. ) ;
#8597 = CIRCLE ( 'NONE', #7788, 60.00000000000000000 ) ;
#8598 = DIRECTION ( 'NONE',  ( -0.000000000000000000, 1.000000000000000000, -0.000000000000000000 ) ) ;
#8599 = DIRECTION ( 'NONE',  ( 0.000000000000000000, 0.000000000000000000, 1.000000000000000000 ) ) ;
#8600 = ORIENTED_EDGE ( 'NONE', *, *, #1495, .F. ) ;
#8601 = CYLINDRICAL_SURFACE ( 'NONE', #3546, 20.00000000000001776 ) ;
#8602 = CARTESIAN_POINT ( 'NONE',  ( -139.9999999999999147, -570.1500000000002046, 340.0000000000000000 ) ) ;
#8603 = ORIENTED_EDGE ( 'NONE', *, *, #6275, .F. ) ;
#8604 = CARTESIAN_POINT ( 'NONE',  ( 63.22710656346757219, 374.1445217994657924, 379.0385839230372085 ) ) ;
#8605 = EDGE_CURVE ( 'NONE', #10762, #5613, #9944, .T. ) ;
#8606 = EDGE_LOOP ( 'NONE', ( #10899, #4838, #11086, #11584, #346 ) ) ;
#8607 = AXIS2_PLACEMENT_3D ( 'NONE', #9688, #8620, #7783 ) ;
#8608 = DIRECTION ( 'NONE',  ( -0.7071067811866894592, 0.000000000000000000, -0.7071067811864056862 ) ) ;
#8609 = EDGE_CURVE ( 'NONE', #8157, #7819, #6258, .T. ) ;
#8610 = VERTEX_POINT ( 'NONE', #2523 ) ;
#8611 = EDGE_LOOP ( 'NONE', ( #3822, #11036, #314, #8202 ) ) ;
#8612 = CARTESIAN_POINT ( 'NONE',  ( -116.3767717391519767, 565.8524822690791325, 351.4274360680452105 ) ) ;
#8613 = VERTEX_POINT ( 'NONE', #5853 ) ;
#8614 =( BOUNDED_CURVE ( )  B_SPLINE_CURVE ( 3, ( #468, #271, #403, #8149 ),
 .UNSPECIFIED., .F., .T. ) 
 B_SPLINE_CURVE_WITH_KNOTS ( ( 4, 4 ),
 ( 3.141592653589782458, 4.712388980384709214 ),
 .UNSPECIFIED. ) 
 CURVE ( )  GEOMETRIC_REPRESENTATION_ITEM ( )  RATIONAL_B_SPLINE_CURVE ( ( 1.000000000000000000, 0.8047378541243578320, 0.8047378541243578320, 1.000000000000000000 ) ) 
 REPRESENTATION_ITEM ( '' )  );
#8615 = CARTESIAN_POINT ( 'NONE',  ( 70.18354552143799197, 117.0000000000000000, 370.0487020943513130 ) ) ;
#8616 = EDGE_LOOP ( 'NONE', ( #6791, #6283, #6908, #8161 ) ) ;
#8617 = CARTESIAN_POINT ( 'NONE',  ( -85.51327925558938148, 382.2776525479378051, 361.8621453137577078 ) ) ;
#8618 = CARTESIAN_POINT ( 'NONE',  ( 132.0792540082316009, 550.1499999999997499, 343.8142052428237889 ) ) ;
#8619 = CARTESIAN_POINT ( 'NONE',  ( -214.2784567916193055, 548.6421385726061999, 287.4531375425720512 ) ) ;
#8620 = DIRECTION ( 'NONE',  ( 0.000000000000000000, -1.000000000000000000, 0.000000000000000000 ) ) ;
#8621 = LINE ( 'NONE', #8560, #8869 ) ;
#8622 = ORIENTED_EDGE ( 'NONE', *, *, #8370, .F. ) ;
#8623 = LINE ( 'NONE', #41, #2478 ) ;
#8624 = VERTEX_POINT ( 'NONE', #4902 ) ;
#8625 = AXIS2_PLACEMENT_3D ( 'NONE', #2953, #5806, #7724 ) ;
#8626 = CARTESIAN_POINT ( 'NONE',  ( 66.12448390330172288, 385.0000000000000000, 385.9443499868726803 ) ) ;
#8627 = EDGE_CURVE ( 'NONE', #8767, #10319, #12342, .T. ) ;
#8628 = CARTESIAN_POINT ( 'NONE',  ( 0.000000000000000000, 370.0000000000001137, 0.000000000000000000 ) ) ;
#8629 = CARTESIAN_POINT ( 'NONE',  ( -111.3767717391519483, 442.6530411536430165, 392.5570525041796373 ) ) ;
#8630 = ORIENTED_EDGE ( 'NONE', *, *, #6657, .F. ) ;
#8631 = CYLINDRICAL_SURFACE ( 'NONE', #7208, 10.00000000000000888 ) ;
#8632 = PLANE ( 'NONE',  #7782 ) ;
#8633 = DIRECTION ( 'NONE',  ( -0.000000000000000000, 0.000000000000000000, 1.000000000000000000 ) ) ;
#8634 = CIRCLE ( 'NONE', #10640, 25.34415947953466741 ) ;
#8635 = CARTESIAN_POINT ( 'NONE',  ( -190.1818355124831328, 117.0000000000000000, 277.5473304590434509 ) ) ;
#8636 = AXIS2_PLACEMENT_3D ( 'NONE', #3038, #11560, #5008 ) ;
#8637 = DIRECTION ( 'NONE',  ( 1.703841351481210740E-16, -1.000000000000000000, 0.000000000000000000 ) ) ;
#8638 = ADVANCED_FACE ( 'NONE', ( #8495, #1630 ), #11348, .T. ) ;
#8639 = DIRECTION ( 'NONE',  ( -0.000000000000000000, -1.000000000000000000, 0.000000000000000000 ) ) ;
#8640 = VERTEX_POINT ( 'NONE', #9732 ) ;
#8641 = EDGE_LOOP ( 'NONE', ( #4396, #6674, #352, #11888 ) ) ;
#8642 = DIRECTION ( 'NONE',  ( -0.6193384587389315632, 0.000000000000000000, -0.7851241134539714839 ) ) ;
#8643 = CARTESIAN_POINT ( 'NONE',  ( -148.0061200503008934, 117.0000000000000000, 349.9640353578183749 ) ) ;
#8644 = CLOSED_SHELL ( 'NONE', ( #9317, #6112, #3008, #2832, #4797, #4393, #11936 ) ) ;
#8645 = AXIS2_PLACEMENT_3D ( 'NONE', #7855, #4035, #11659 ) ;
#8646 = PLANE ( 'NONE',  #7209 ) ;
#8647 = VERTEX_POINT ( 'NONE', #12355 ) ;
#8648 = CIRCLE ( 'NONE', #8226, 72.35470789463238361 ) ;
#8649 = CARTESIAN_POINT ( 'NONE',  ( 116.3767717391520620, 120.0000000000002132, 351.4274360680452105 ) ) ;
#8650 = PLANE ( 'NONE',  #5986 ) ;
#8651 = CIRCLE ( 'NONE', #7430, 25.44093595064281743 ) ;
#8652 = EDGE_CURVE ( 'NONE', #3504, #11881, #3979, .T. ) ;
#8653 = EDGE_CURVE ( 'NONE', #7819, #1462, #1693, .T. ) ;
#8654 = CARTESIAN_POINT ( 'NONE',  ( 64.38932890234278261, 376.0859873310966464, 385.9443499868726803 ) ) ;
#8655 = ORIENTED_EDGE ( 'NONE', *, *, #6984, .F. ) ;
#8656 = DIRECTION ( 'NONE',  ( 0.000000000000000000, -1.000000000000000000, 0.000000000000000000 ) ) ;
#8657 = ORIENTED_EDGE ( 'NONE', *, *, #142, .T. ) ;
#8658 = VERTEX_POINT ( 'NONE', #12223 ) ;
#8659 = VECTOR ( 'NONE', #1645, 1000.000000000000000 ) ;
#8660 = CYLINDRICAL_SURFACE ( 'NONE', #9477, 25.34415947953466741 ) ;
#8661 = ORIENTED_EDGE ( 'NONE', *, *, #2905, .F. ) ;
#8662 = CARTESIAN_POINT ( 'NONE',  ( 0.000000000000000000, 0.000000000000000000, 0.000000000000000000 ) ) ;
#8663 = CARTESIAN_POINT ( 'NONE',  ( 0.000000000000000000, 360.0000000000000000, 357.2715862585909008 ) ) ;
#8664 = CARTESIAN_POINT ( 'NONE',  ( -61.57657839890324425, 374.0785508645338382, 377.9443499868726803 ) ) ;
#8665 = VERTEX_POINT ( 'NONE', #9433 ) ;
#8666 = VECTOR ( 'NONE', #856, 1000.000000000000000 ) ;
#8667 = LINE ( 'NONE', #12466, #1991 ) ;
#8668 = VERTEX_POINT ( 'NONE', #9309 ) ;
#8669 = CARTESIAN_POINT ( 'NONE',  ( 130.5203249716378480, 117.0000000000000000, 368.2120121559649988 ) ) ;
#8670 = FACE_OUTER_BOUND ( 'NONE', #656, .T. ) ;
#8671 = ORIENTED_EDGE ( 'NONE', *, *, #6801, .T. ) ;
#8672 = ADVANCED_FACE ( 'NONE', ( #614 ), #2716, .F. ) ;
#8673 = DIRECTION ( 'NONE',  ( 0.7625037589850115483, 0.2383113124287892515, -0.6014945850979835917 ) ) ;
#8674 = PLANE ( 'NONE',  #9416 ) ;
#8675 = LINE ( 'NONE', #6890, #6616 ) ;
#8676 = AXIS2_PLACEMENT_3D ( 'NONE', #7578, #8536, #8599 ) ;
#8677 = FACE_OUTER_BOUND ( 'NONE', #8222, .T. ) ;
#8678 = CARTESIAN_POINT ( 'NONE',  ( -66.20020431027140262, 360.0000000000000000, 374.3406997176694517 ) ) ;
#8679 = ORIENTED_EDGE ( 'NONE', *, *, #4889, .F. ) ;
#8680 = CYLINDRICAL_SURFACE ( 'NONE', #1255, 14.05517778851292476 ) ;
#8681 = VECTOR ( 'NONE', #9798, 1000.000000000000000 ) ;
#8682 = VERTEX_POINT ( 'NONE', #6578 ) ;
#8683 = AXIS2_PLACEMENT_3D ( 'NONE', #11964, #7279, #12162 ) ;
#8684 = CYLINDRICAL_SURFACE ( 'NONE', #3472, 8.687236565862122006 ) ;
#8685 = AXIS2_PLACEMENT_3D ( 'NONE', #10391, #5748, #9372 ) ;
#8686 = CARTESIAN_POINT ( 'NONE',  ( -151.8249679581558098, 120.0000000000000000, 382.1878655542434444 ) ) ;
#8687 = FACE_OUTER_BOUND ( 'NONE', #11483, .T. ) ;
#8688 = ORIENTED_EDGE ( 'NONE', *, *, #8482, .F. ) ;
#8689 = DIRECTION ( 'NONE',  ( 0.000000000000000000, -0.000000000000000000, 1.000000000000000000 ) ) ;
#8690 = DIRECTION ( 'NONE',  ( -0.000000000000000000, 1.000000000000000000, -0.000000000000000000 ) ) ;
#8691 = DIRECTION ( 'NONE',  ( -0.7851241134539711508, 0.000000000000000000, -0.6193384587389320073 ) ) ;
#8692 = VECTOR ( 'NONE', #831, 1000.000000000000227 ) ;
#8693 = DIRECTION ( 'NONE',  ( -0.000000000000000000, 1.000000000000000000, -0.000000000000000000 ) ) ;
#8694 = LINE ( 'NONE', #3738, #5694 ) ;
#8695 = EDGE_CURVE ( 'NONE', #2162, #5461, #7828, .T. ) ;
#8696 = PERSON_AND_ORGANIZATION ( #4658, #10914 ) ;
#8697 = VERTEX_POINT ( 'NONE', #4484 ) ;
#8698 = CC_DESIGN_APPROVAL ( #4876, ( #7127 ) ) ;
#8699 = ORIENTED_EDGE ( 'NONE', *, *, #860, .T. ) ;
#8700 = B_SPLINE_SURFACE_WITH_KNOTS ( 'NONE', 2, 1, ( 
 ( #12407, #3713 ),
 ( #1813, #9421 ),
 ( #865, #7590 ) ),
 .UNSPECIFIED., .F., .F., .F.,
 ( 3, 3 ),
 ( 2, 2 ),
 ( 0.07618197888845415489, 0.1694103472707985669 ),
 ( 0.000000000000000000, 1.000000000000000000 ),
 .UNSPECIFIED. ) ;
#8701 = DIRECTION ( 'NONE',  ( -0.6193384587389297868, 0.000000000000000000, -0.7851241134539729272 ) ) ;
#8702 = DIRECTION ( 'NONE',  ( 0.000000000000000000, 0.000000000000000000, -1.000000000000000000 ) ) ;
#8703 = FACE_OUTER_BOUND ( 'NONE', #2178, .T. ) ;
#8704 = EDGE_CURVE ( 'NONE', #8647, #5990, #5436, .T. ) ;
#8705 = ORIENTED_EDGE ( 'NONE', *, *, #1504, .T. ) ;
#8706 = ADVANCED_FACE ( 'NONE', ( #10679 ), #4674, .T. ) ;
#8707 = LINE ( 'NONE', #7995, #6174 ) ;
#8708 = CYLINDRICAL_SURFACE ( 'NONE', #10059, 1.689261981127287982 ) ;
#8709 = CARTESIAN_POINT ( 'NONE',  ( -112.3774382487669357, 32.43583030173125792, 203.7983642971415463 ) ) ;
#8710 = AXIS2_PLACEMENT_3D ( 'NONE', #11882, #9979, #8960 ) ;
#8711 = DIRECTION ( 'NONE',  ( 0.000000000000000000, 0.000000000000000000, 1.000000000000000000 ) ) ;
#8712 = ORIENTED_EDGE ( 'NONE', *, *, #1591, .F. ) ;
#8713 = FACE_OUTER_BOUND ( 'NONE', #2031, .T. ) ;
#8714 = ORIENTED_EDGE ( 'NONE', *, *, #3710, .T. ) ;
#8715 = VECTOR ( 'NONE', #2666, 1000.000000000000114 ) ;
#8716 = ORIENTED_EDGE ( 'NONE', *, *, #1012, .T. ) ;
#8717 = LINE ( 'NONE', #16, #7660 ) ;
#8718 = ORIENTED_EDGE ( 'NONE', *, *, #10590, .T. ) ;
#8719 = DIRECTION ( 'NONE',  ( -0.6193384587389297868, 0.000000000000000000, -0.7851241134539729272 ) ) ;
#8720 = CARTESIAN_POINT ( 'NONE',  ( 21.30323522931127656, 120.0000000000000000, 385.8071906031455001 ) ) ;
#8721 = CARTESIAN_POINT ( 'NONE',  ( 151.8249679581558667, 117.0000000000000000, 381.2424543206988119 ) ) ;
#8722 = ORIENTED_EDGE ( 'NONE', *, *, #4301, .T. ) ;
#8723 = LINE ( 'NONE', #8957, #9948 ) ;
#8724 = CARTESIAN_POINT ( 'NONE',  ( 190.1818355124832465, 120.0000000000000000, 277.5473304590436214 ) ) ;
#8725 = ORIENTED_EDGE ( 'NONE', *, *, #265, .F. ) ;
#8726 = CARTESIAN_POINT ( 'NONE',  ( -209.2562056726987407, 550.1499999999997499, 294.4171666398315210 ) ) ;
#8727 = ORIENTED_EDGE ( 'NONE', *, *, #8913, .T. ) ;
#8728 = AXIS2_PLACEMENT_3D ( 'NONE', #10539, #7621, #3627 ) ;
#8729 = ADVANCED_FACE ( 'NONE', ( #9501 ), #3662, .F. ) ;
#8730 = CARTESIAN_POINT ( 'NONE',  ( -59.20020431027140262, 358.2489785920855070, 357.2691572981634636 ) ) ;
#8731 = CARTESIAN_POINT ( 'NONE',  ( -102.8717205707465610, 117.0000000000000000, 381.2424543206986982 ) ) ;
#8732 = VERTEX_POINT ( 'NONE', #10452 ) ;
#8733 = EDGE_CURVE ( 'NONE', #4839, #1257, #1761, .T. ) ;
#8734 = CARTESIAN_POINT ( 'NONE',  ( -33.14072227035983076, 437.3765875241089134, 395.2081097367293410 ) ) ;
#8735 = CARTESIAN_POINT ( 'NONE',  ( 250.1687812440109155, 0.000000000000000000, 197.3435088098919721 ) ) ;
#8736 = DIRECTION ( 'NONE',  ( 1.000000000000000000, 0.000000000000000000, 0.000000000000000000 ) ) ;
#8737 = EDGE_CURVE ( 'NONE', #8988, #700, #12417, .T. ) ;
#8738 = CARTESIAN_POINT ( 'NONE',  ( -132.0792540082314588, 377.5518242584213908, 343.8142052428237889 ) ) ;
#8739 = EDGE_CURVE ( 'NONE', #7073, #284, #8364, .T. ) ;
#8740 = CARTESIAN_POINT ( 'NONE',  ( 0.000000000000000000, 350.0000000000000000, 0.000000000000000000 ) ) ;
#8741 = ORIENTED_EDGE ( 'NONE', *, *, #1432, .T. ) ;
#8742 = FACE_OUTER_BOUND ( 'NONE', #201, .T. ) ;
#8743 = ADVANCED_FACE ( 'NONE', ( #10265 ), #1565, .T. ) ;
#8744 = VECTOR ( 'NONE', #1992, 1000.000000000000000 ) ;
#8745 = CARTESIAN_POINT ( 'NONE',  ( -193.6232282608479807, 377.5518242583233359, 359.0020664014754743 ) ) ;
#8746 = FACE_OUTER_BOUND ( 'NONE', #6494, .T. ) ;
#8747 = DIRECTION ( 'NONE',  ( -0.6177089183133550598, -0.008339822323400296333, -0.7863626005856071410 ) ) ;
#8748 = LINE ( 'NONE', #3026, #9800 ) ;
#8749 = LINE ( 'NONE', #4037, #955 ) ;
#8750 = CIRCLE ( 'NONE', #3263, 16.70248815446700874 ) ;
#8751 = CARTESIAN_POINT ( 'NONE',  ( 175.1311997525219226, 357.5000000000000000, 324.1304959033155910 ) ) ;
#8752 = EDGE_CURVE ( 'NONE', #9175, #1876, #9017, .T. ) ;
#8753 = DIRECTION ( 'NONE',  ( 0.7625037589850115483, 0.2383113124287892515, -0.6014945850979835917 ) ) ;
#8754 = EDGE_CURVE ( 'NONE', #5845, #6636, #6989, .T. ) ;
#8755 = ORIENTED_EDGE ( 'NONE', *, *, #12296, .F. ) ;
#8756 = EDGE_LOOP ( 'NONE', ( #3864, #6599, #4855, #1386, #3765 ) ) ;
#8757 = LINE ( 'NONE', #11558, #12087 ) ;
#8758 = DIRECTION ( 'NONE',  ( 0.000000000000000000, 0.000000000000000000, -1.000000000000000000 ) ) ;
#8759 = CARTESIAN_POINT ( 'NONE',  ( -59.20020431027140262, 360.0000000000000000, 357.2715862585909008 ) ) ;
#8760 = VECTOR ( 'NONE', #555, 1000.000000000000000 ) ;
#8761 = EDGE_LOOP ( 'NONE', ( #9998, #2312 ) ) ;
#8762 = EDGE_CURVE ( 'NONE', #7610, #5539, #9853, .T. ) ;
#8763 = EDGE_CURVE ( 'NONE', #3553, #10790, #5968, .T. ) ;
#8764 = CARTESIAN_POINT ( 'NONE',  ( 176.3135992134150740, 385.0000000000000000, 318.3040661615337967 ) ) ;
#8765 = CARTESIAN_POINT ( 'NONE',  ( -63.99995451995625473, 374.0785508645338382, 377.9443499868726803 ) ) ;
#8766 = CARTESIAN_POINT ( 'NONE',  ( 61.64283596514925279, 376.0859873310966464, 377.9443499868726803 ) ) ;
#8767 = VERTEX_POINT ( 'NONE', #5215 ) ;
#8768 = CYLINDRICAL_SURFACE ( 'NONE', #5640, 1.705470224525384992 ) ;
#8769 = ORIENTED_EDGE ( 'NONE', *, *, #9509, .F. ) ;
#8770 = ORIENTED_EDGE ( 'NONE', *, *, #761, .T. ) ;
#8771 = ORIENTED_EDGE ( 'NONE', *, *, #4186, .F. ) ;
#8772 = EDGE_CURVE ( 'NONE', #637, #11342, #6213, .T. ) ;
#8773 = CARTESIAN_POINT ( 'NONE',  ( -188.0893973439365823, 554.4841159016714300, 314.6544889145773141 ) ) ;
#8774 = VECTOR ( 'NONE', #11706, 1000.000000000000000 ) ;
#8775 = CARTESIAN_POINT ( 'NONE',  ( -66.20020431027140262, 385.0000000000000000, 382.6229516748982746 ) ) ;
#8776 = LINE ( 'NONE', #5030, #11780 ) ;
#8777 = CARTESIAN_POINT ( 'NONE',  ( -70.18354552143789249, 117.0000000000000000, 385.8071906031455001 ) ) ;
#8778 = VERTEX_POINT ( 'NONE', #2170 ) ;
#8779 = CYLINDRICAL_SURFACE ( 'NONE', #8710, 0.9454112335447462101 ) ;
#8780 = VERTEX_POINT ( 'NONE', #4128 ) ;
#8781 = AXIS2_PLACEMENT_3D ( 'NONE', #6722, #7857, #2073 ) ;
#8782 = CARTESIAN_POINT ( 'NONE',  ( -139.9999999999999147, -570.1500000000002046, 340.0000000000000000 ) ) ;
#8783 = FACE_OUTER_BOUND ( 'NONE', #1078, .T. ) ;
#8784 = ORIENTED_EDGE ( 'NONE', *, *, #5540, .T. ) ;
#8785 = DIRECTION ( 'NONE',  ( 0.000000000000000000, -1.000000000000000000, 0.000000000000000000 ) ) ;
#8786 = CARTESIAN_POINT ( 'NONE',  ( 46.12448390330171577, 356.9106833265976206, 382.6229516748982746 ) ) ;
#8787 = DIRECTION ( 'NONE',  ( -0.000000000000000000, 1.000000000000000000, -0.000000000000000000 ) ) ;
#8788 = VECTOR ( 'NONE', #12476, 1000.000000000000114 ) ;
#8789 = DIRECTION ( 'NONE',  ( -0.7863899488082340961, 0.000000000000000000, 0.6177304010758924990 ) ) ;
#8790 = PLANE ( 'NONE',  #1583 ) ;
#8791 = ORIENTED_EDGE ( 'NONE', *, *, #8815, .T. ) ;
#8792 = CARTESIAN_POINT ( 'NONE',  ( -103.2729958692048484, 569.9615798223775300, 352.3710836103838346 ) ) ;
#8793 = EDGE_CURVE ( 'NONE', #5071, #7497, #9056, .T. ) ;
#8794 = AXIS2_PLACEMENT_3D ( 'NONE', #8721, #3706, #5790 ) ;
#8795 = ADVANCED_FACE ( 'NONE', ( #138 ), #4961, .F. ) ;
#8796 = CARTESIAN_POINT ( 'NONE',  ( -101.7259631302510314, 570.1499999999997499, 350.0000000000000000 ) ) ;
#8797 = CARTESIAN_POINT ( 'NONE',  ( -116.3767717391519767, 565.8524822690791325, 351.4274360680452105 ) ) ;
#8798 = CARTESIAN_POINT ( 'NONE',  ( 226.8164854144700087, 340.0000000000000568, 226.8164854143789171 ) ) ;
#8799 = ADVANCED_FACE ( 'NONE', ( #3057 ), #1156, .T. ) ;
#8800 = CARTESIAN_POINT ( 'NONE',  ( 21.30323522931127656, 117.0000000000000000, 385.8071906031455001 ) ) ;
#8801 = LINE ( 'NONE', #6001, #7019 ) ;
#8802 = DIRECTION ( 'NONE',  ( 0.000000000000000000, 0.000000000000000000, -1.000000000000000000 ) ) ;
#8803 = CARTESIAN_POINT ( 'NONE',  ( -168.1915472663334867, 500.7070571008912339, 316.2447010997172470 ) ) ;
#8804 = CIRCLE ( 'NONE', #3130, 4.999999999999976907 ) ;
#8805 = PERSON_AND_ORGANIZATION_ROLE ( 'design_owner' ) ;
#8806 = ORIENTED_EDGE ( 'NONE', *, *, #9462, .F. ) ;
#8807 = CARTESIAN_POINT ( 'NONE',  ( -102.8087105096337410, 570.0829547866122766, 351.4274360680452105 ) ) ;
#8808 = DIRECTION ( 'NONE',  ( 1.000000000000000000, 0.000000000000000000, -0.000000000000000000 ) ) ;
#8809 = PLANE ( 'NONE',  #2219 ) ;
#8810 = DIRECTION ( 'NONE',  ( -0.6193384587389317852, 0.000000000000000000, -0.7851241134539713729 ) ) ;
#8811 = CIRCLE ( 'NONE', #927, 3.093108195208582600 ) ;
#8812 = FACE_OUTER_BOUND ( 'NONE', #274, .T. ) ;
#8813 = ORIENTED_EDGE ( 'NONE', *, *, #7321, .F. ) ;
#8814 = LINE ( 'NONE', #59, #11255 ) ;
#8815 = EDGE_CURVE ( 'NONE', #6375, #9872, #8079, .T. ) ;
#8816 = CIRCLE ( 'NONE', #8206, 1.211688060526509902 ) ;
#8817 = DIRECTION ( 'NONE',  ( 0.000000000000000000, 0.000000000000000000, 1.000000000000000000 ) ) ;
#8818 = PLANE ( 'NONE',  #2987 ) ;
#8819 = EDGE_CURVE ( 'NONE', #8682, #9446, #5088, .T. ) ;
#8820 = CYLINDRICAL_SURFACE ( 'NONE', #6096, 1.463400710226769874 ) ;
#8821 = ORIENTED_EDGE ( 'NONE', *, *, #10988, .T. ) ;
#8822 = ORIENTED_EDGE ( 'NONE', *, *, #5186, .T. ) ;
#8823 = AXIS2_PLACEMENT_3D ( 'NONE', #3542, #3793, #5699 ) ;
#8824 = EDGE_LOOP ( 'NONE', ( #5556, #9347, #10802, #4404, #129 ) ) ;
#8825 = VERTEX_POINT ( 'NONE', #11878 ) ;
#8826 = AXIS2_PLACEMENT_3D ( 'NONE', #12561, #54, #8808 ) ;
#8827 = LINE ( 'NONE', #9789, #3182 ) ;
#8828 = EDGE_LOOP ( 'NONE', ( #5248, #10133, #4835, #11949 ) ) ;
#8829 = CARTESIAN_POINT ( 'NONE',  ( -208.5522226087825857, 543.7141861752351133, 284.4471059689577146 ) ) ;
#8830 = DIRECTION ( 'NONE',  ( -0.7071067811868103625, 0.000000000000000000, 0.7071067811862845609 ) ) ;
#8831 = VECTOR ( 'NONE', #4871, 1000.000000000000000 ) ;
#8832 = VERTEX_POINT ( 'NONE', #11695 ) ;
#8833 = DIRECTION ( 'NONE',  ( -0.7625037589850115483, -0.2383113124287892792, 0.6014945850979835917 ) ) ;
#8834 = DIRECTION ( 'NONE',  ( -0.7625037589850115483, -0.2383113124287892515, 0.6014945850979835917 ) ) ;
#8835 = AXIS2_PLACEMENT_3D ( 'NONE', #5256, #3275, #6198 ) ;
#8836 = ORIENTED_EDGE ( 'NONE', *, *, #14, .F. ) ;
#8837 = FACE_OUTER_BOUND ( 'NONE', #7699, .T. ) ;
#8838 = EDGE_LOOP ( 'NONE', ( #5798, #2710, #10568, #5455 ) ) ;
#8839 = ADVANCED_FACE ( 'NONE', ( #2998 ), #196, .T. ) ;
#8840 = ADVANCED_FACE ( 'NONE', ( #3111 ), #6092, .F. ) ;
#8841 = CARTESIAN_POINT ( 'NONE',  ( -59.26671879462829651, 355.4290259274634991, 358.3644402296832823 ) ) ;
#8842 = FACE_OUTER_BOUND ( 'NONE', #12393, .T. ) ;
#8843 = ORIENTED_EDGE ( 'NONE', *, *, #5317, .T. ) ;
#8844 = CARTESIAN_POINT ( 'NONE',  ( -66.20020431027140262, 377.5518242583233359, 355.6679359893877290 ) ) ;
#8845 = DIRECTION ( 'NONE',  ( 0.000000000000000000, 1.000000000000000000, -0.000000000000000000 ) ) ;
#8846 = LINE ( 'NONE', #9275, #6379 ) ;
#8847 = ADVANCED_FACE ( 'NONE', ( #7057 ), #10922, .F. ) ;
#8848 = EDGE_CURVE ( 'NONE', #7471, #6580, #6009, .T. ) ;
#8849 = DIRECTION ( 'NONE',  ( 1.000000000000000000, 0.000000000000000000, 0.000000000000000000 ) ) ;
#8850 = VECTOR ( 'NONE', #6383, 1000.000000000000000 ) ;
#8851 = CARTESIAN_POINT ( 'NONE',  ( 190.1818355124832465, 117.0000000000000000, 313.0569279791225767 ) ) ;
#8852 = AXIS2_PLACEMENT_3D ( 'NONE', #12069, #6352, #7377 ) ;
#8853 = ORIENTED_EDGE ( 'NONE', *, *, #6935, .F. ) ;
#8854 = LINE ( 'NONE', #1115, #7136 ) ;
#8855 = CIRCLE ( 'NONE', #11511, 5.000000000000004441 ) ;
#8856 = CARTESIAN_POINT ( 'NONE',  ( -116.3767717391519767, 120.0000000000002132, 326.4274360680452105 ) ) ;
#8857 = VECTOR ( 'NONE', #6031, 1000.000000000000000 ) ;
#8858 = DIRECTION ( 'NONE',  ( -0.6179857873071107344, -0.08715574274765820750, 0.7813433580651432120 ) ) ;
#8859 = PLANE ( 'NONE',  #1127 ) ;
#8860 = VECTOR ( 'NONE', #11664, 1000.000000000000000 ) ;
#8861 = EDGE_CURVE ( 'NONE', #3635, #7114, #10034, .T. ) ;
#8862 = DIRECTION ( 'NONE',  ( 0.000000000000000000, -1.000000000000000000, 0.000000000000000000 ) ) ;
#8863 = CARTESIAN_POINT ( 'NONE',  ( 206.6261401956558927, 545.1499999999996362, 286.4084756982739464 ) ) ;
#8864 = LINE ( 'NONE', #3085, #12113 ) ;
#8865 = EDGE_CURVE ( 'NONE', #12301, #5389, #4193, .T. ) ;
#8866 = DIRECTION ( 'NONE',  ( 0.000000000000000000, 0.000000000000000000, -1.000000000000000000 ) ) ;
#8867 = AXIS2_PLACEMENT_3D ( 'NONE', #9744, #2948, #10693 ) ;
#8868 = PERSON_AND_ORGANIZATION ( #4658, #10914 ) ;
#8869 = VECTOR ( 'NONE', #12289, 1000.000000000000000 ) ;
#8870 = ORIENTED_EDGE ( 'NONE', *, *, #8077, .F. ) ;
#8871 = FACE_OUTER_BOUND ( 'NONE', #5188, .T. ) ;
#8872 = EDGE_CURVE ( 'NONE', #1883, #6397, #647, .T. ) ;
#8873 = DIRECTION ( 'NONE',  ( 0.6193384587389330065, 0.000000000000000000, 0.7851241134539704847 ) ) ;
#8874 = LINE ( 'NONE', #177, #6477 ) ;
#8875 = CARTESIAN_POINT ( 'NONE',  ( -199.9999999999998863, -570.1500000000002046, 340.0000000000000000 ) ) ;
#8876 = AXIS2_PLACEMENT_3D ( 'NONE', #8190, #7174, #7111 ) ;
#8877 = FACE_OUTER_BOUND ( 'NONE', #8276, .T. ) ;
#8878 = ORIENTED_EDGE ( 'NONE', *, *, #7640, .T. ) ;
#8879 = EDGE_CURVE ( 'NONE', #5097, #1849, #9263, .T. ) ;
#8880 = FACE_OUTER_BOUND ( 'NONE', #8761, .T. ) ;
#8881 = LINE ( 'NONE', #2085, #9655 ) ;
#8882 = B_SPLINE_CURVE_WITH_KNOTS ( 'NONE', 2,
 ( #3264, #10064, #11009 ),
 .UNSPECIFIED., .F., .F.,
 ( 3, 3 ),
 ( 0.07618197888823886876, 0.1694103472472037741 ),
 .UNSPECIFIED. ) ;
#8883 = FACE_OUTER_BOUND ( 'NONE', #6214, .T. ) ;
#8884 = ADVANCED_FACE ( 'NONE', ( #6224 ), #8269, .T. ) ;
#8885 = DIRECTION ( 'NONE',  ( 0.000000000000000000, 0.000000000000000000, 1.000000000000000000 ) ) ;
#8886 = ORIENTED_EDGE ( 'NONE', *, *, #2096, .F. ) ;
#8887 = ORIENTED_EDGE ( 'NONE', *, *, #12043, .T. ) ;
#8888 = DIRECTION ( 'NONE',  ( -0.000000000000000000, 1.000000000000000000, -0.000000000000000000 ) ) ;
#8889 = ORIENTED_EDGE ( 'NONE', *, *, #7920, .T. ) ;
#8890 = EDGE_CURVE ( 'NONE', #5175, #9119, #1599, .T. ) ;
#8891 = ORIENTED_EDGE ( 'NONE', *, *, #6359, .T. ) ;
#8892 = CYLINDRICAL_SURFACE ( 'NONE', #7460, 10.00000000000000888 ) ;
#8893 = EDGE_LOOP ( 'NONE', ( #535, #2276, #4533, #10158 ) ) ;
#8894 = CARTESIAN_POINT ( 'NONE',  ( -157.7584481937591079, 500.9005157923640468, 329.5471993326201527 ) ) ;
#8895 = CARTESIAN_POINT ( 'NONE',  ( -248.5985330171027670, 377.5518242583665369, 196.1048318924143246 ) ) ;
#8896 = FACE_BOUND ( 'NONE', #909, .T. ) ;
#8897 = CARTESIAN_POINT ( 'NONE',  ( -187.9163866471808717, 568.0850713272536723, 273.0304865145508302 ) ) ;
#8898 = EDGE_CURVE ( 'NONE', #4418, #4348, #10106, .T. ) ;
#8899 = ORIENTED_EDGE ( 'NONE', *, *, #7954, .T. ) ;
#8900 = AXIS2_PLACEMENT_3D ( 'NONE', #5950, #4046, #1075 ) ;
#8901 = LINE ( 'NONE', #6816, #6852 ) ;
#8902 = ORIENTED_EDGE ( 'NONE', *, *, #11167, .F. ) ;
#8903 = VERTEX_POINT ( 'NONE', #8199 ) ;
#8904 = FACE_OUTER_BOUND ( 'NONE', #10098, .T. ) ;
#8905 = FACE_OUTER_BOUND ( 'NONE', #9195, .T. ) ;
#8906 = ORIENTED_EDGE ( 'NONE', *, *, #2876, .F. ) ;
#8907 = CARTESIAN_POINT ( 'NONE',  ( 192.9877427735605693, 117.0000000000000000, 332.2694703950618873 ) ) ;
#8908 = CARTESIAN_POINT ( 'NONE',  ( -170.0000000000000284, 550.1499999999997499, 263.4502437028848476 ) ) ;
#8909 = DIRECTION ( 'NONE',  ( -0.000000000000000000, 1.000000000000000000, -0.000000000000000000 ) ) ;
#8910 = VECTOR ( 'NONE', #1437, 1000.000000000000114 ) ;
#8911 = VERTEX_POINT ( 'NONE', #5341 ) ;
#8912 = EDGE_CURVE ( 'NONE', #4581, #3143, #4514, .T. ) ;
#8913 = EDGE_CURVE ( 'NONE', #6026, #619, #1412, .T. ) ;
#8914 = CARTESIAN_POINT ( 'NONE',  ( 111.4464948675895926, 117.0000000000000000, 368.5173196178369608 ) ) ;
#8915 = LINE ( 'NONE', #3902, #7672 ) ;
#8916 = VERTEX_POINT ( 'NONE', #5529 ) ;
#8917 = PLANE ( 'NONE',  #4702 ) ;
#8918 = ORIENTED_EDGE ( 'NONE', *, *, #8030, .F. ) ;
#8919 = CIRCLE ( 'NONE', #8728, 90.47470435369004349 ) ;
#8920 = CARTESIAN_POINT ( 'NONE',  ( -62.15928903933924943, 401.1238794302436759, 380.3951520273985238 ) ) ;
#8921 = ORIENTED_EDGE ( 'NONE', *, *, #2391, .T. ) ;
#8922 = CYLINDRICAL_SURFACE ( 'NONE', #2013, 3.093108195208626121 ) ;
#8923 = LINE ( 'NONE', #6121, #10257 ) ;
#8924 = FACE_OUTER_BOUND ( 'NONE', #4570, .T. ) ;
#8925 = DIRECTION ( 'NONE',  ( 0.000000000000000000, -1.000000000000000000, 0.000000000000000000 ) ) ;
#8926 = ORIENTED_EDGE ( 'NONE', *, *, #9224, .F. ) ;
#8927 = DIRECTION ( 'NONE',  ( 0.000000000000000000, -0.000000000000000000, 1.000000000000000000 ) ) ;
#8928 = CARTESIAN_POINT ( 'NONE',  ( -156.9153129388496382, 500.5926759277388101, 332.8215963560342630 ) ) ;
#8929 = AXIS2_PLACEMENT_3D ( 'NONE', #7645, #10435, #3708 ) ;
#8930 = DATE_AND_TIME ( #10717, #5446 ) ;
#8931 = ORIENTED_EDGE ( 'NONE', *, *, #3870, .F. ) ;
#8932 = DIRECTION ( 'NONE',  ( -0.000000000000000000, 1.000000000000000000, 0.000000000000000000 ) ) ;
#8933 = CARTESIAN_POINT ( 'NONE',  ( -159.9882456869716520, 320.0000000000000568, 314.2360380188416116 ) ) ;
#8934 = FACE_OUTER_BOUND ( 'NONE', #7706, .T. ) ;
#8935 = DIRECTION ( 'NONE',  ( 0.6193384587389316742, 1.965047575521714337E-16, 0.7851241134539714839 ) ) ;
#8936 = DIRECTION ( 'NONE',  ( 0.000000000000000000, 0.000000000000000000, -1.000000000000000000 ) ) ;
#8937 = EDGE_LOOP ( 'NONE', ( #4849, #3557, #9194, #10055 ) ) ;
#8938 = CARTESIAN_POINT ( 'NONE',  ( 176.3135992134150740, 380.0000000000000000, 322.7540661615337854 ) ) ;
#8939 = CARTESIAN_POINT ( 'NONE',  ( -87.60967213434079781, 383.4664177933578912, 362.5815879599392701 ) ) ;
#8940 = CIRCLE ( 'NONE', #7730, 2.113496831015027055 ) ;
#8941 = LINE ( 'NONE', #11800, #9851 ) ;
#8942 = CARTESIAN_POINT ( 'NONE',  ( -167.3215075925851067, 340.0000000000000568, 273.5368941889740881 ) ) ;
#8943 = CARTESIAN_POINT ( 'NONE',  ( -191.8873057370085178, 117.0000000000000000, 277.5473304590434509 ) ) ;
#8944 = VERTEX_POINT ( 'NONE', #1531 ) ;
#8945 = VERTEX_POINT ( 'NONE', #518 ) ;
#8946 = PLANE ( 'NONE',  #168 ) ;
#8947 = EDGE_LOOP ( 'NONE', ( #10964, #5486, #8169, #12163, #10565 ) ) ;
#8948 = ADVANCED_FACE ( 'NONE', ( #3438 ), #2627, .T. ) ;
#8949 = VECTOR ( 'NONE', #9039, 999.9999999999998863 ) ;
#8950 = VERTEX_POINT ( 'NONE', #5403 ) ;
#8951 = EDGE_CURVE ( 'NONE', #10212, #3272, #3984, .T. ) ;
#8952 = CARTESIAN_POINT ( 'NONE',  ( -191.8873057370085178, 117.0000000000000000, 351.4274360680451537 ) ) ;
#8953 = VERTEX_POINT ( 'NONE', #9339 ) ;
#8954 = CARTESIAN_POINT ( 'NONE',  ( 191.8873057370086315, 117.0000000000000000, 332.2694703950618873 ) ) ;
#8955 = EDGE_CURVE ( 'NONE', #7274, #6090, #12256, .T. ) ;
#8956 = CARTESIAN_POINT ( 'NONE',  ( -42.48496570340520861, 120.0000000000000000, 368.8290452823252963 ) ) ;
#8957 = CARTESIAN_POINT ( 'NONE',  ( -14.47175039158921273, 117.0000000000000000, 368.8290452823252963 ) ) ;
#8958 = CARTESIAN_POINT ( 'NONE',  ( -195.7024822690883070, 540.8045058932206075, 263.1601945342119961 ) ) ;
#8959 = ORIENTED_EDGE ( 'NONE', *, *, #12394, .T. ) ;
#8960 = DIRECTION ( 'NONE',  ( 0.000000000000000000, 0.000000000000000000, 1.000000000000000000 ) ) ;
#8961 = EDGE_LOOP ( 'NONE', ( #6488, #2646, #10638, #9753, #4622 ) ) ;
#8962 = ORIENTED_EDGE ( 'NONE', *, *, #9235, .T. ) ;
#8963 = CARTESIAN_POINT ( 'NONE',  ( -59.26671879462831072, 355.8749673330605674, 358.1497218802276166 ) ) ;
#8964 = CARTESIAN_POINT ( 'NONE',  ( -66.20020431027140262, 344.7977620481757413, 368.1767981924078867 ) ) ;
#8965 = ORIENTED_EDGE ( 'NONE', *, *, #6721, .F. ) ;
#8966 = VECTOR ( 'NONE', #12532, 1000.000000000000000 ) ;
#8967 = CARTESIAN_POINT ( 'NONE',  ( 102.8717205707466178, 117.0000000000000000, 382.1878655542435013 ) ) ;
#8968 = EDGE_CURVE ( 'NONE', #1870, #1800, #3565, .T. ) ;
#8969 = DIRECTION ( 'NONE',  ( 0.000000000000000000, 0.000000000000000000, -1.000000000000000000 ) ) ;
#8970 = FACE_OUTER_BOUND ( 'NONE', #2226, .T. ) ;
#8971 = ORIENTED_EDGE ( 'NONE', *, *, #3032, .F. ) ;
#8972 = CLOSED_SHELL ( 'NONE', ( #12371, #11499, #7065, #12062, #7350, #7051, #6337, #130 ) ) ;
#8973 = FACE_OUTER_BOUND ( 'NONE', #7259, .T. ) ;
#8974 = EDGE_CURVE ( 'NONE', #6978, #5698, #7455, .T. ) ;
#8975 = CARTESIAN_POINT ( 'NONE',  ( -195.7024822690796384, 546.0078643762686852, 263.1601945342233648 ) ) ;
#8976 = EDGE_CURVE ( 'NONE', #6994, #6098, #587, .T. ) ;
#8977 = ORIENTED_EDGE ( 'NONE', *, *, #4927, .T. ) ;
#8978 = DIRECTION ( 'NONE',  ( 0.7625037589850115483, 0.2383113124287892792, -0.6014945850979835917 ) ) ;
#8979 = ORIENTED_EDGE ( 'NONE', *, *, #7139, .F. ) ;
#8980 = PRODUCT_RELATED_PRODUCT_CATEGORY ( 'detail', '', ( #893 ) ) ;
#8981 = CARTESIAN_POINT ( 'NONE',  ( 242.3065724584796783, 340.0000000000000568, 242.3065724583821634 ) ) ;
#8983 = ORIENTED_EDGE ( 'NONE', *, *, #5773, .F. ) ;
#8982 = AXIS2_PLACEMENT_3D ( 'NONE', #10909, #6204, #11926 ) ;
#8984 = CARTESIAN_POINT ( 'NONE',  ( 187.0114630247302046, 550.0855391211476899, 274.1776417522190741 ) ) ;
#8985 = DIRECTION ( 'NONE',  ( -0.000000000000000000, 1.000000000000000000, -0.000000000000000000 ) ) ;
#8986 = CARTESIAN_POINT ( 'NONE',  ( -70.18354552143789249, 117.0000000000000000, 384.8487875627029098 ) ) ;
#8987 = CARTESIAN_POINT ( 'NONE',  ( -239.5067046637810790, 315.0000000000000568, 239.5067046636026191 ) ) ;
#8988 = VERTEX_POINT ( 'NONE', #12004 ) ;
#8989 = LINE ( 'NONE', #4162, #4007 ) ;
#8990 = CARTESIAN_POINT ( 'NONE',  ( 90.80594641541442513, 420.0000000000000000, 0.000000000000000000 ) ) ;
#8991 = CIRCLE ( 'NONE', #4328, 3.093108195208582600 ) ;
#8992 = ORIENTED_EDGE ( 'NONE', *, *, #231, .F. ) ;
#8993 = EDGE_CURVE ( 'NONE', #6877, #8384, #9208, .T. ) ;
#8994 = CARTESIAN_POINT ( 'NONE',  ( -168.1915472663334867, 500.7070571008912339, 316.2447010997172470 ) ) ;
#8995 = DIRECTION ( 'NONE',  ( -0.000000000000000000, 1.000000000000000000, -0.000000000000000000 ) ) ;
#8996 = CARTESIAN_POINT ( 'NONE',  ( -173.8375598836331051, 370.0000000000001137, 270.4181323956964889 ) ) ;
#8997 = DIRECTION ( 'NONE',  ( -0.6177089183133546157, -0.008339822323401455129, -0.7863626005856073631 ) ) ;
#8998 = CARTESIAN_POINT ( 'NONE',  ( 59.34243920159818231, 355.0000000000000000, 375.9443499868726235 ) ) ;
#8999 = ORIENTED_EDGE ( 'NONE', *, *, #3485, .F. ) ;
#9001 = PLANE ( 'NONE',  #3943 ) ;
#9000 = AXIS2_PLACEMENT_3D ( 'NONE', #1037, #11519, #7709 ) ;
#9002 = CARTESIAN_POINT ( 'NONE',  ( -174.9943130982813955, 117.0000000000000000, 367.1410134558357186 ) ) ;
#9003 = CARTESIAN_POINT ( 'NONE',  ( 151.8249679581558667, 117.0000000000000000, 381.2424543206988119 ) ) ;
#9004 = ADVANCED_FACE ( 'NONE', ( #12199 ), #710, .F. ) ;
#9005 = CYLINDRICAL_SURFACE ( 'NONE', #8474, 0.9584030404425902816 ) ;
#9006 = ORIENTED_EDGE ( 'NONE', *, *, #9684, .F. ) ;
#9007 = ORIENTED_EDGE ( 'NONE', *, *, #8890, .F. ) ;
#9008 = FACE_BOUND ( 'NONE', #6296, .T. ) ;
#9009 = VERTEX_POINT ( 'NONE', #4391 ) ;
#9010 = AXIS2_PLACEMENT_3D ( 'NONE', #10677, #10556, #10497 ) ;
#9011 = EDGE_LOOP ( 'NONE', ( #7277, #12440, #11306, #6211 ) ) ;
#9012 = VECTOR ( 'NONE', #4640, 1000.000000000000000 ) ;
#9013 = PLANE ( 'NONE',  #3994 ) ;
#9014 = ORIENTED_EDGE ( 'NONE', *, *, #1495, .T. ) ;
#9015 = CARTESIAN_POINT ( 'NONE',  ( -208.9311564542945234, 543.3550828573020226, 283.8244621848201632 ) ) ;
#9016 = EDGE_CURVE ( 'NONE', #1354, #6698, #6420, .T. ) ;
#9017 = LINE ( 'NONE', #8956, #11083 ) ;
#9018 = VECTOR ( 'NONE', #5195, 1000.000000000000000 ) ;
#9019 = CARTESIAN_POINT ( 'NONE',  ( 3.140909257490102210E-14, 580.1499999999997499, 93.29485184198053105 ) ) ;
#9020 = CARTESIAN_POINT ( 'NONE',  ( -194.3807982589124776, 545.1615067421149661, 264.8356693446548320 ) ) ;
#9021 = EDGE_CURVE ( 'NONE', #12408, #9558, #10302, .T. ) ;
#9022 = AXIS2_PLACEMENT_3D ( 'NONE', #10724, #3867, #11676 ) ;
#9023 = ORIENTED_EDGE ( 'NONE', *, *, #1852, .F. ) ;
#9024 = DIRECTION ( 'NONE',  ( 0.000000000000000000, -0.000000000000000000, 1.000000000000000000 ) ) ;
#9025 = ORIENTED_EDGE ( 'NONE', *, *, #5817, .F. ) ;
#9026 = ORIENTED_EDGE ( 'NONE', *, *, #11873, .T. ) ;
#9027 = CARTESIAN_POINT ( 'NONE',  ( -41.46524257959468684, 365.0000000000000000, 363.3737440440420414 ) ) ;
#9028 = DIRECTION ( 'NONE',  ( 0.7625037589850115483, 0.2383113124287892515, -0.6014945850979835917 ) ) ;
#9029 = VERTEX_POINT ( 'NONE', #6684 ) ;
#9030 = DIRECTION ( 'NONE',  ( 0.7625037589850115483, 0.2383113124287892515, -0.6014945850979835917 ) ) ;
#9031 = VECTOR ( 'NONE', #7675, 1000.000000000000114 ) ;
#9032 = CARTESIAN_POINT ( 'NONE',  ( -137.3347447850059666, 377.5518242583665369, 347.9599543057140068 ) ) ;
#9033 = ORIENTED_EDGE ( 'NONE', *, *, #7745, .F. ) ;
#9034 = VECTOR ( 'NONE', #11367, 1000.000000000000000 ) ;
#9035 = CARTESIAN_POINT ( 'NONE',  ( -167.3215075925851067, 370.0000000000001137, 273.5368941889740881 ) ) ;
#9036 = FACE_OUTER_BOUND ( 'NONE', #11924, .T. ) ;
#9037 = AXIS2_PLACEMENT_3D ( 'NONE', #5656, #12505, #9533 ) ;
#9038 = ORIENTED_EDGE ( 'NONE', *, *, #6953, .F. ) ;
#9039 = DIRECTION ( 'NONE',  ( -4.388082859969755763E-14, 0.9758204948378663701, -0.2185734701522162593 ) ) ;
#9040 = ORIENTED_EDGE ( 'NONE', *, *, #1847, .T. ) ;
#9041 = ADVANCED_FACE ( 'NONE', ( #1794 ), #6544, .F. ) ;
#9042 = DIRECTION ( 'NONE',  ( 0.000000000000000000, 0.000000000000000000, -1.000000000000000000 ) ) ;
#9043 = EDGE_LOOP ( 'NONE', ( #8038, #6719, #1610, #11427, #1977, #8210 ) ) ;
#9044 = CARTESIAN_POINT ( 'NONE',  ( 185.7024822690794110, 550.1499999999997499, 275.8370128776635397 ) ) ;
#9045 = AXIS2_PLACEMENT_3D ( 'NONE', #9115, #422, #5309 ) ;
#9046 = DIRECTION ( 'NONE',  ( -0.000000000000000000, -0.08715574274765820750, 0.9961946980917455452 ) ) ;
#9047 = FACE_OUTER_BOUND ( 'NONE', #9604, .T. ) ;
#9048 = EDGE_CURVE ( 'NONE', #8732, #5427, #4833, .T. ) ;
#9049 = DIRECTION ( 'NONE',  ( 1.703841351481210740E-16, -1.000000000000000000, 0.000000000000000000 ) ) ;
#9050 = EDGE_LOOP ( 'NONE', ( #2287, #7288, #8339, #606, #2083, #3652, #1682, #8699, #10242, #6756, #2142, #1021, #12503, #5669, #5611, #10848, #6130, #12157 ) ) ;
#9051 = DIRECTION ( 'NONE',  ( -0.000000000000000000, 1.000000000000000000, -0.000000000000000000 ) ) ;
#9052 = ORIENTED_EDGE ( 'NONE', *, *, #2364, .F. ) ;
#9053 = VECTOR ( 'NONE', #9973, 1000.000000000000114 ) ;
#9054 = ORIENTED_EDGE ( 'NONE', *, *, #5201, .T. ) ;
#9055 = CARTESIAN_POINT ( 'NONE',  ( -102.0804178407808109, 570.1160211952075088, 351.4274360680452105 ) ) ;
#9056 = CIRCLE ( 'NONE', #5214, 1.219656812025959880 ) ;
#9057 = CARTESIAN_POINT ( 'NONE',  ( -132.3286688073715993, 370.0000000000001137, 343.4980266327372078 ) ) ;
#9058 = LINE ( 'NONE', #8310, #6689 ) ;
#9059 = DIRECTION ( 'NONE',  ( 0.000000000000000000, 0.000000000000000000, 1.000000000000000000 ) ) ;
#9060 = CARTESIAN_POINT ( 'NONE',  ( -174.9943130982813955, 120.0000000000000000, 369.2830108560940516 ) ) ;
#9061 = VERTEX_POINT ( 'NONE', #11437 ) ;
#9062 = CYLINDRICAL_SURFACE ( 'NONE', #5575, 2.113496831015027055 ) ;
#9063 = CARTESIAN_POINT ( 'NONE',  ( -171.6157891360268195, 120.0000000000000000, 352.8908367782719324 ) ) ;
#9064 = FACE_OUTER_BOUND ( 'NONE', #5295, .T. ) ;
#9065 = VECTOR ( 'NONE', #4522, 1000.000000000000000 ) ;
#9066 = EDGE_CURVE ( 'NONE', #7959, #11543, #1725, .T. ) ;
#9067 = ADVANCED_FACE ( 'NONE', ( #12385 ), #7628, .F. ) ;
#9068 = LINE ( 'NONE', #378, #4411 ) ;
#9069 = ORIENTED_EDGE ( 'NONE', *, *, #264, .T. ) ;
#9070 = VECTOR ( 'NONE', #7491, 1000.000000000000000 ) ;
#9071 = ORIENTED_EDGE ( 'NONE', *, *, #1721, .F. ) ;
#9072 = ORIENTED_EDGE ( 'NONE', *, *, #2230, .T. ) ;
#9073 = FACE_BOUND ( 'NONE', #2696, .T. ) ;
#9074 = ORIENTED_EDGE ( 'NONE', *, *, #3222, .T. ) ;
#9075 = CIRCLE ( 'NONE', #2609, 2.114999999999978009 ) ;
#9076 = ORIENTED_EDGE ( 'NONE', *, *, #11397, .F. ) ;
#9077 = EDGE_CURVE ( 'NONE', #11500, #10173, #1912, .T. ) ;
#9078 = VECTOR ( 'NONE', #8358, 1000.000000000000114 ) ;
#9079 = CARTESIAN_POINT ( 'NONE',  ( -209.2562056726987976, 550.1499999999997499, 294.4171666398316347 ) ) ;
#9080 = DIRECTION ( 'NONE',  ( -0.6193384587389308971, 0.000000000000000000, 0.7851241134539720390 ) ) ;
#9081 = VECTOR ( 'NONE', #11914, 1000.000000000000000 ) ;
#9082 = ORIENTED_EDGE ( 'NONE', *, *, #6173, .F. ) ;
#9083 = DIRECTION ( 'NONE',  ( 1.000000000000000000, 0.000000000000000000, -0.000000000000000000 ) ) ;
#9084 = DIRECTION ( 'NONE',  ( -0.7625037589850115483, -0.2383113124287892515, 0.6014945850979835917 ) ) ;
#9085 = VECTOR ( 'NONE', #10026, 1000.000000000000000 ) ;
#9086 = DIRECTION ( 'NONE',  ( 0.000000000000000000, 0.000000000000000000, 1.000000000000000000 ) ) ;
#9087 = CARTESIAN_POINT ( 'NONE',  ( -192.6016043524822692, 559.9748025187103622, 253.8996959480035400 ) ) ;
#9088 = ORIENTED_EDGE ( 'NONE', *, *, #7198, .T. ) ;
#9089 = CARTESIAN_POINT ( 'NONE',  ( 36.37704158544332245, 423.3327149756084964, 360.2779324460740895 ) ) ;
#9090 = ORIENTED_EDGE ( 'NONE', *, *, #7254, .F. ) ;
#9091 = ORIENTED_EDGE ( 'NONE', *, *, #10908, .T. ) ;
#9092 = CARTESIAN_POINT ( 'NONE',  ( -66.20020431027140262, 385.0000000000000000, -0.000000000000000000 ) ) ;
#9093 = CARTESIAN_POINT ( 'NONE',  ( -14.47175039158921273, 120.0000000000000000, 370.0487020943512562 ) ) ;
#9094 = EDGE_LOOP ( 'NONE', ( #4595, #9728, #4523, #8490, #12107 ) ) ;
#9095 = DIRECTION ( 'NONE',  ( -0.000000000000000000, 1.000000000000000000, -0.000000000000000000 ) ) ;
#9096 = FACE_OUTER_BOUND ( 'NONE', #1148, .T. ) ;
#9097 = VERTEX_POINT ( 'NONE', #9595 ) ;
#9098 = DIRECTION ( 'NONE',  ( 0.000000000000000000, 0.000000000000000000, -1.000000000000000000 ) ) ;
#9099 = AXIS2_PLACEMENT_3D ( 'NONE', #2071, #11658, #5937 ) ;
#9100 = LINE ( 'NONE', #9225, #11722 ) ;
#9101 = EDGE_LOOP ( 'NONE', ( #11371, #8926, #2208, #5737 ) ) ;
#9102 = EDGE_LOOP ( 'NONE', ( #9722, #4544 ) ) ;
#9103 = CARTESIAN_POINT ( 'NONE',  ( -170.0000000000000284, 540.1499999999996362, 380.0000000000000000 ) ) ;
#9104 = ORIENTED_EDGE ( 'NONE', *, *, #694, .T. ) ;
#9105 = EDGE_CURVE ( 'NONE', #6248, #9260, #9654, .T. ) ;
#9106 = EDGE_CURVE ( 'NONE', #2810, #12221, #2869, .T. ) ;
#9107 = VECTOR ( 'NONE', #34, 1000.000000000000000 ) ;
#9108 = DIRECTION ( 'NONE',  ( 0.000000000000000000, -1.000000000000000000, 0.000000000000000000 ) ) ;
#9109 = ORIENTED_EDGE ( 'NONE', *, *, #4692, .T. ) ;
#9110 = ADVANCED_FACE ( 'NONE', ( #4576 ), #2745, .F. ) ;
#9111 = EDGE_CURVE ( 'NONE', #11737, #10522, #9819, .T. ) ;
#9112 = LINE ( 'NONE', #417, #9528 ) ;
#9113 = PLANE ( 'NONE',  #9648 ) ;
#9114 = LINE ( 'NONE', #10136, #6774 ) ;
#9115 = CARTESIAN_POINT ( 'NONE',  ( 74.75501464662400508, 380.0582785066275164, 378.5521507562208967 ) ) ;
#9116 = ORIENTED_EDGE ( 'NONE', *, *, #8968, .F. ) ;
#9117 = EDGE_CURVE ( 'NONE', #7773, #11866, #12444, .T. ) ;
#9118 = CARTESIAN_POINT ( 'NONE',  ( 171.6157891360269332, 120.0000000000000000, 290.9472914527386251 ) ) ;
#9119 = VERTEX_POINT ( 'NONE', #10484 ) ;
#9120 = ORIENTED_EDGE ( 'NONE', *, *, #10051, .T. ) ;
#9121 = LINE ( 'NONE', #1506, #11392 ) ;
#9122 = CARTESIAN_POINT ( 'NONE',  ( -248.5985330171027954, 2.636524058878674370E-14, 196.1048318924143530 ) ) ;
#9123 = CARTESIAN_POINT ( 'NONE',  ( -187.0218920813575778, 554.8177517390718094, 313.8123964954401686 ) ) ;
#9124 = DIRECTION ( 'NONE',  ( -0.000000000000000000, -1.000000000000000000, 0.000000000000000000 ) ) ;
#9125 = ORIENTED_EDGE ( 'NONE', *, *, #6738, .T. ) ;
#9126 = LINE ( 'NONE', #5449, #1728 ) ;
#9127 = CARTESIAN_POINT ( 'NONE',  ( 130.5203249716378480, 117.0000000000000000, 368.2120121559649988 ) ) ;
#9128 = ADVANCED_FACE ( 'NONE', ( #11505 ), #10666, .T. ) ;
#9129 = DIRECTION ( 'NONE',  ( 0.000000000000000000, 1.000000000000000000, 0.000000000000000000 ) ) ;
#9130 = FACE_OUTER_BOUND ( 'NONE', #9555, .T. ) ;
#9131 = AXIS2_PLACEMENT_3D ( 'NONE', #394, #4263, #8137 ) ;
#9132 = EDGE_CURVE ( 'NONE', #6029, #5595, #2369, .T. ) ;
#9133 = AXIS2_PLACEMENT_3D ( 'NONE', #8279, #9984, #12146 ) ;
#9134 = VERTEX_POINT ( 'NONE', #6740 ) ;
#9135 = ORIENTED_EDGE ( 'NONE', *, *, #12315, .F. ) ;
#9136 = ORIENTED_EDGE ( 'NONE', *, *, #10620, .F. ) ;
#9137 = CARTESIAN_POINT ( 'NONE',  ( -191.8873057370085178, 117.0000000000000000, 351.4274360680451537 ) ) ;
#9138 = ORIENTED_EDGE ( 'NONE', *, *, #9665, .F. ) ;
#9139 = VERTEX_POINT ( 'NONE', #904 ) ;
#9140 = EDGE_CURVE ( 'NONE', #4315, #8018, #843, .T. ) ;
#9141 = CARTESIAN_POINT ( 'NONE',  ( -66.20020431027140262, 355.0000000001174385, 358.6113322206787188 ) ) ;
#9142 = AXIS2_PLACEMENT_3D ( 'NONE', #7630, #8590, #12257 ) ;
#9143 = DIRECTION ( 'NONE',  ( 0.01423796119175037636, 0.9924325091389669673, 0.1219630897658640217 ) ) ;
#9144 = VERTEX_POINT ( 'NONE', #5777 ) ;
#9145 = LINE ( 'NONE', #3370, #12513 ) ;
#9146 = CARTESIAN_POINT ( 'NONE',  ( -59.26671879462830361, 360.0000000000000000, 374.3406997176694517 ) ) ;
#9147 =( BOUNDED_CURVE ( )  B_SPLINE_CURVE ( 3, ( #884, #4626, #12369, #3735 ),
 .UNSPECIFIED., .F., .F. ) 
 B_SPLINE_CURVE_WITH_KNOTS ( ( 4, 4 ),
 ( 5.501585242055417879, 7.064785372303754585 ),
 .UNSPECIFIED. ) 
 CURVE ( )  GEOMETRIC_REPRESENTATION_ITEM ( )  RATIONAL_B_SPLINE_CURVE ( ( 1.000000000000000000, 0.8065248903853474705, 0.8065248903853474705, 1.000000000000000000 ) ) 
 REPRESENTATION_ITEM ( '' )  );
#9148 = CARTESIAN_POINT ( 'NONE',  ( 174.9943130982815092, 117.0000000000000000, 290.9472914527386251 ) ) ;
#9149 = EDGE_LOOP ( 'NONE', ( #5894, #2037, #6456, #6505 ) ) ;
#9150 = DIRECTION ( 'NONE',  ( 1.133962590713343958E-15, 0.000000000000000000, -1.000000000000000000 ) ) ;
#9151 = ORIENTED_EDGE ( 'NONE', *, *, #7415, .T. ) ;
#9152 = ORIENTED_EDGE ( 'NONE', *, *, #7640, .F. ) ;
#9153 = EDGE_CURVE ( 'NONE', #395, #11885, #7, .T. ) ;
#9154 = CARTESIAN_POINT ( 'NONE',  ( -171.6296037350506367, 340.0000000000000568, 271.3825464570588224 ) ) ;
#9155 = LINE ( 'NONE', #465, #4614 ) ;
#9156 = VERTEX_POINT ( 'NONE', #5720 ) ;
#9157 = DIRECTION ( 'NONE',  ( 0.000000000000000000, 0.000000000000000000, 1.000000000000000000 ) ) ;
#9158 = DIRECTION ( 'NONE',  ( 0.000000000000000000, 1.000000000000000000, 0.000000000000000000 ) ) ;
#9159 = AXIS2_PLACEMENT_3D ( 'NONE', #3891, #5734, #7893 ) ;
#9160 = VERTEX_POINT ( 'NONE', #8526 ) ;
#9161 = DIRECTION ( 'NONE',  ( -0.07463981325589597038, -0.8531369693832299150, -0.5163198715415888707 ) ) ;
#9162 = CARTESIAN_POINT ( 'NONE',  ( 70.18354552143794933, 117.0000000000000000, 385.8071906031455569 ) ) ;
#9163 = ORIENTED_EDGE ( 'NONE', *, *, #3050, .F. ) ;
#9164 = ORIENTED_EDGE ( 'NONE', *, *, #5514, .F. ) ;
#9165 = CARTESIAN_POINT ( 'NONE',  ( 42.48496570340527967, 117.0000000000000000, 371.2683589063772729 ) ) ;
#9166 = VERTEX_POINT ( 'NONE', #9720 ) ;
#9167 = CARTESIAN_POINT ( 'NONE',  ( -195.7024822690793826, 89.99999999999997158, 263.1601945342233080 ) ) ;
#9168 = VERTEX_POINT ( 'NONE', #244 ) ;
#9169 = AXIS2_PLACEMENT_3D ( 'NONE', #1072, #235, #7987 ) ;
#9170 = LINE ( 'NONE', #5176, #192 ) ;
#9171 = ADVANCED_FACE ( 'NONE', ( #8063 ), #5956, .T. ) ;
#9172 = CYLINDRICAL_SURFACE ( 'NONE', #7221, 20.00000000000000711 ) ;
#9173 = PLANE ( 'NONE',  #12441 ) ;
#9174 = DIRECTION ( 'NONE',  ( -0.000000000000000000, 1.000000000000000000, -0.000000000000000000 ) ) ;
#9175 = VERTEX_POINT ( 'NONE', #7997 ) ;
#9176 = EDGE_CURVE ( 'NONE', #1234, #12127, #3785, .T. ) ;
#9177 = CARTESIAN_POINT ( 'NONE',  ( 191.8873057370086315, 117.0000000000000000, 311.3514577545972202 ) ) ;
#9178 = ORIENTED_EDGE ( 'NONE', *, *, #2435, .T. ) ;
#9179 = DIRECTION ( 'NONE',  ( 0.000000000000000000, -0.000000000000000000, 1.000000000000000000 ) ) ;
#9180 = EDGE_CURVE ( 'NONE', #5155, #10249, #1566, .T. ) ;
#9181 = VERTEX_POINT ( 'NONE', #7106 ) ;
#9182 = AXIS2_PLACEMENT_3D ( 'NONE', #3974, #1064, #1124 ) ;
#9183 = DIRECTION ( 'NONE',  ( 0.000000000000000000, 0.000000000000000000, 1.000000000000000000 ) ) ;
#9184 = CARTESIAN_POINT ( 'NONE',  ( -155.8478076762706337, 500.9263117651391326, 331.9795039368970606 ) ) ;
#9185 = EDGE_CURVE ( 'NONE', #7307, #731, #11681, .T. ) ;
#9186 = CARTESIAN_POINT ( 'NONE',  ( -111.3767717391519767, 447.6530411536430165, 401.4274360680452105 ) ) ;
#9187 = CARTESIAN_POINT ( 'NONE',  ( -59.20020431027140262, 377.5518242583233359, 355.6679359893877290 ) ) ;
#9188 = EDGE_LOOP ( 'NONE', ( #8596, #3937, #8070, #7786 ) ) ;
#9189 = FACE_OUTER_BOUND ( 'NONE', #838, .T. ) ;
#9190 = DIRECTION ( 'NONE',  ( -0.000000000000000000, 0.000000000000000000, 1.000000000000000000 ) ) ;
#9191 = CARTESIAN_POINT ( 'NONE',  ( 2.081899558550500674E-14, 580.1499999999997499, 175.7695561956705319 ) ) ;
#9192 = AXIS2_PLACEMENT_3D ( 'NONE', #2063, #9564, #8789 ) ;
#9193 = FACE_OUTER_BOUND ( 'NONE', #3622, .T. ) ;
#9194 = ORIENTED_EDGE ( 'NONE', *, *, #586, .F. ) ;
#9195 = EDGE_LOOP ( 'NONE', ( #348, #1772 ) ) ;
#9196 = EDGE_LOOP ( 'NONE', ( #2229, #10282 ) ) ;
#9197 = DIRECTION ( 'NONE',  ( 0.000000000000000000, 0.000000000000000000, 1.000000000000000000 ) ) ;
#9198 = VERTEX_POINT ( 'NONE', #185 ) ;
#9199 = ORIENTED_EDGE ( 'NONE', *, *, #3310, .F. ) ;
#9200 = CIRCLE ( 'NONE', #8794, 0.9454112335447462101 ) ;
#9201 = ADVANCED_FACE ( 'NONE', ( #2220 ), #3164, .T. ) ;
#9202 = PLANE ( 'NONE',  #4980 ) ;
#9203 = DIRECTION ( 'NONE',  ( -0.000000000000000000, -1.000000000000000000, 0.000000000000000000 ) ) ;
#9204 = EDGE_LOOP ( 'NONE', ( #973, #4234, #3681, #12258 ) ) ;
#9205 = EDGE_CURVE ( 'NONE', #8548, #5391, #11896, .T. ) ;
#9206 = DIRECTION ( 'NONE',  ( 0.000000000000000000, 0.000000000000000000, 1.000000000000000000 ) ) ;
#9207 = FACE_OUTER_BOUND ( 'NONE', #7896, .T. ) ;
#9208 = LINE ( 'NONE', #1661, #6641 ) ;
#9209 = CARTESIAN_POINT ( 'NONE',  ( -192.9158025370202267, 544.4840499942731640, 274.7659479840397694 ) ) ;
#9210 = EDGE_LOOP ( 'NONE', ( #3159, #2203, #11628, #7456 ) ) ;
#9211 = CARTESIAN_POINT ( 'NONE',  ( 153.2987821259122541, 352.5000000000000000, 297.0904220739075186 ) ) ;
#9212 = EDGE_LOOP ( 'NONE', ( #3756, #5502, #1489, #1335 ) ) ;
#9213 = CIRCLE ( 'NONE', #5963, 4.476537341592923269 ) ;
#9214 = ORIENTED_EDGE ( 'NONE', *, *, #5707, .F. ) ;
#9215 = DIRECTION ( 'NONE',  ( 0.000000000000000000, -1.000000000000000000, 0.000000000000000000 ) ) ;
#9216 = FACE_OUTER_BOUND ( 'NONE', #1537, .T. ) ;
#9217 = ORIENTED_EDGE ( 'NONE', *, *, #1176, .T. ) ;
#9218 = CARTESIAN_POINT ( 'NONE',  ( -170.8568714563180606, 555.0885983488699367, 334.4118085411734569 ) ) ;
#9219 = DIRECTION ( 'NONE',  ( 0.000000000000000000, -0.000000000000000000, -1.000000000000000000 ) ) ;
#9220 = AXIS2_PLACEMENT_3D ( 'NONE', #7165, #11925, #6398 ) ;
#9221 = ORIENTED_EDGE ( 'NONE', *, *, #746, .T. ) ;
#9222 = CARTESIAN_POINT ( 'NONE',  ( -66.20020431027140262, 348.6241495211186248, 386.3284239788339391 ) ) ;
#9223 = VECTOR ( 'NONE', #11983, 1000.000000000000114 ) ;
#9224 = EDGE_CURVE ( 'NONE', #1263, #11155, #1083, .T. ) ;
#9225 = CARTESIAN_POINT ( 'NONE',  ( -192.9877427735604556, 117.0000000000000000, 332.2694703950617168 ) ) ;
#9226 = EDGE_CURVE ( 'NONE', #2632, #1071, #5847, .T. ) ;
#9227 = ORIENTED_EDGE ( 'NONE', *, *, #8470, .F. ) ;
#9228 = ORIENTED_EDGE ( 'NONE', *, *, #7514, .T. ) ;
#9229 = CYLINDRICAL_SURFACE ( 'NONE', #7469, 19.99999999999998934 ) ;
#9230 = ORIENTED_EDGE ( 'NONE', *, *, #9824, .T. ) ;
#9231 = AXIS2_PLACEMENT_3D ( 'NONE', #4672, #12101, #8362 ) ;
#9232 = DIRECTION ( 'NONE',  ( -0.7851241134539713729, 0.000000000000000000, 0.6193384587389317852 ) ) ;
#9233 = ADVANCED_FACE ( 'NONE', ( #4052 ), #10787, .F. ) ;
#9234 = ORIENTED_EDGE ( 'NONE', *, *, #3361, .F. ) ;
#9235 = EDGE_CURVE ( 'NONE', #2297, #3273, #4202, .T. ) ;
#9236 = CIRCLE ( 'NONE', #5982, 20.00000000000001776 ) ;
#9237 = LINE ( 'NONE', #4287, #8910 ) ;
#9238 = CARTESIAN_POINT ( 'NONE',  ( -153.9321268139373728, 500.9263117651391326, 334.4079777664774724 ) ) ;
#9239 = FACE_OUTER_BOUND ( 'NONE', #1180, .T. ) ;
#9240 = VECTOR ( 'NONE', #10362, 1000.000000000000000 ) ;
#9241 = CARTESIAN_POINT ( 'NONE',  ( 140.0000000000000568, 2.385377892073696199E-14, 340.0000000000000000 ) ) ;
#9242 = FACE_OUTER_BOUND ( 'NONE', #2480, .T. ) ;
#9243 = AXIS2_PLACEMENT_3D ( 'NONE', #12166, #8557, #4799 ) ;
#9244 = ORIENTED_EDGE ( 'NONE', *, *, #4867, .T. ) ;
#9245 = CARTESIAN_POINT ( 'NONE',  ( -136.1948344576564978, 340.0000000000000568, 305.2559512890213114 ) ) ;
#9246 = CIRCLE ( 'NONE', #3776, 25.44093595064281743 ) ;
#9247 = VERTEX_POINT ( 'NONE', #3929 ) ;
#9248 = VECTOR ( 'NONE', #11662, 1000.000000000000114 ) ;
#9249 = CARTESIAN_POINT ( 'NONE',  ( 248.5985330171029375, 8.788413529595577551E-15, 196.1048318924140688 ) ) ;
#9250 = LINE ( 'NONE', #3608, #11103 ) ;
#9251 = DIRECTION ( 'NONE',  ( 0.7851241134539720390, 0.000000000000000000, 0.6193384587389311191 ) ) ;
#9252 = FACE_OUTER_BOUND ( 'NONE', #8337, .T. ) ;
#9253 = ORIENTED_EDGE ( 'NONE', *, *, #3087, .T. ) ;
#9254 = DIRECTION ( 'NONE',  ( 0.000000000000000000, 0.000000000000000000, 1.000000000000000000 ) ) ;
#9255 = LINE ( 'NONE', #6272, #1690 ) ;
#9256 = FACE_OUTER_BOUND ( 'NONE', #7126, .T. ) ;
#9257 = CARTESIAN_POINT ( 'NONE',  ( 200.0000000000001705, -570.1500000000002046, 340.0000000000000000 ) ) ;
#9258 = EDGE_LOOP ( 'NONE', ( #2817, #12311, #12105, #823, #10947, #221 ) ) ;
#9259 = VECTOR ( 'NONE', #4403, 1000.000000000000114 ) ;
#9260 = VERTEX_POINT ( 'NONE', #9903 ) ;
#9261 = ORIENTED_EDGE ( 'NONE', *, *, #7716, .T. ) ;
#9262 = CARTESIAN_POINT ( 'NONE',  ( -21.30323522931121261, 120.0000000000000000, 383.8903845222603195 ) ) ;
#9263 = CIRCLE ( 'NONE', #8852, 1.070998700129166536 ) ;
#9264 = ORIENTED_EDGE ( 'NONE', *, *, #10882, .T. ) ;
#9265 = ORIENTED_EDGE ( 'NONE', *, *, #1759, .T. ) ;
#9266 = LINE ( 'NONE', #2737, #3962 ) ;
#9267 = ADVANCED_FACE ( 'NONE', ( #1205 ), #9005, .F. ) ;
#9268 = DIRECTION ( 'NONE',  ( -0.6193384587389385576, 0.000000000000000000, -0.7851241134539660438 ) ) ;
#9269 = AXIS2_PLACEMENT_3D ( 'NONE', #1023, #9838, #1141 ) ;
#9270 = DIRECTION ( 'NONE',  ( -0.6193384587389297868, 0.000000000000000000, -0.7851241134539729272 ) ) ;
#9271 = AXIS2_PLACEMENT_3D ( 'NONE', #10675, #11753, #975 ) ;
#9272 = ORIENTED_EDGE ( 'NONE', *, *, #6573, .F. ) ;
#9273 = EDGE_CURVE ( 'NONE', #6580, #408, #7936, .T. ) ;
#9274 = EDGE_CURVE ( 'NONE', #6084, #10322, #4819, .T. ) ;
#9275 = CARTESIAN_POINT ( 'NONE',  ( 132.0792540082316009, 489.0199999999996976, 343.8142052428237889 ) ) ;
#9276 = CARTESIAN_POINT ( 'NONE',  ( 87.75731284390617759, 385.1539588257066953, 363.6028905178080208 ) ) ;
#9277 = AXIS2_PLACEMENT_3D ( 'NONE', #6003, #11787, #3915 ) ;
#9278 = DIRECTION ( 'NONE',  ( 0.7625037589850115483, 0.2383113124287892792, -0.6014945850979835917 ) ) ;
#9279 = CARTESIAN_POINT ( 'NONE',  ( -164.9978232513695104, 500.4572526228396896, 322.5218903331675051 ) ) ;
#9280 = EDGE_CURVE ( 'NONE', #8487, #280, #11741, .T. ) ;
#9281 = ORIENTED_EDGE ( 'NONE', *, *, #3658, .T. ) ;
#9282 = AXIS2_PLACEMENT_3D ( 'NONE', #5738, #10381, #7712 ) ;
#9283 = FACE_BOUND ( 'NONE', #2409, .T. ) ;
#9284 = AXIS2_PLACEMENT_3D ( 'NONE', #4462, #3446, #10049 ) ;
#9285 = ORIENTED_EDGE ( 'NONE', *, *, #3200, .T. ) ;
#9286 = ORIENTED_EDGE ( 'NONE', *, *, #11102, .T. ) ;
#9287 = VECTOR ( 'NONE', #4919, 1000.000000000000000 ) ;
#9288 = CARTESIAN_POINT ( 'NONE',  ( 59.34243920159818231, 385.0000000000000000, 385.9443499868726803 ) ) ;
#9289 = DIRECTION ( 'NONE',  ( 0.000000000000000000, 0.000000000000000000, 1.000000000000000000 ) ) ;
#9290 = ORIENTED_EDGE ( 'NONE', *, *, #1053, .F. ) ;
#9291 = DIRECTION ( 'NONE',  ( -0.7851241134539721500, -0.000000000000000000, -0.6193384587389308971 ) ) ;
#9292 = DIRECTION ( 'NONE',  ( -0.6159316213005269214, 0.000000000000000000, 0.7877996178484122369 ) ) ;
#9293 = AXIS2_PLACEMENT_3D ( 'NONE', #9538, #6687, #6489 ) ;
#9294 = EDGE_LOOP ( 'NONE', ( #9025, #1488 ) ) ;
#9295 = CARTESIAN_POINT ( 'NONE',  ( -196.5209793871051431, 540.4041339200767879, 270.1957307815896456 ) ) ;
#9296 = ADVANCED_FACE ( 'NONE', ( #8883 ), #8818, .F. ) ;
#9297 = CARTESIAN_POINT ( 'NONE',  ( -124.4707399695010110, 89.99999999999997158, 280.7574829257859506 ) ) ;
#9298 = ORIENTED_EDGE ( 'NONE', *, *, #3544, .F. ) ;
#9299 = VERTEX_POINT ( 'NONE', #7878 ) ;
#9300 = CARTESIAN_POINT ( 'NONE',  ( -151.5865783987277666, 501.0101431244880814, 337.4146007512100596 ) ) ;
#9301 = ORIENTED_EDGE ( 'NONE', *, *, #6101, .F. ) ;
#9302 = PLANE ( 'NONE',  #8683 ) ;
#9303 = EDGE_LOOP ( 'NONE', ( #8583, #9492, #6232, #3935 ) ) ;
#9304 = EDGE_CURVE ( 'NONE', #10411, #6877, #7169, .T. ) ;
#9305 = EDGE_CURVE ( 'NONE', #5427, #9198, #443, .T. ) ;
#9306 = CARTESIAN_POINT ( 'NONE',  ( 70.18354552143796354, 120.0000000000000000, 383.8903845222603763 ) ) ;
#9307 = DIRECTION ( 'NONE',  ( 0.000000000000000000, 0.000000000000000000, -1.000000000000000000 ) ) ;
#9308 = DIRECTION ( 'NONE',  ( 1.000000000000000000, 0.000000000000000000, 0.000000000000000000 ) ) ;
#9309 = CARTESIAN_POINT ( 'NONE',  ( 61.64283596514925279, 376.0859873310966464, 385.9443499868726803 ) ) ;
#9310 = B_SPLINE_SURFACE_WITH_KNOTS ( 'NONE', 3, 1, ( 
 ( #8996, #5257 ),
 ( #7161, #2406 ),
 ( #3344, #11921 ),
 ( #7294, #8243 ) ),
 .UNSPECIFIED., .F., .F., .F.,
 ( 4, 4 ),
 ( 2, 2 ),
 ( 0.2021644668702019532, 0.2655180741460336780 ),
 ( 0.000000000000000000, 1.000000000000000000 ),
 .UNSPECIFIED. ) ;
#9311 = CYLINDRICAL_SURFACE ( 'NONE', #2613, 1.211688060526509902 ) ;
#9312 = EDGE_LOOP ( 'NONE', ( #65, #4650 ) ) ;
#9313 = DIRECTION ( 'NONE',  ( 0.6193363632957463727, 0.002601288680020094266, 0.7851214570987106178 ) ) ;
#9314 = ORIENTED_EDGE ( 'NONE', *, *, #1500, .T. ) ;
#9315 = DIRECTION ( 'NONE',  ( -0.000000000000000000, 1.000000000000000000, -0.000000000000000000 ) ) ;
#9316 = CARTESIAN_POINT ( 'NONE',  ( -147.7652973637512730, 501.0617350700382531, 342.2792099597633069 ) ) ;
#9317 = ADVANCED_FACE ( 'NONE', ( #10218 ), #11169, .T. ) ;
#9318 = CARTESIAN_POINT ( 'NONE',  ( -62.15928903933924943, 401.0367236874960213, 381.3913467254902798 ) ) ;
#9319 = CARTESIAN_POINT ( 'NONE',  ( -132.3286688073715993, 370.0000000000001137, 343.4980266327372078 ) ) ;
#9320 = EDGE_LOOP ( 'NONE', ( #11072, #3018 ) ) ;
#9321 = FACE_BOUND ( 'NONE', #7170, .T. ) ;
#9322 = LINE ( 'NONE', #627, #4530 ) ;
#9323 = DIRECTION ( 'NONE',  ( 0.6193384587389297868, 0.000000000000000000, 0.7851241134539729272 ) ) ;
#9324 = DIRECTION ( 'NONE',  ( 0.000000000000000000, 0.000000000000000000, 1.000000000000000000 ) ) ;
#9325 = VERTEX_POINT ( 'NONE', #8121 ) ;
#9326 = CARTESIAN_POINT ( 'NONE',  ( 192.4757493626966607, -169.9805043914711860, 369.0911623835049795 ) ) ;
#9327 = ORIENTED_EDGE ( 'NONE', *, *, #11210, .T. ) ;
#9328 = ORIENTED_EDGE ( 'NONE', *, *, #2530, .T. ) ;
#9329 = CARTESIAN_POINT ( 'NONE',  ( 212.1416513271663291, 550.1499999999997499, 290.7593395996758545 ) ) ;
#9330 = ORIENTED_EDGE ( 'NONE', *, *, #1436, .T. ) ;
#9331 = VECTOR ( 'NONE', #3987, 1000.000000000000000 ) ;
#9332 = ORIENTED_EDGE ( 'NONE', *, *, #9340, .F. ) ;
#9333 = DIRECTION ( 'NONE',  ( -0.7625037589850115483, -0.2383113124287892792, 0.6014945850979835917 ) ) ;
#9334 = PLANE ( 'NONE',  #2853 ) ;
#9335 = DIRECTION ( 'NONE',  ( 1.000000000000000000, 0.000000000000000000, 0.000000000000000000 ) ) ;
#9336 = ORIENTED_EDGE ( 'NONE', *, *, #8872, .F. ) ;
#9337 = FACE_OUTER_BOUND ( 'NONE', #876, .T. ) ;
#9338 = DIRECTION ( 'NONE',  ( 0.000000000000000000, -0.000000000000000000, 1.000000000000000000 ) ) ;
#9339 = CARTESIAN_POINT ( 'NONE',  ( -200.0000000000000284, 540.1499999999996362, 0.000000000000000000 ) ) ;
#9340 = EDGE_CURVE ( 'NONE', #12335, #8780, #10091, .T. ) ;
#9341 = CARTESIAN_POINT ( 'NONE',  ( 125.9916358788170925, 340.0000000000000568, 280.6241326817795994 ) ) ;
#9342 = EDGE_LOOP ( 'NONE', ( #290, #8302, #10047, #3821 ) ) ;
#9343 = FACE_BOUND ( 'NONE', #5408, .T. ) ;
#9344 = ORIENTED_EDGE ( 'NONE', *, *, #1981, .T. ) ;
#9345 = ADVANCED_FACE ( 'NONE', ( #12123 ), #7362, .T. ) ;
#9346 = VECTOR ( 'NONE', #170, 1000.000000000000000 ) ;
#9347 = ORIENTED_EDGE ( 'NONE', *, *, #2654, .T. ) ;
#9348 = FACE_OUTER_BOUND ( 'NONE', #5605, .T. ) ;
#9349 = CARTESIAN_POINT ( 'NONE',  ( 63.22710656346757219, 399.4793948433174933, 380.2512782686993660 ) ) ;
#9350 = ORIENTED_EDGE ( 'NONE', *, *, #6481, .F. ) ;
#9351 = ADVANCED_FACE ( 'NONE', ( #9193 ), #1515, .F. ) ;
#9352 = DIRECTION ( 'NONE',  ( -0.000000000000000000, 0.000000000000000000, -1.000000000000000000 ) ) ;
#9353 = DIRECTION ( 'NONE',  ( -0.000000000000000000, 1.000000000000000000, -0.000000000000000000 ) ) ;
#9354 = VERTEX_POINT ( 'NONE', #3547 ) ;
#9355 = AXIS2_PLACEMENT_3D ( 'NONE', #4168, #2078, #2144 ) ;
#9356 = CARTESIAN_POINT ( 'NONE',  ( -185.3083443461373747, 370.0000000000001137, 266.1033847084841568 ) ) ;
#9357 = LINE ( 'NONE', #11456, #1238 ) ;
#9358 = EDGE_LOOP ( 'NONE', ( #8178, #5471, #4951, #4135, #5032 ) ) ;
#9359 = VERTEX_POINT ( 'NONE', #8184 ) ;
#9360 = DIRECTION ( 'NONE',  ( 0.000000000000000000, 1.000000000000000000, 0.000000000000000000 ) ) ;
#9361 = VERTEX_POINT ( 'NONE', #12052 ) ;
#9362 = ADVANCED_FACE ( 'NONE', ( #3353 ), #11034, .T. ) ;
#9363 = DIRECTION ( 'NONE',  ( -0.000000000000000000, 1.000000000000000000, -0.000000000000000000 ) ) ;
#9364 = VECTOR ( 'NONE', #8711, 1000.000000000000000 ) ;
#9365 = ORIENTED_EDGE ( 'NONE', *, *, #4223, .T. ) ;
#9366 = CARTESIAN_POINT ( 'NONE',  ( 192.3107497753113648, 547.6838681174999692, 267.4598322035273554 ) ) ;
#9367 = ADVANCED_FACE ( 'NONE', ( #6277 ), #1581, .T. ) ;
#9368 = LINE ( 'NONE', #675, #9854 ) ;
#9369 = EDGE_CURVE ( 'NONE', #6565, #405, #12322, .T. ) ;
#9370 = CARTESIAN_POINT ( 'NONE',  ( -170.8568714563180606, 555.0885983488699367, 334.4118085411734569 ) ) ;
#9371 = CARTESIAN_POINT ( 'NONE',  ( -190.7868687004565800, 117.0000000000000000, 351.4274360680451537 ) ) ;
#9372 = DIRECTION ( 'NONE',  ( -1.000000000000000000, 0.000000000000000000, 0.000000000000000000 ) ) ;
#9373 = EDGE_LOOP ( 'NONE', ( #2917, #2704, #7304, #10955 ) ) ;
#9374 = CARTESIAN_POINT ( 'NONE',  ( 132.0792540082315725, 8.788413529595577551E-15, 343.8142052428238458 ) ) ;
#9375 = ORIENTED_EDGE ( 'NONE', *, *, #9758, .T. ) ;
#9376 = PLANE ( 'NONE',  #4488 ) ;
#9377 = CYLINDRICAL_SURFACE ( 'NONE', #6230, 2.114999999999978009 ) ;
#9378 = LINE ( 'NONE', #687, #4859 ) ;
#9379 = DIRECTION ( 'NONE',  ( 0.000000000000000000, 1.000000000000000000, 0.000000000000000000 ) ) ;
#9380 = EDGE_LOOP ( 'NONE', ( #10023, #12276, #4444, #6291 ) ) ;
#9381 = CARTESIAN_POINT ( 'NONE',  ( -191.2831213589004165, 554.7339203797229175, 308.3772996811272264 ) ) ;
#9382 = CIRCLE ( 'NONE', #10402, 72.63946798302922048 ) ;
#9383 = CARTESIAN_POINT ( 'NONE',  ( 66.12448390330172288, 368.7211259633091913, 370.8125090381868745 ) ) ;
#9384 = LINE ( 'NONE', #10467, #8659 ) ;
#9385 = CARTESIAN_POINT ( 'NONE',  ( 147.5242506373036235, -280.1694956085287345, 382.4264068711929667 ) ) ;
#9386 = FACE_OUTER_BOUND ( 'NONE', #11595, .T. ) ;
#9387 = EDGE_CURVE ( 'NONE', #11822, #7891, #4438, .T. ) ;
#9388 = ADVANCED_FACE ( 'NONE', ( #9130 ), #4372, .F. ) ;
#9389 = ORIENTED_EDGE ( 'NONE', *, *, #4230, .T. ) ;
#9390 = DIRECTION ( 'NONE',  ( -0.000000000000000000, 1.000000000000000000, -0.000000000000000000 ) ) ;
#9391 = VERTEX_POINT ( 'NONE', #11231 ) ;
#9392 = ORIENTED_EDGE ( 'NONE', *, *, #2538, .T. ) ;
#9393 = DIRECTION ( 'NONE',  ( 0.7625037589850115483, 0.2383113124287892792, -0.6014945850979835917 ) ) ;
#9394 = CARTESIAN_POINT ( 'NONE',  ( -143.7660069451176525, 120.0000000000000000, 369.2830108560940516 ) ) ;
#9395 = CARTESIAN_POINT ( 'NONE',  ( 88.14400427749261269, 412.5212886279689428, 380.3884762882223072 ) ) ;
#9396 = VERTEX_POINT ( 'NONE', #3425 ) ;
#9397 = CIRCLE ( 'NONE', #3917, 4.476537341592923269 ) ;
#9398 = EDGE_CURVE ( 'NONE', #7146, #6026, #5913, .T. ) ;
#9399 = LINE ( 'NONE', #10416, #2118 ) ;
#9400 = CARTESIAN_POINT ( 'NONE',  ( -199.9999999999998863, -570.1500000000002046, 0.000000000000000000 ) ) ;
#9401 = DIRECTION ( 'NONE',  ( -0.000000000000000000, -1.000000000000000000, -0.000000000000000000 ) ) ;
#9402 = CARTESIAN_POINT ( 'NONE',  ( 14.47175039158928556, 117.0000000000000000, 370.0487020943512562 ) ) ;
#9403 = EDGE_LOOP ( 'NONE', ( #1410, #10957, #4429, #6491, #5253 ) ) ;
#9404 = CARTESIAN_POINT ( 'NONE',  ( -209.2562056726987407, 550.1499999999997499, 294.4171666398315210 ) ) ;
#9405 = ORIENTED_EDGE ( 'NONE', *, *, #2942, .F. ) ;
#9406 = AXIS2_PLACEMENT_3D ( 'NONE', #356, #8104, #1310 ) ;
#9407 = B_SPLINE_CURVE_WITH_KNOTS ( 'NONE', 3,
 ( #10531, #10404, #2608, #1896 ),
 .UNSPECIFIED., .F., .F.,
 ( 4, 4 ),
 ( 0.000000000000000000, 1.000000000000000000 ),
 .UNSPECIFIED. ) ;
#9408 = ORIENTED_EDGE ( 'NONE', *, *, #6447, .T. ) ;
#9409 = DIRECTION ( 'NONE',  ( -0.7057575568079493822, -0.7084534360199504777, 0.000000000000000000 ) ) ;
#9410 = CARTESIAN_POINT ( 'NONE',  ( 143.7660069451177094, 117.0000000000000000, 367.1410134558358322 ) ) ;
#9411 = VERTEX_POINT ( 'NONE', #2610 ) ;
#9412 = EDGE_CURVE ( 'NONE', #9599, #7816, #7301, .T. ) ;
#9413 = CARTESIAN_POINT ( 'NONE',  ( 35.76179608957286860, 416.8296090012181025, 382.7730451548061410 ) ) ;
#9414 = CARTESIAN_POINT ( 'NONE',  ( -139.0652792990895250, 370.0000000000000568, 299.8329142190151515 ) ) ;
#9415 = VERTEX_POINT ( 'NONE', #2341 ) ;
#9416 = AXIS2_PLACEMENT_3D ( 'NONE', #4857, #10696, #11469 ) ;
#9417 = CARTESIAN_POINT ( 'NONE',  ( -70.18354552143790670, 117.0000000000000000, 369.2830108560940516 ) ) ;
#9418 = CARTESIAN_POINT ( 'NONE',  ( -59.26671879462830361, 350.0051568403637816, 375.5313722167776973 ) ) ;
#9419 = ORIENTED_EDGE ( 'NONE', *, *, #3585, .F. ) ;
#9420 = ORIENTED_EDGE ( 'NONE', *, *, #3305, .F. ) ;
#9421 = CARTESIAN_POINT ( 'NONE',  ( -179.2292455028815539, 340.0000000000000568, 268.0645730771903459 ) ) ;
#9422 = ORIENTED_EDGE ( 'NONE', *, *, #2761, .F. ) ;
#9423 = EDGE_CURVE ( 'NONE', #10249, #402, #9068, .T. ) ;
#9424 = AXIS2_PLACEMENT_3D ( 'NONE', #4842, #6806, #2277 ) ;
#9425 = DIRECTION ( 'NONE',  ( -0.000000000000000000, 1.000000000000000000, -0.000000000000000000 ) ) ;
#9426 = EDGE_LOOP ( 'NONE', ( #6426, #6416, #9635, #2193 ) ) ;
#9427 = EDGE_CURVE ( 'NONE', #5330, #10275, #6846, .T. ) ;
#9428 = CARTESIAN_POINT ( 'NONE',  ( 190.1339943323290811, 549.1383296044830331, 270.2192655364055440 ) ) ;
#9429 = CIRCLE ( 'NONE', #95, 8.687236565862122006 ) ;
#9430 = CARTESIAN_POINT ( 'NONE',  ( -59.20020431027140262, 354.9999999999999432, 355.6679359893877290 ) ) ;
#9431 = DIRECTION ( 'NONE',  ( -0.6193384587389308971, 0.000000000000000000, 0.7851241134539721500 ) ) ;
#9432 = EDGE_CURVE ( 'NONE', #4148, #9547, #4816, .T. ) ;
#9433 = CARTESIAN_POINT ( 'NONE',  ( -74.95297405475031383, 365.0000000000000000, 375.2826803297231208 ) ) ;
#9434 = CARTESIAN_POINT ( 'NONE',  ( -59.20020431027140262, 360.0000000000000000, 384.3406997176695086 ) ) ;
#9435 = AXIS2_PLACEMENT_3D ( 'NONE', #10584, #10344, #12302 ) ;
#9436 = ORIENTED_EDGE ( 'NONE', *, *, #2490, .T. ) ;
#9437 = CYLINDRICAL_SURFACE ( 'NONE', #8359, 4.450000000000009948 ) ;
#9438 = EDGE_CURVE ( 'NONE', #11135, #10253, #4691, .T. ) ;
#9439 = VECTOR ( 'NONE', #2, 1000.000000000000227 ) ;
#9440 = VERTEX_POINT ( 'NONE', #2732 ) ;
#9441 = CIRCLE ( 'NONE', #1539, 3.093108195208582600 ) ;
#9442 = DIRECTION ( 'NONE',  ( -0.000000000000000000, 1.000000000000000000, -0.000000000000000000 ) ) ;
#9443 = DIRECTION ( 'NONE',  ( 0.000000000000000000, 1.000000000000000000, 0.000000000000000000 ) ) ;
#9444 = EDGE_CURVE ( 'NONE', #5631, #7495, #11909, .T. ) ;
#9445 = DIRECTION ( 'NONE',  ( 0.000000000000000000, -0.000000000000000000, -1.000000000000000000 ) ) ;
#9446 = VERTEX_POINT ( 'NONE', #7740 ) ;
#9447 = LINE ( 'NONE', #6528, #6180 ) ;
#9448 = LINE ( 'NONE', #1838, #5936 ) ;
#9449 = EDGE_CURVE ( 'NONE', #1796, #11918, #3675, .T. ) ;
#9450 = VECTOR ( 'NONE', #754, 1000.000000000000114 ) ;
#9451 = DIRECTION ( 'NONE',  ( -1.000000000000000000, 0.000000000000000000, 0.000000000000000000 ) ) ;
#9452 = CARTESIAN_POINT ( 'NONE',  ( 130.5203249716378480, 120.0000000000000000, 368.2120121559649988 ) ) ;
#9453 = CARTESIAN_POINT ( 'NONE',  ( 195.7024822690794110, 666.0000000000001137, 263.1601945342232511 ) ) ;
#9454 = AXIS2_PLACEMENT_3D ( 'NONE', #4752, #8633, #12493 ) ;
#9455 = PLANE ( 'NONE',  #1183 ) ;
#9456 = ORIENTED_EDGE ( 'NONE', *, *, #4222, .T. ) ;
#9457 = ORIENTED_EDGE ( 'NONE', *, *, #11720, .F. ) ;
#9458 = PLANE ( 'NONE',  #10662 ) ;
#9459 = DIRECTION ( 'NONE',  ( -0.000000000000000000, 1.000000000000000000, -0.000000000000000000 ) ) ;
#9460 = FACE_OUTER_BOUND ( 'NONE', #8616, .T. ) ;
#9461 = ORIENTED_EDGE ( 'NONE', *, *, #430, .F. ) ;
#9462 = EDGE_CURVE ( 'NONE', #11803, #10043, #12432, .T. ) ;
#9463 = EDGE_CURVE ( 'NONE', #12456, #9970, #952, .T. ) ;
#9464 = CARTESIAN_POINT ( 'NONE',  ( 140.0000000000000284, 89.99999999999998579, 400.0000000000000000 ) ) ;
#9465 = VECTOR ( 'NONE', #1706, 1000.000000000000000 ) ;
#9466 = CARTESIAN_POINT ( 'NONE',  ( 59.34243920159818231, 377.5518242583233359, 355.6679359893877290 ) ) ;
#9467 = CARTESIAN_POINT ( 'NONE',  ( -191.5603466453485169, 550.1499999999997499, 268.4111046198162285 ) ) ;
#9468 = VECTOR ( 'NONE', #9779, 1000.000000000000000 ) ;
#9469 = CARTESIAN_POINT ( 'NONE',  ( -111.3767717391519483, 442.6530411536430165, 397.5570525041796373 ) ) ;
#9470 = ORIENTED_EDGE ( 'NONE', *, *, #11205, .T. ) ;
#9471 = DIRECTION ( 'NONE',  ( 0.000000000000000000, 1.000000000000000000, 0.000000000000000000 ) ) ;
#9472 = ORIENTED_EDGE ( 'NONE', *, *, #2098, .T. ) ;
#9473 = EDGE_CURVE ( 'NONE', #193, #6188, #3607, .T. ) ;
#9474 = ORIENTED_EDGE ( 'NONE', *, *, #11040, .F. ) ;
#9475 = VECTOR ( 'NONE', #7135, 1000.000000000000114 ) ;
#9476 = ORIENTED_EDGE ( 'NONE', *, *, #9369, .F. ) ;
#9477 = AXIS2_PLACEMENT_3D ( 'NONE', #9349, #7516, #6691 ) ;
#9478 = CARTESIAN_POINT ( 'NONE',  ( 147.7373728406994928, 551.7875650038473623, 364.7756033090511778 ) ) ;
#9479 = PLANE ( 'NONE',  #12110 ) ;
#9480 = CIRCLE ( 'NONE', #3997, 0.9454112335447462101 ) ;
#9481 = EDGE_LOOP ( 'NONE', ( #2563, #12212, #1269, #3427 ) ) ;
#9482 = PLANE ( 'NONE',  #6990 ) ;
#9483 = DIRECTION ( 'NONE',  ( 0.000000000000000000, 0.000000000000000000, -1.000000000000000000 ) ) ;
#9484 = ORIENTED_EDGE ( 'NONE', *, *, #3688, .T. ) ;
#9485 = CARTESIAN_POINT ( 'NONE',  ( 116.3767717391520620, 666.0000000000001137, 351.4274360680452105 ) ) ;
#9486 = VECTOR ( 'NONE', #929, 1000.000000000000114 ) ;
#9487 = CARTESIAN_POINT ( 'NONE',  ( 155.6329774118507601, 494.0199999999996976, 362.3943590049917134 ) ) ;
#9488 = ORIENTED_EDGE ( 'NONE', *, *, #3123, .F. ) ;
#9489 = VECTOR ( 'NONE', #11019, 1000.000000000000000 ) ;
#9490 = ORIENTED_EDGE ( 'NONE', *, *, #4745, .F. ) ;
#9491 = CARTESIAN_POINT ( 'NONE',  ( 173.3050511171542212, 120.0000000000000000, 329.6573374656903184 ) ) ;
#9492 = ORIENTED_EDGE ( 'NONE', *, *, #412, .T. ) ;
#9493 = VECTOR ( 'NONE', #924, 999.9999999999998863 ) ;
#9494 = CARTESIAN_POINT ( 'NONE',  ( 59.34243920159818231, 345.0000000000000000, 365.6679359893877290 ) ) ;
#9495 = ORIENTED_EDGE ( 'NONE', *, *, #10376, .T. ) ;
#9496 = CARTESIAN_POINT ( 'NONE',  ( 191.8023801875199865, 548.1010762560928242, 268.1042830951034261 ) ) ;
#9497 = CARTESIAN_POINT ( 'NONE',  ( 74.86688931094020916, 365.0000000000000000, 375.2561429881301933 ) ) ;
#9498 = CARTESIAN_POINT ( 'NONE',  ( -59.20020431027140262, 355.0000000000000568, 385.9443499868727372 ) ) ;
#9499 = AXIS2_PLACEMENT_3D ( 'NONE', #11959, #8155, #473 ) ;
#9500 = DIRECTION ( 'NONE',  ( 0.1924154613586764873, -0.9711530084039702304, -0.1408478771513639038 ) ) ;
#9501 = FACE_OUTER_BOUND ( 'NONE', #4124, .T. ) ;
#9502 = FACE_OUTER_BOUND ( 'NONE', #11453, .T. ) ;
#9503 = ADVANCED_FACE ( 'NONE', ( #7615 ), #9519, .F. ) ;
#9504 = AXIS2_PLACEMENT_3D ( 'NONE', #3554, #10350, #766 ) ;
#9505 = ORIENTED_EDGE ( 'NONE', *, *, #4067, .F. ) ;
#9506 = CARTESIAN_POINT ( 'NONE',  ( 50.60003379395966761, 370.0000000000000000, 370.8061429881302047 ) ) ;
#9507 = ADVANCED_FACE ( 'NONE', ( #3737, #8444 ), #6725, .T. ) ;
#9508 = ORIENTED_EDGE ( 'NONE', *, *, #2499, .F. ) ;
#9509 = EDGE_CURVE ( 'NONE', #8613, #11011, #2798, .T. ) ;
#9510 = CARTESIAN_POINT ( 'NONE',  ( -179.6871112566419981, 500.1541665992429557, 303.7804645112549906 ) ) ;
#9511 = CARTESIAN_POINT ( 'NONE',  ( -139.9999999999999716, 120.0000000000000000, 400.0000000000000000 ) ) ;
#9512 = LOCAL_TIME ( 15, 55, 4.000000000000000000, #7924 ) ;
#9513 = DIRECTION ( 'NONE',  ( 0.000000000000000000, 0.000000000000000000, -1.000000000000000000 ) ) ;
#9514 = ORIENTED_EDGE ( 'NONE', *, *, #3456, .T. ) ;
#9515 = DIRECTION ( 'NONE',  ( -0.6193384587389316742, 0.000000000000000000, -0.7851241134539714839 ) ) ;
#9516 = EDGE_CURVE ( 'NONE', #8125, #12512, #760, .T. ) ;
#9517 = PLANE ( 'NONE',  #2300 ) ;
#9518 = DIRECTION ( 'NONE',  ( 0.6193384587389297868, 0.000000000000000000, 0.7851241134539729272 ) ) ;
#9519 = PLANE ( 'NONE',  #9690 ) ;
#9520 = VECTOR ( 'NONE', #8503, 1000.000000000000000 ) ;
#9521 = CARTESIAN_POINT ( 'NONE',  ( 200.0000000000001705, -585.1500000000002046, 0.000000000000000000 ) ) ;
#9522 = DIRECTION ( 'NONE',  ( 0.000000000000000000, 0.000000000000000000, -1.000000000000000000 ) ) ;
#9523 = EDGE_LOOP ( 'NONE', ( #12078, #10542, #10953, #10814 ) ) ;
#9524 = ORIENTED_EDGE ( 'NONE', *, *, #5162, .T. ) ;
#9525 = CARTESIAN_POINT ( 'NONE',  ( 176.3135992134150740, 385.0000000000000000, 322.7540661615337854 ) ) ;
#9526 = DIRECTION ( 'NONE',  ( -0.000000000000000000, 1.000000000000000000, -0.000000000000000000 ) ) ;
#9527 = EDGE_CURVE ( 'NONE', #2699, #4959, #6593, .T. ) ;
#9528 = VECTOR ( 'NONE', #10066, 1000.000000000000114 ) ;
#9529 = DIRECTION ( 'NONE',  ( 0.000000000000000000, 0.000000000000000000, 1.000000000000000000 ) ) ;
#9530 = ORIENTED_EDGE ( 'NONE', *, *, #1847, .F. ) ;
#9531 = FACE_OUTER_BOUND ( 'NONE', #2736, .T. ) ;
#9532 = EDGE_CURVE ( 'NONE', #9829, #9905, #4754, .T. ) ;
#9533 = DIRECTION ( 'NONE',  ( 0.000000000000000000, 0.000000000000000000, -1.000000000000000000 ) ) ;
#9534 = CARTESIAN_POINT ( 'NONE',  ( -185.7024822690794679, 550.1499999999997499, 275.8370128776634829 ) ) ;
#9535 = CARTESIAN_POINT ( 'NONE',  ( -155.8478076762706337, 500.9263117651391326, 331.9795039368970606 ) ) ;
#9536 = CIRCLE ( 'NONE', #4261, 1.100437036551937808 ) ;
#9537 = ORIENTED_EDGE ( 'NONE', *, *, #968, .T. ) ;
#9538 = CARTESIAN_POINT ( 'NONE',  ( -130.5203249716377911, 117.0000000000000000, 368.2120121559648851 ) ) ;
#9539 = ORIENTED_EDGE ( 'NONE', *, *, #8819, .T. ) ;
#9540 = ORIENTED_EDGE ( 'NONE', *, *, #11537, .F. ) ;
#9541 = ORIENTED_EDGE ( 'NONE', *, *, #3927, .T. ) ;
#9542 = DIRECTION ( 'NONE',  ( -0.000000000000000000, -0.000000000000000000, -1.000000000000000000 ) ) ;
#9543 = DIRECTION ( 'NONE',  ( 0.7625037589850115483, 0.2383113124287892515, -0.6014945850979835917 ) ) ;
#9544 = ORIENTED_EDGE ( 'NONE', *, *, #9532, .T. ) ;
#9545 = FACE_OUTER_BOUND ( 'NONE', #9011, .T. ) ;
#9546 = CARTESIAN_POINT ( 'NONE',  ( -210.2277171976953696, 540.4163950608406140, 281.0165316929543451 ) ) ;
#9547 = VERTEX_POINT ( 'NONE', #6467 ) ;
#9548 = DIRECTION ( 'NONE',  ( 0.08682659386424761150, 0.9924325091389669673, -0.08682659386424762538 ) ) ;
#9549 = DIRECTION ( 'NONE',  ( -0.000000000000000000, 1.000000000000000000, 0.000000000000000000 ) ) ;
#9550 = AXIS2_PLACEMENT_3D ( 'NONE', #11069, #2311, #2512 ) ;
#9551 = AXIS2_PLACEMENT_3D ( 'NONE', #1607, #4714, #8404 ) ;
#9552 = ORIENTED_EDGE ( 'NONE', *, *, #5277, .T. ) ;
#9553 = ORIENTED_EDGE ( 'NONE', *, *, #5795, .F. ) ;
#9554 = DIRECTION ( 'NONE',  ( -0.6193384587389311191, 0.000000000000000000, 0.7851241134539720390 ) ) ;
#9555 = EDGE_LOOP ( 'NONE', ( #3919, #4014, #10382, #12246 ) ) ;
#9556 = EDGE_CURVE ( 'NONE', #7112, #10379, #1646, .T. ) ;
#9557 = DIRECTION ( 'NONE',  ( 1.000000000000000000, 0.000000000000000000, 0.000000000000000000 ) ) ;
#9558 = VERTEX_POINT ( 'NONE', #6532 ) ;
#9559 = VECTOR ( 'NONE', #11670, 1000.000000000000000 ) ;
#9560 = CARTESIAN_POINT ( 'NONE',  ( -66.20020431027140262, 354.7831623092880591, 383.2681867596089091 ) ) ;
#9561 = VECTOR ( 'NONE', #1726, 1000.000000000000000 ) ;
#9562 = CARTESIAN_POINT ( 'NONE',  ( -257.2965899331860555, 494.0205802199568552, 202.9662198846024808 ) ) ;
#9563 = CARTESIAN_POINT ( 'NONE',  ( -217.1831041516617518, 544.4879515925395026, 282.1250857840838080 ) ) ;
#9564 = DIRECTION ( 'NONE',  ( -0.6177089183133550598, -0.008339822323400140208, -0.7863626005856071410 ) ) ;
#9565 = DIRECTION ( 'NONE',  ( 0.7071067811864054642, -0.000000000000000000, -0.7071067811866895703 ) ) ;
#9566 = VERTEX_POINT ( 'NONE', #9385 ) ;
#9567 = LINE ( 'NONE', #6656, #3686 ) ;
#9568 = AXIS2_PLACEMENT_3D ( 'NONE', #63, #9657, #8885 ) ;
#9569 = EDGE_LOOP ( 'NONE', ( #7144, #5086, #11035, #9734 ) ) ;
#9570 = EDGE_CURVE ( 'NONE', #527, #7222, #4628, .T. ) ;
#9571 = CARTESIAN_POINT ( 'NONE',  ( -133.2375149957412930, 370.0000000000001137, 315.4117178723165580 ) ) ;
#9572 = CARTESIAN_POINT ( 'NONE',  ( -190.7868687004565800, 117.0000000000000000, 332.2694703950617168 ) ) ;
#9573 = CARTESIAN_POINT ( 'NONE',  ( 174.9943130982814807, 120.0000000000000000, 367.1410134558358322 ) ) ;
#9574 = EDGE_CURVE ( 'NONE', #3875, #5698, #3796, .T. ) ;
#9575 = ORIENTED_EDGE ( 'NONE', *, *, #2227, .T. ) ;
#9576 = CARTESIAN_POINT ( 'NONE',  ( 157.8242267532062328, 380.0000000000000000, 326.1340213656395122 ) ) ;
#9577 = EDGE_CURVE ( 'NONE', #9325, #3314, #11360, .T. ) ;
#9578 = DIRECTION ( 'NONE',  ( 0.000000000000000000, 0.000000000000000000, -1.000000000000000000 ) ) ;
#9579 = CARTESIAN_POINT ( 'NONE',  ( -42.48496570340520861, 120.0000000000000000, 371.2683589063772160 ) ) ;
#9580 = DIRECTION ( 'NONE',  ( 0.000000000000000000, -0.000000000000000000, 1.000000000000000000 ) ) ;
#9581 = EDGE_CURVE ( 'NONE', #1136, #3541, #5642, .T. ) ;
#9582 = CARTESIAN_POINT ( 'NONE',  ( 192.9877427735605124, 117.0000000000000000, 351.4274360680452673 ) ) ;
#9583 = CARTESIAN_POINT ( 'NONE',  ( -114.3057039272865012, 377.5518242583233359, 359.0020664014754743 ) ) ;
#9584 = ORIENTED_EDGE ( 'NONE', *, *, #10822, .T. ) ;
#9585 = EDGE_CURVE ( 'NONE', #6354, #4266, #1144, .T. ) ;
#9586 = ORIENTED_EDGE ( 'NONE', *, *, #8317, .T. ) ;
#9587 = DIRECTION ( 'NONE',  ( -0.08682659386424762538, 0.9924325091389669673, -0.08682659386424761150 ) ) ;
#9588 = AXIS2_PLACEMENT_3D ( 'NONE', #7400, #5174, #9042 ) ;
#9589 = CARTESIAN_POINT ( 'NONE',  ( 130.5203249716378480, 120.0000000000000000, 368.2120121559649988 ) ) ;
#9590 = DIRECTION ( 'NONE',  ( 1.000000000000000000, 0.000000000000000000, 0.000000000000000000 ) ) ;
#9591 = ORIENTED_EDGE ( 'NONE', *, *, #10681, .F. ) ;
#9592 = CLOSED_SHELL ( 'NONE', ( #10514, #3800, #9067, #8441 ) ) ;
#9593 = FACE_OUTER_BOUND ( 'NONE', #173, .T. ) ;
#9594 = LINE ( 'NONE', #7627, #8449 ) ;
#9595 = CARTESIAN_POINT ( 'NONE',  ( 59.34243920159818231, 385.0000000000000000, 379.9883152027368283 ) ) ;
#9596 = DIRECTION ( 'NONE',  ( 0.000000000000000000, -0.000000000000000000, -1.000000000000000000 ) ) ;
#9597 = ORIENTED_EDGE ( 'NONE', *, *, #6779, .F. ) ;
#9598 = LINE ( 'NONE', #12260, #4633 ) ;
#9599 = VERTEX_POINT ( 'NONE', #6782 ) ;
#9600 = ADVANCED_FACE ( 'NONE', ( #9764 ), #4739, .T. ) ;
#9601 = ORIENTED_EDGE ( 'NONE', *, *, #8192, .T. ) ;
#9602 = CIRCLE ( 'NONE', #11823, 1.689261981127287982 ) ;
#9603 = DIRECTION ( 'NONE',  ( -0.000000000000000000, 1.000000000000000000, -0.000000000000000000 ) ) ;
#9604 = EDGE_LOOP ( 'NONE', ( #9286, #1159, #3385, #7885 ) ) ;
#9605 = FACE_OUTER_BOUND ( 'NONE', #2254, .T. ) ;
#9606 = LINE ( 'NONE', #2936, #5411 ) ;
#9607 = B_SPLINE_SURFACE_WITH_KNOTS ( 'NONE', 3, 1, ( 
 ( #12187, #574 ),
 ( #1336, #2346 ),
 ( #10097, #1403 ),
 ( #12058, #507 ) ),
 .UNSPECIFIED., .F., .F., .F.,
 ( 4, 4 ),
 ( 2, 2 ),
 ( 0.000000000000000000, 1.000000000000000000 ),
 ( 0.000000000000000000, 1.000000000000000000 ),
 .UNSPECIFIED. ) ;
#9608 = CARTESIAN_POINT ( 'NONE',  ( -149.6759378812392924, 501.0359390972631672, 339.8469053554869674 ) ) ;
#9609 = CC_DESIGN_PERSON_AND_ORGANIZATION_ASSIGNMENT ( #7801, #11667, ( #7127 ) ) ;
#9610 = CARTESIAN_POINT ( 'NONE',  ( -188.2996937553665191, 564.0032287683014829, 255.7175139203027356 ) ) ;
#9611 = ORIENTED_EDGE ( 'NONE', *, *, #498, .T. ) ;
#9612 = FACE_OUTER_BOUND ( 'NONE', #3393, .T. ) ;
#9613 = ORIENTED_EDGE ( 'NONE', *, *, #9710, .T. ) ;
#9614 = FACE_OUTER_BOUND ( 'NONE', #8123, .T. ) ;
#9615 = CARTESIAN_POINT ( 'NONE',  ( 185.7024822690794394, 550.1499999999997499, 275.8370128776635397 ) ) ;
#9617 = VERTEX_POINT ( 'NONE', #2910 ) ;
#9616 = AXIS2_PLACEMENT_3D ( 'NONE', #12018, #8154, #6113 ) ;
#9618 = DIRECTION ( 'NONE',  ( 0.000000000000000000, 0.000000000000000000, -1.000000000000000000 ) ) ;
#9619 = CYLINDRICAL_SURFACE ( 'NONE', #6157, 1.463400710226769874 ) ;
#9620 = CARTESIAN_POINT ( 'NONE',  ( -217.4189699774171629, 543.4129839597020464, 281.4001822904245387 ) ) ;
#9621 = EDGE_CURVE ( 'NONE', #4121, #11885, #9480, .T. ) ;
#9622 = CARTESIAN_POINT ( 'NONE',  ( -70.18354552143789249, 117.0000000000000000, 385.8071906031455001 ) ) ;
#9623 = EDGE_CURVE ( 'NONE', #7773, #11399, #7981, .T. ) ;
#9624 = DIRECTION ( 'NONE',  ( -0.000000000000000000, 1.000000000000000000, -0.000000000000000000 ) ) ;
#9625 = EDGE_LOOP ( 'NONE', ( #7063, #5333, #4532, #5693 ) ) ;
#9626 = DIRECTION ( 'NONE',  ( 0.000000000000000000, 0.000000000000000000, 1.000000000000000000 ) ) ;
#9627 = VECTOR ( 'NONE', #5478, 1000.000000000000114 ) ;
#9628 = EDGE_CURVE ( 'NONE', #11516, #7458, #3976, .T. ) ;
#9629 = EDGE_LOOP ( 'NONE', ( #12047, #10050, #8219, #1430 ) ) ;
#9630 = EDGE_CURVE ( 'NONE', #1801, #8457, #11728, .T. ) ;
#9631 = AXIS2_PLACEMENT_3D ( 'NONE', #4512, #10726, #1139 ) ;
#9632 = CYLINDRICAL_SURFACE ( 'NONE', #8347, 1.219656812025959880 ) ;
#9633 = LINE ( 'NONE', #945, #817 ) ;
#9634 = DIRECTION ( 'NONE',  ( 0.08682659386424761150, 0.9924325091389669673, -0.08682659386424762538 ) ) ;
#9635 = ORIENTED_EDGE ( 'NONE', *, *, #4998, .T. ) ;
#9636 = CARTESIAN_POINT ( 'NONE',  ( 0.000000000000000000, 360.0000000000000000, 367.2715862585909008 ) ) ;
#9637 = DIRECTION ( 'NONE',  ( 0.000000000000000000, -1.000000000000000000, 0.000000000000000000 ) ) ;
#9638 = DIRECTION ( 'NONE',  ( 0.6193384587389310081, 0.000000000000000000, -0.7851241134539719280 ) ) ;
#9639 = VECTOR ( 'NONE', #8570, 1000.000000000000000 ) ;
#9640 = CARTESIAN_POINT ( 'NONE',  ( -192.9877427735604556, 117.0000000000000000, 351.4274360680451537 ) ) ;
#9641 = AXIS2_PLACEMENT_3D ( 'NONE', #9395, #7623, #5465 ) ;
#9642 = LINE ( 'NONE', #9582, #4679 ) ;
#9643 = APPROVAL_DATE_TIME ( #10592, #11244 ) ;
#9644 = ORIENTED_EDGE ( 'NONE', *, *, #8968, .T. ) ;
#9645 = CARTESIAN_POINT ( 'NONE',  ( 74.86688931094020916, 365.0000000000000000, 370.8061429881302047 ) ) ;
#9646 = CARTESIAN_POINT ( 'NONE',  ( -70.18354552143789249, 120.0000000000000000, 385.8071906031455001 ) ) ;
#9647 = DIRECTION ( 'NONE',  ( -0.000000000000000000, 1.000000000000000000, -0.000000000000000000 ) ) ;
#9648 = AXIS2_PLACEMENT_3D ( 'NONE', #3140, #1439, #5053 ) ;
#9649 = CARTESIAN_POINT ( 'NONE',  ( -185.3083443355145050, 370.0000000000001137, 266.1033846755267405 ) ) ;
#9650 = ORIENTED_EDGE ( 'NONE', *, *, #8913, .F. ) ;
#9651 = AXIS2_PLACEMENT_3D ( 'NONE', #12192, #3234, #8195 ) ;
#9652 = CYLINDRICAL_SURFACE ( 'NONE', #2743, 4.450000000000009948 ) ;
#9653 = DIRECTION ( 'NONE',  ( 0.000000000000000000, 1.000000000000000000, -0.000000000000000000 ) ) ;
#9654 = LINE ( 'NONE', #3873, #7849 ) ;
#9655 = VECTOR ( 'NONE', #6918, 1000.000000000000000 ) ;
#9656 = B_SPLINE_CURVE_WITH_KNOTS ( 'NONE', 2,
 ( #9821, #11725, #9703 ),
 .UNSPECIFIED., .F., .F.,
 ( 3, 3 ),
 ( 0.2617028656705512879, 0.9321078804149187658 ),
 .UNSPECIFIED. ) ;
#9657 = DIRECTION ( 'NONE',  ( 0.000000000000000000, 1.000000000000000000, 0.000000000000000000 ) ) ;
#9658 = EDGE_CURVE ( 'NONE', #9299, #5289, #11847, .T. ) ;
#9659 = ORIENTED_EDGE ( 'NONE', *, *, #5702, .T. ) ;
#9660 = CARTESIAN_POINT ( 'NONE',  ( 0.000000000000000000, 370.0000000000000000, 0.000000000000000000 ) ) ;
#9661 = EDGE_LOOP ( 'NONE', ( #8517, #7504, #9965 ) ) ;
#9662 = ADVANCED_FACE ( 'NONE', ( #49 ), #3028, .F. ) ;
#9663 = ORIENTED_EDGE ( 'NONE', *, *, #1721, .T. ) ;
#9664 = EDGE_CURVE ( 'NONE', #1963, #10220, #7797, .T. ) ;
#9665 = EDGE_CURVE ( 'NONE', #6241, #768, #7860, .T. ) ;
#9666 = AXIS2_PLACEMENT_3D ( 'NONE', #3027, #4097, #3142 ) ;
#9667 = CARTESIAN_POINT ( 'NONE',  ( -182.4459273738847571, 500.4620064638681924, 298.0775936582605254 ) ) ;
#9668 = ORIENTED_EDGE ( 'NONE', *, *, #4609, .F. ) ;
#9669 = DIRECTION ( 'NONE',  ( 0.000000000000000000, 0.000000000000000000, 1.000000000000000000 ) ) ;
#9670 = DIRECTION ( 'NONE',  ( 0.7851241134539714839, -0.000000000000000000, -0.6193384587389316742 ) ) ;
#9671 = ADVANCED_FACE ( 'NONE', ( #6843 ), #2020, .T. ) ;
#9672 = DIRECTION ( 'NONE',  ( 0.000000000000000000, -1.000000000000000000, 0.000000000000000000 ) ) ;
#9673 = CARTESIAN_POINT ( 'NONE',  ( -130.5203249716377911, 120.0000000000000000, 368.2120121559648851 ) ) ;
#9674 = CARTESIAN_POINT ( 'NONE',  ( -177.7784770540172588, 569.1904994608263451, 260.1633656828014978 ) ) ;
#9675 = ORIENTED_EDGE ( 'NONE', *, *, #6320, .F. ) ;
#9676 = VECTOR ( 'NONE', #1738, 1000.000000000000000 ) ;
#9677 = CARTESIAN_POINT ( 'NONE',  ( -186.7071566514271410, 500.3781751045193005, 292.6424968439480949 ) ) ;
#9678 = VERTEX_POINT ( 'NONE', #9825 ) ;
#9679 = AXIS2_PLACEMENT_3D ( 'NONE', #9974, #3238, #1280 ) ;
#9680 = CARTESIAN_POINT ( 'NONE',  ( -66.20020431027141683, 350.0529641365511679, 372.2640970779426652 ) ) ;
#9681 = CARTESIAN_POINT ( 'NONE',  ( 3.189895129455995638E-14, 570.1499999999997499, 266.2442605493605470 ) ) ;
#9682 = ORIENTED_EDGE ( 'NONE', *, *, #439, .T. ) ;
#9683 = CARTESIAN_POINT ( 'NONE',  ( -35.76179608957277622, 416.8296090012182731, 382.7730451548061978 ) ) ;
#9684 = EDGE_CURVE ( 'NONE', #540, #7079, #8864, .T. ) ;
#9685 = DIRECTION ( 'NONE',  ( 0.2571383543738345878, 0.9448466723902517739, 0.2028413971135687444 ) ) ;
#9686 = LINE ( 'NONE', #997, #2943 ) ;
#9687 = AXIS2_PLACEMENT_3D ( 'NONE', #7762, #11631, #6804 ) ;
#9688 = CARTESIAN_POINT ( 'NONE',  ( 116.3767717391520620, 666.0000000000001137, 331.4274360680452105 ) ) ;
#9689 = EDGE_CURVE ( 'NONE', #3470, #384, #1254, .T. ) ;
#9690 = AXIS2_PLACEMENT_3D ( 'NONE', #11609, #1840, #11488 ) ;
#9691 = FACE_OUTER_BOUND ( 'NONE', #9716, .T. ) ;
#9692 = VERTEX_POINT ( 'NONE', #7025 ) ;
#9693 = FACE_OUTER_BOUND ( 'NONE', #7759, .T. ) ;
#9694 = AXIS2_PLACEMENT_3D ( 'NONE', #7380, #6355, #4395 ) ;
#9695 = ORIENTED_EDGE ( 'NONE', *, *, #5576, .T. ) ;
#9696 = EDGE_CURVE ( 'NONE', #11677, #10508, #10896, .T. ) ;
#9697 = EDGE_CURVE ( 'NONE', #3118, #8658, #8989, .T. ) ;
#9698 = CIRCLE ( 'NONE', #1994, 4.476537341592923269 ) ;
#9699 = CARTESIAN_POINT ( 'NONE',  ( 165.7249778217878315, 315.0000000000000568, 293.5077285964825364 ) ) ;
#9700 = CIRCLE ( 'NONE', #8074, 1.373246468596767134 ) ;
#9701 = DIRECTION ( 'NONE',  ( -0.7625037589850115483, -0.2383113124287892792, 0.6014945850979835917 ) ) ;
#9702 = PLANE ( 'NONE',  #3567 ) ;
#9703 = CARTESIAN_POINT ( 'NONE',  ( 131.8187301371596050, 90.00000000000000000, 335.1700527001625005 ) ) ;
#9704 = CARTESIAN_POINT ( 'NONE',  ( 181.8450832321779558, 420.0000000000000000, 295.7635224797913338 ) ) ;
#9705 = AXIS2_PLACEMENT_3D ( 'NONE', #11441, #9471, #12388 ) ;
#9706 = DIRECTION ( 'NONE',  ( 0.7851241134539713729, 0.000000000000000000, -0.6193384587389316742 ) ) ;
#9707 = LINE ( 'NONE', #9453, #10562 ) ;
#9708 = APPLICATION_PROTOCOL_DEFINITION ( 'international standard', 'config_control_design', 1994, #11786 ) ;
#9709 = ORIENTED_EDGE ( 'NONE', *, *, #3286, .F. ) ;
#9710 = EDGE_CURVE ( 'NONE', #3183, #11803, #8045, .T. ) ;
#9711 = EDGE_CURVE ( 'NONE', #3273, #2297, #9700, .T. ) ;
#9712 = VERTEX_POINT ( 'NONE', #4426 ) ;
#9713 = DIRECTION ( 'NONE',  ( -0.000000000000000000, 1.000000000000000000, -0.000000000000000000 ) ) ;
#9714 = DIRECTION ( 'NONE',  ( 1.000000000000000000, 0.000000000000000000, 0.000000000000000000 ) ) ;
#9715 = CARTESIAN_POINT ( 'NONE',  ( -143.3829173689865684, 339.9999999999999432, 292.2807152864012892 ) ) ;
#9716 = EDGE_LOOP ( 'NONE', ( #10937, #8027, #5888, #10259 ) ) ;
#9717 = CARTESIAN_POINT ( 'NONE',  ( 70.18354552143794933, 117.0000000000000000, 383.8903845222603763 ) ) ;
#9718 = DIRECTION ( 'NONE',  ( 0.000000000000000000, 0.08715574274764570362, 0.9961946980917466554 ) ) ;
#9719 = CIRCLE ( 'NONE', #8900, 74.88840032043542294 ) ;
#9720 = CARTESIAN_POINT ( 'NONE',  ( -148.8328026263302775, 500.7280992326379305, 343.1213023789005092 ) ) ;
#9721 = PLANE ( 'NONE',  #35 ) ;
#9722 = ORIENTED_EDGE ( 'NONE', *, *, #1279, .T. ) ;
#9723 = CARTESIAN_POINT ( 'NONE',  ( 130.5203249716378480, 117.0000000000000000, 368.2120121559649988 ) ) ;
#9724 = ORIENTED_EDGE ( 'NONE', *, *, #7760, .F. ) ;
#9725 = AXIS2_PLACEMENT_3D ( 'NONE', #9318, #11292, #11223 ) ;
#9726 = EDGE_LOOP ( 'NONE', ( #4335, #11574, #6700, #7650 ) ) ;
#9727 = CYLINDRICAL_SURFACE ( 'NONE', #9687, 1.689261981127287982 ) ;
#9728 = ORIENTED_EDGE ( 'NONE', *, *, #901, .F. ) ;
#9729 = CARTESIAN_POINT ( 'NONE',  ( 174.9943130982815092, 117.0000000000000000, 327.9680754845630304 ) ) ;
#9730 = DIRECTION ( 'NONE',  ( 1.000000000000000000, -0.000000000000000000, -0.000000000000000000 ) ) ;
#9731 = ADVANCED_FACE ( 'NONE', ( #3336 ), #11085, .T. ) ;
#9732 = CARTESIAN_POINT ( 'NONE',  ( 156.7562042167242282, 501.6802010741481013, 315.7609358066456480 ) ) ;
#9733 = DIRECTION ( 'NONE',  ( 0.7625037589850115483, 0.2383113124287892515, -0.6014945850979835917 ) ) ;
#9734 = ORIENTED_EDGE ( 'NONE', *, *, #10553, .T. ) ;
#9735 = PLANE ( 'NONE',  #428 ) ;
#9736 = CARTESIAN_POINT ( 'NONE',  ( -59.26671879462830361, 356.9106833265976206, 359.0020664014754743 ) ) ;
#9737 = EDGE_CURVE ( 'NONE', #5161, #1883, #5437, .T. ) ;
#9738 = ORIENTED_EDGE ( 'NONE', *, *, #739, .F. ) ;
#9739 = CARTESIAN_POINT ( 'NONE',  ( 42.48496570340527967, 117.0000000000000000, 368.8290452823253531 ) ) ;
#9740 = VERTEX_POINT ( 'NONE', #3408 ) ;
#9741 = ADVANCED_FACE ( 'NONE', ( #10005 ), #12037, .F. ) ;
#9742 = VECTOR ( 'NONE', #10015, 1000.000000000000000 ) ;
#9743 = CARTESIAN_POINT ( 'NONE',  ( 159.9882456870035412, 315.0000000000000568, 314.3847163883809230 ) ) ;
#9744 = CARTESIAN_POINT ( 'NONE',  ( -192.3506266214794209, 554.4002845423226518, 309.2193921002643719 ) ) ;
#9745 = ORIENTED_EDGE ( 'NONE', *, *, #295, .F. ) ;
#9746 = LINE ( 'NONE', #8844, #12359 ) ;
#9747 = CARTESIAN_POINT ( 'NONE',  ( 130.5203249716378480, 117.0000000000000000, 376.8992487218271208 ) ) ;
#9748 = CARTESIAN_POINT ( 'NONE',  ( -211.3765040621445621, 549.9285378534888196, 291.6415598957765951 ) ) ;
#9749 = LINE ( 'NONE', #12538, #9809 ) ;
#9750 = VECTOR ( 'NONE', #10683, 1000.000000000000114 ) ;
#9751 = CIRCLE ( 'NONE', #10156, 3.649999999999986589 ) ;
#9752 = CARTESIAN_POINT ( 'NONE',  ( 174.9943130982814523, 117.0000000000000000, 368.2120121559649988 ) ) ;
#9753 = ORIENTED_EDGE ( 'NONE', *, *, #8258, .T. ) ;
#9754 = DIRECTION ( 'NONE',  ( -0.000000000000000000, -0.000000000000000000, -1.000000000000000000 ) ) ;
#9755 = EDGE_CURVE ( 'NONE', #5860, #5845, #5182, .T. ) ;
#9756 = EDGE_CURVE ( 'NONE', #191, #1136, #1501, .T. ) ;
#9757 = DIRECTION ( 'NONE',  ( -0.7625037589850115483, -0.2383113124287892515, 0.6014945850979835917 ) ) ;
#9758 = EDGE_CURVE ( 'NONE', #10140, #5170, #4294, .T. ) ;
#9759 = CARTESIAN_POINT ( 'NONE',  ( -62.78826645942975659, 374.0785508645338382, 377.9443499868726803 ) ) ;
#9760 = DIRECTION ( 'NONE',  ( -0.6193384587389297868, 0.000000000000000000, -0.7851241134539729272 ) ) ;
#9761 = LINE ( 'NONE', #950, #3720 ) ;
#9762 = CARTESIAN_POINT ( 'NONE',  ( -42.48496570340520861, 117.0000000000000000, 370.0487020943512562 ) ) ;
#9763 = CIRCLE ( 'NONE', #6520, 3.704481157001282554 ) ;
#9764 = FACE_OUTER_BOUND ( 'NONE', #617, .T. ) ;
#9765 = AXIS2_PLACEMENT_3D ( 'NONE', #4892, #2090, #9904 ) ;
#9766 = DIRECTION ( 'NONE',  ( 0.000000000000000000, 0.000000000000000000, 1.000000000000000000 ) ) ;
#9767 = APPROVAL_ROLE ( '' ) ;
#9768 = VERTEX_POINT ( 'NONE', #3469 ) ;
#9769 = DIRECTION ( 'NONE',  ( 1.000000000000000000, 0.000000000000000000, 0.000000000000000000 ) ) ;
#9770 = CYLINDRICAL_SURFACE ( 'NONE', #10854, 3.704481157001282554 ) ;
#9771 = LINE ( 'NONE', #4883, #603 ) ;
#9772 = LINE ( 'NONE', #8340, #7692 ) ;
#9773 = CARTESIAN_POINT ( 'NONE',  ( -139.5011983720589512, 339.9999999999999432, 299.0691970202899483 ) ) ;
#9774 = CIRCLE ( 'NONE', #11403, 2.114999999999978009 ) ;
#9775 = ORIENTED_EDGE ( 'NONE', *, *, #3461, .F. ) ;
#9776 = PLANE ( 'NONE',  #4926 ) ;
#9777 = FACE_OUTER_BOUND ( 'NONE', #2996, .T. ) ;
#9778 = ADVANCED_FACE ( 'NONE', ( #3271 ), #9311, .T. ) ;
#9779 = DIRECTION ( 'NONE',  ( 1.000000000000000000, 0.000000000000000000, 0.000000000000000000 ) ) ;
#9780 = EDGE_CURVE ( 'NONE', #1622, #8825, #10266, .T. ) ;
#9781 = CARTESIAN_POINT ( 'NONE',  ( 181.8450832321779558, 420.0000000000000000, 295.7635224797913338 ) ) ;
#9782 = ORIENTED_EDGE ( 'NONE', *, *, #10532, .T. ) ;
#9783 = ORIENTED_EDGE ( 'NONE', *, *, #2700, .T. ) ;
#9784 = LINE ( 'NONE', #10791, #5029 ) ;
#9785 = ORIENTED_EDGE ( 'NONE', *, *, #3836, .T. ) ;
#9786 = ORIENTED_EDGE ( 'NONE', *, *, #1974, .F. ) ;
#9787 = EDGE_CURVE ( 'NONE', #12498, #6322, #6260, .T. ) ;
#9788 = ADVANCED_FACE ( 'NONE', ( #486 ), #2463, .F. ) ;
#9789 = CARTESIAN_POINT ( 'NONE',  ( -74.95297405475031383, 370.0000000000000000, 375.2826803297231208 ) ) ;
#9790 = ORIENTED_EDGE ( 'NONE', *, *, #968, .F. ) ;
#9791 = CARTESIAN_POINT ( 'NONE',  ( -101.7259631302510314, 570.1499999999997499, 350.0000000000000000 ) ) ;
#9792 = DIRECTION ( 'NONE',  ( -0.6984011233334506130, -0.1564344650402308967, -0.6984011233339699753 ) ) ;
#9793 = AXIS2_PLACEMENT_3D ( 'NONE', #5861, #5975, #4853 ) ;
#9794 = EDGE_LOOP ( 'NONE', ( #10365, #4279, #3488, #1902 ) ) ;
#9795 = PLANE ( 'NONE',  #4277 ) ;
#9796 = CARTESIAN_POINT ( 'NONE',  ( -187.0114630247247192, 550.0855391211476899, 274.1776417522260658 ) ) ;
#9797 = EDGE_LOOP ( 'NONE', ( #2464, #545, #10245, #9023, #1505, #6440, #8366, #269, #10032, #7888, #3280, #4676 ) ) ;
#9798 = DIRECTION ( 'NONE',  ( 0.000000000000000000, 0.000000000000000000, -1.000000000000000000 ) ) ;
#9799 = ORIENTED_EDGE ( 'NONE', *, *, #7449, .T. ) ;
#9800 = VECTOR ( 'NONE', #46, 1000.000000000000000 ) ;
#9801 = EDGE_CURVE ( 'NONE', #3508, #6665, #4485, .T. ) ;
#9802 = CARTESIAN_POINT ( 'NONE',  ( -66.20020431027141683, 355.5448881141737161, 384.5372509364611915 ) ) ;
#9803 = PLANE ( 'NONE',  #11521 ) ;
#9804 = ORIENTED_EDGE ( 'NONE', *, *, #9574, .T. ) ;
#9805 = EDGE_CURVE ( 'NONE', #3639, #1088, #359, .T. ) ;
#9806 = CARTESIAN_POINT ( 'NONE',  ( -248.5985330171029943, 550.1499999999997499, 196.1048318924144382 ) ) ;
#9807 = CARTESIAN_POINT ( 'NONE',  ( -130.5203249716377911, 120.0000000000000000, 359.5247755901027631 ) ) ;
#9808 = CARTESIAN_POINT ( 'NONE',  ( -213.3609415576256936, 549.2033029164007303, 288.8385874647325409 ) ) ;
#9809 = VECTOR ( 'NONE', #90, 1000.000000000000000 ) ;
#9810 = CARTESIAN_POINT ( 'NONE',  ( 188.4763652879578615, 117.0000000000000000, 277.5473304590436214 ) ) ;
#9811 = CARTESIAN_POINT ( 'NONE',  ( -185.3083443355145050, 340.0000000000000568, 266.1033846755267405 ) ) ;
#9812 = EDGE_CURVE ( 'NONE', #5539, #3374, #3618, .T. ) ;
#9813 = ORIENTED_EDGE ( 'NONE', *, *, #6252, .F. ) ;
#9814 = DIRECTION ( 'NONE',  ( 0.000000000000000000, 1.000000000000000000, 0.000000000000000000 ) ) ;
#9815 = VECTOR ( 'NONE', #4732, 1000.000000000000114 ) ;
#9816 = ADVANCED_FACE ( 'NONE', ( #9242 ), #425, .F. ) ;
#9817 = ADVANCED_FACE ( 'NONE', ( #4231 ), #8107, .F. ) ;
#9818 = DIRECTION ( 'NONE',  ( 0.000000000000000000, 0.000000000000000000, 1.000000000000000000 ) ) ;
#9819 =( BOUNDED_CURVE ( )  B_SPLINE_CURVE ( 3, ( #9534, #9467, #6613, #8589 ),
 .UNSPECIFIED., .F., .F. ) 
 B_SPLINE_CURVE_WITH_KNOTS ( ( 4, 4 ),
 ( 4.712388980384688786, 6.283185307179586232 ),
 .UNSPECIFIED. ) 
 CURVE ( )  GEOMETRIC_REPRESENTATION_ITEM ( )  RATIONAL_B_SPLINE_CURVE ( ( 1.000000000000000000, 0.8047378541243648264, 0.8047378541243648264, 1.000000000000000000 ) ) 
 REPRESENTATION_ITEM ( '' )  );
#9820 = FACE_OUTER_BOUND ( 'NONE', #11764, .T. ) ;
#9821 = CARTESIAN_POINT ( 'NONE',  ( 164.4238225416456771, 90.00000000000000000, 275.4109746108540548 ) ) ;
#9822 = PLANE ( 'NONE',  #3971 ) ;
#9823 = AXIS2_PLACEMENT_3D ( 'NONE', #2114, #339, #9866 ) ;
#9824 = EDGE_CURVE ( 'NONE', #10275, #399, #2594, .T. ) ;
#9825 = CARTESIAN_POINT ( 'NONE',  ( 207.9868813713819691, 550.1499999999997499, 287.4818847658024197 ) ) ;
#9826 = LINE ( 'NONE', #1192, #12193 ) ;
#9827 = CIRCLE ( 'NONE', #1111, 3.704481157001282554 ) ;
#9828 = APPROVAL_ROLE ( '' ) ;
#9829 = VERTEX_POINT ( 'NONE', #5690 ) ;
#9830 = FACE_OUTER_BOUND ( 'NONE', #948, .T. ) ;
#9831 = LINE ( 'NONE', #3035, #3149 ) ;
#9832 = CARTESIAN_POINT ( 'NONE',  ( 31.94280956065907162, 451.0687924501321504, 357.8360898174733506 ) ) ;
#9833 = CARTESIAN_POINT ( 'NONE',  ( 171.6157891360269332, 117.0000000000000000, 349.9640353578184886 ) ) ;
#9834 = LINE ( 'NONE', #6734, #5784 ) ;
#9835 = EDGE_LOOP ( 'NONE', ( #5337, #3288, #11494, #12186 ) ) ;
#9836 = CARTESIAN_POINT ( 'NONE',  ( -215.0800384650183332, 489.0205802199568552, 262.8150090767012443 ) ) ;
#9837 = CIRCLE ( 'NONE', #5971, 4.450000000000009948 ) ;
#9838 = DIRECTION ( 'NONE',  ( 0.000000000000000000, -0.000000000000000000, -1.000000000000000000 ) ) ;
#9839 = CARTESIAN_POINT ( 'NONE',  ( 191.8873057370085746, 117.0000000000000000, 351.4274360680452673 ) ) ;
#9840 = CARTESIAN_POINT ( 'NONE',  ( -172.4477361990316240, 500.5974297687673129, 310.8057735107076383 ) ) ;
#9841 = EDGE_LOOP ( 'NONE', ( #4325, #8097, #2620, #1511 ) ) ;
#9842 = ORIENTED_EDGE ( 'NONE', *, *, #5779, .F. ) ;
#9843 = DIRECTION ( 'NONE',  ( 0.000000000000000000, 1.000000000000000000, 0.000000000000000000 ) ) ;
#9844 = ORIENTED_EDGE ( 'NONE', *, *, #11145, .T. ) ;
#9845 = ORIENTED_EDGE ( 'NONE', *, *, #8519, .T. ) ;
#9846 = EDGE_CURVE ( 'NONE', #10653, #466, #12418, .T. ) ;
#9847 = ADVANCED_FACE ( 'NONE', ( #2658 ), #6455, .T. ) ;
#9848 = CIRCLE ( 'NONE', #11058, 3.093108195208626121 ) ;
#9849 = DIRECTION ( 'NONE',  ( 0.000000000000000000, 0.000000000000000000, 1.000000000000000000 ) ) ;
#9850 = EDGE_LOOP ( 'NONE', ( #7108, #4953, #180, #6262 ) ) ;
#9851 = VECTOR ( 'NONE', #5955, 1000.000000000000114 ) ;
#9852 = CARTESIAN_POINT ( 'NONE',  ( 63.62321363309411737, -585.1500000000002046, 0.000000000000000000 ) ) ;
#9853 = LINE ( 'NONE', #256, #4400 ) ;
#9854 = VECTOR ( 'NONE', #6317, 1000.000000000000000 ) ;
#9855 = CARTESIAN_POINT ( 'NONE',  ( 195.7024822690794679, 370.0000000000001137, 263.1601945342231943 ) ) ;
#9856 = CARTESIAN_POINT ( 'NONE',  ( -190.1339943323373802, 549.1383296044830331, 270.2192655363950280 ) ) ;
#9857 = ORIENTED_EDGE ( 'NONE', *, *, #8215, .F. ) ;
#9858 = DIRECTION ( 'NONE',  ( 0.000000000000000000, 1.000000000000000000, 0.000000000000000000 ) ) ;
#9859 = EDGE_LOOP ( 'NONE', ( #9074, #8531, #5958, #4472 ) ) ;
#9860 = B_SPLINE_CURVE_WITH_KNOTS ( 'NONE', 3,
 ( #8477, #5672, #9546, #2880, #12337, #6988, #1218, #11813, #6091, #7056, #3237, #10859, #9015, #8829, #11941, #6034, #10920, #2997, #11755, #10798, #5967, #7889 ),
 .UNSPECIFIED., .F., .F.,
 ( 4, 2, 2, 2, 2, 2, 2, 2, 2, 2, 4 ),
 ( 0.000000000000000000, 0.0004095596788087887334, 0.0008191193576175774668, 0.001638238715234948718, 0.003276477430469816772, 0.004095596788087155389, 0.004914716145704494873, 0.006552954860938983023, 0.008191193576173472907, 0.009829432291407962791, 0.01310590972187689225 ),
 .UNSPECIFIED. ) ;
#9861 = VECTOR ( 'NONE', #9451, 1000.000000000000000 ) ;
#9862 = CARTESIAN_POINT ( 'NONE',  ( -59.20020431027140262, 360.0000000000000000, 384.3406997176695654 ) ) ;
#9863 = DIRECTION ( 'NONE',  ( 0.000000000000000000, 0.000000000000000000, 1.000000000000000000 ) ) ;
#9864 = ORIENTED_EDGE ( 'NONE', *, *, #7408, .T. ) ;
#9865 = DIRECTION ( 'NONE',  ( 0.000000000000000000, 0.000000000000000000, 1.000000000000000000 ) ) ;
#9866 = DIRECTION ( 'NONE',  ( 0.000000000000000000, 0.000000000000000000, 1.000000000000000000 ) ) ;
#9867 = DIRECTION ( 'NONE',  ( 0.6193384587389308971, 0.000000000000000000, -0.7851241134539720390 ) ) ;
#9868 = ORIENTED_EDGE ( 'NONE', *, *, #2930, .F. ) ;
#9869 = CARTESIAN_POINT ( 'NONE',  ( -206.4252081041615270, 544.8930587102181562, 287.8927832314049056 ) ) ;
#9870 = CARTESIAN_POINT ( 'NONE',  ( 116.3767717391520620, 377.5518242583233359, 326.4274360680452105 ) ) ;
#9871 = AXIS2_PLACEMENT_3D ( 'NONE', #7121, #392, #7947 ) ;
#9872 = VERTEX_POINT ( 'NONE', #3723 ) ;
#9873 = LINE ( 'NONE', #8096, #10578 ) ;
#9874 = ORIENTED_EDGE ( 'NONE', *, *, #11501, .T. ) ;
#9875 = CIRCLE ( 'NONE', #7246, 1.463400710226769874 ) ;
#9876 = CARTESIAN_POINT ( 'NONE',  ( -173.3050511171541075, 120.0000000000000000, 329.6573374656901478 ) ) ;
#9877 = CIRCLE ( 'NONE', #8264, 3.093108195208626121 ) ;
#9878 = ORIENTED_EDGE ( 'NONE', *, *, #3689, .T. ) ;
#9879 = CARTESIAN_POINT ( 'NONE',  ( -36.37704158544324429, 423.3327149756084964, 381.3343535301863199 ) ) ;
#9880 = CARTESIAN_POINT ( 'NONE',  ( 116.3767717391520620, 0.000000000000000000, 351.4274360680452105 ) ) ;
#9881 = AXIS2_PLACEMENT_3D ( 'NONE', #8382, #8249, #2542 ) ;
#9882 = EDGE_CURVE ( 'NONE', #8487, #9097, #8621, .T. ) ;
#9883 = CARTESIAN_POINT ( 'NONE',  ( 218.9543743732946268, 550.1499999999997499, 282.1229743516821031 ) ) ;
#9884 = DIRECTION ( 'NONE',  ( 0.000000000000000000, -1.000000000000000000, 0.000000000000000000 ) ) ;
#9885 = ORIENTED_EDGE ( 'NONE', *, *, #9570, .T. ) ;
#9886 = EDGE_CURVE ( 'NONE', #9181, #2128, #7478, .T. ) ;
#9887 = DIRECTION ( 'NONE',  ( 0.1924154613586765150, -0.9711530084039703414, -0.1408478771513629324 ) ) ;
#9888 = AXIS2_PLACEMENT_3D ( 'NONE', #11338, #1681, #4596 ) ;
#9889 = DIRECTION ( 'NONE',  ( 0.9961946980917455452, -0.08715574274765820750, 0.000000000000000000 ) ) ;
#9890 = AXIS2_PLACEMENT_3D ( 'NONE', #8731, #30, #3896 ) ;
#9891 = EDGE_CURVE ( 'NONE', #5330, #11171, #11473, .T. ) ;
#9892 = ORIENTED_EDGE ( 'NONE', *, *, #8036, .F. ) ;
#9893 =( BOUNDED_CURVE ( )  B_SPLINE_CURVE ( 3, ( #8582, #7503, #11310, #8522 ),
 .UNSPECIFIED., .F., .F. ) 
 B_SPLINE_CURVE_WITH_KNOTS ( ( 4, 4 ),
 ( 5.501585242055417879, 7.064785372303754585 ),
 .UNSPECIFIED. ) 
 CURVE ( )  GEOMETRIC_REPRESENTATION_ITEM ( )  RATIONAL_B_SPLINE_CURVE ( ( 1.000000000000000000, 0.8065248903853474705, 0.8065248903853474705, 1.000000000000000000 ) ) 
 REPRESENTATION_ITEM ( '' )  );
#9894 = DIRECTION ( 'NONE',  ( 0.000000000000000000, 0.000000000000000000, 1.000000000000000000 ) ) ;
#9895 = CYLINDRICAL_SURFACE ( 'NONE', #10863, 1.705470224525384992 ) ;
#9896 = ADVANCED_FACE ( 'NONE', ( #9502 ), #1882, .T. ) ;
#9897 = CARTESIAN_POINT ( 'NONE',  ( 159.9882456870035412, 315.0000000000000568, 309.1348121858818558 ) ) ;
#9898 = CARTESIAN_POINT ( 'NONE',  ( -227.1074468072382899, 4.314818936427879620E-14, 287.9337328837805785 ) ) ;
#9899 = CARTESIAN_POINT ( 'NONE',  ( 52.98730513377550011, 380.0582785066275164, 378.5521507562208967 ) ) ;
#9900 = EDGE_LOOP ( 'NONE', ( #11731, #5138, #3697, #6786 ) ) ;
#9901 = DIRECTION ( 'NONE',  ( 0.000000000000000000, 0.000000000000000000, 1.000000000000000000 ) ) ;
#9902 = PLANE ( 'NONE',  #7040 ) ;
#9903 = CARTESIAN_POINT ( 'NONE',  ( -166.2809067488451547, 500.7328530736664334, 318.6770057039939275 ) ) ;
#9904 = DIRECTION ( 'NONE',  ( 0.000000000000000000, 0.000000000000000000, -1.000000000000000000 ) ) ;
#9905 = VERTEX_POINT ( 'NONE', #6709 ) ;
#9906 = VERTEX_POINT ( 'NONE', #4543 ) ;
#9907 = CARTESIAN_POINT ( 'NONE',  ( -116.3767717391519767, 440.0642204323597184, 396.8346695128719830 ) ) ;
#9908 = VERTEX_POINT ( 'NONE', #4738 ) ;
#9909 = EDGE_CURVE ( 'NONE', #12001, #4944, #12477, .T. ) ;
#9910 = EDGE_LOOP ( 'NONE', ( #3783, #10062, #4440, #1829 ) ) ;
#9911 = EDGE_CURVE ( 'NONE', #1800, #11173, #11538, .T. ) ;
#9912 = CARTESIAN_POINT ( 'NONE',  ( -79.26671879462830361, 356.9106833265976206, 359.0020664014754743 ) ) ;
#9913 = ORIENTED_EDGE ( 'NONE', *, *, #8098, .F. ) ;
#9914 = LINE ( 'NONE', #2101, #11894 ) ;
#9915 = DIRECTION ( 'NONE',  ( 0.000000000000000000, -0.9961946980917455452, -0.08715574274765781893 ) ) ;
#9916 = CARTESIAN_POINT ( 'NONE',  ( -59.20020431027140262, 385.0000000000000000, 385.9443499868726803 ) ) ;
#9917 = DIRECTION ( 'NONE',  ( -0.7071067811865450192, -0.7044160264027606866, -0.06162841671622616008 ) ) ;
#9918 = ORIENTED_EDGE ( 'NONE', *, *, #6680, .T. ) ;
#9919 = CC_DESIGN_PERSON_AND_ORGANIZATION_ASSIGNMENT ( #11555, #2023, ( #4029 ) ) ;
#9920 = VECTOR ( 'NONE', #1832, 1000.000000000000000 ) ;
#9921 = DIRECTION ( 'NONE',  ( 0.000000000000000000, 0.000000000000000000, -1.000000000000000000 ) ) ;
#9922 = ORIENTED_EDGE ( 'NONE', *, *, #6312, .F. ) ;
#9923 = VERTEX_POINT ( 'NONE', #8427 ) ;
#9924 = DIRECTION ( 'NONE',  ( 0.000000000000000000, 0.000000000000000000, 1.000000000000000000 ) ) ;
#9925 = CARTESIAN_POINT ( 'NONE',  ( 39.47285318341127436, 365.0000000000000000, 365.3661334402254965 ) ) ;
#9926 = ORIENTED_EDGE ( 'NONE', *, *, #2913, .F. ) ;
#9927 = DIRECTION ( 'NONE',  ( -0.6193384587389297868, 0.000000000000000000, -0.7851241134539729272 ) ) ;
#9928 = CYLINDRICAL_SURFACE ( 'NONE', #6427, 30.00000000000000000 ) ;
#9929 = DIRECTION ( 'NONE',  ( 0.7851241134539714839, -0.000000000000000000, -0.6193384587389316742 ) ) ;
#9930 = ORIENTED_EDGE ( 'NONE', *, *, #7721, .F. ) ;
#9931 = LINE ( 'NONE', #7007, #3112 ) ;
#9932 = EDGE_CURVE ( 'NONE', #1091, #1870, #3005, .T. ) ;
#9933 = LINE ( 'NONE', #7784, #10898 ) ;
#9934 = VERTEX_POINT ( 'NONE', #6517 ) ;
#9935 = PLANE ( 'NONE',  #7542 ) ;
#9936 = ORIENTED_EDGE ( 'NONE', *, *, #10076, .T. ) ;
#9937 = AXIS2_PLACEMENT_3D ( 'NONE', #4700, #4636, #8455 ) ;
#9938 = FACE_BOUND ( 'NONE', #10804, .T. ) ;
#9939 = ORIENTED_EDGE ( 'NONE', *, *, #7303, .T. ) ;
#9940 = EDGE_CURVE ( 'NONE', #408, #6102, #7865, .T. ) ;
#9941 = CARTESIAN_POINT ( 'NONE',  ( 173.5685513849469714, 501.6802010741481013, 293.7535277317208511 ) ) ;
#9942 = PLANE ( 'NONE',  #8223 ) ;
#9943 = PLANE ( 'NONE',  #10619 ) ;
#9944 = LINE ( 'NONE', #8987, #8240 ) ;
#9945 = ORIENTED_EDGE ( 'NONE', *, *, #8426, .T. ) ;
#9946 = CARTESIAN_POINT ( 'NONE',  ( -158.7296697055453762, 550.1499999999997499, 358.4687384377221520 ) ) ;
#9947 = DIRECTION ( 'NONE',  ( -0.6193384587389297868, 0.000000000000000000, -0.7851241134539729272 ) ) ;
#9948 = VECTOR ( 'NONE', #22, 1000.000000000000000 ) ;
#9949 = ORIENTED_EDGE ( 'NONE', *, *, #6333, .F. ) ;
#9950 = PLANE ( 'NONE',  #3507 ) ;
#9951 = ADVANCED_FACE ( 'NONE', ( #5627 ), #3532, .F. ) ;
#9952 = DIRECTION ( 'NONE',  ( 0.000000000000000000, -0.000000000000000000, -1.000000000000000000 ) ) ;
#9953 = EDGE_CURVE ( 'NONE', #4296, #5491, #1694, .T. ) ;
#9954 = DIRECTION ( 'NONE',  ( -2.897549362954532616E-15, 0.000000000000000000, 1.000000000000000000 ) ) ;
#9955 = DIRECTION ( 'NONE',  ( -0.000000000000000000, 1.000000000000000000, -0.000000000000000000 ) ) ;
#9956 = PLANE ( 'NONE',  #10844 ) ;
#9957 = ORIENTED_EDGE ( 'NONE', *, *, #502, .F. ) ;
#9958 = CARTESIAN_POINT ( 'NONE',  ( 21.30323522931127656, 117.0000000000000000, 385.8071906031455001 ) ) ;
#9959 = VECTOR ( 'NONE', #8371, 1000.000000000000000 ) ;
#9960 = DIRECTION ( 'NONE',  ( 0.000000000000000000, 0.000000000000000000, -1.000000000000000000 ) ) ;
#9961 = VECTOR ( 'NONE', #6546, 1000.000000000000000 ) ;
#9962 = PLANE ( 'NONE',  #12079 ) ;
#9963 = CARTESIAN_POINT ( 'NONE',  ( 108.2550777662638950, 569.5868803023939790, 351.4274360680452105 ) ) ;
#9964 =( BOUNDED_CURVE ( )  B_SPLINE_CURVE ( 3, ( #1636, #6197, #7292, #5443 ),
 .UNSPECIFIED., .F., .F. ) 
 B_SPLINE_CURVE_WITH_KNOTS ( ( 4, 4 ),
 ( 1.514971195530632642, 3.078171325778995548 ),
 .UNSPECIFIED. ) 
 CURVE ( )  GEOMETRIC_REPRESENTATION_ITEM ( )  RATIONAL_B_SPLINE_CURVE ( ( 1.000000000000000000, 0.8065248903853412532, 0.8065248903853412532, 1.000000000000000000 ) ) 
 REPRESENTATION_ITEM ( '' )  );
#9965 = ORIENTED_EDGE ( 'NONE', *, *, #3003, .T. ) ;
#9966 = ORIENTED_EDGE ( 'NONE', *, *, #12057, .F. ) ;
#9967 = DIRECTION ( 'NONE',  ( -0.6193384587389315632, 0.000000000000000000, -0.7851241134539715949 ) ) ;
#9968 = ORIENTED_EDGE ( 'NONE', *, *, #11575, .T. ) ;
#9969 = VECTOR ( 'NONE', #11156, 1000.000000000000000 ) ;
#9970 = VERTEX_POINT ( 'NONE', #9434 ) ;
#9971 = LINE ( 'NONE', #8196, #4604 ) ;
#9972 = EDGE_LOOP ( 'NONE', ( #8145, #10479, #7015, #11556 ) ) ;
#9973 = DIRECTION ( 'NONE',  ( 0.1924154613586764040, -0.9711530084039703414, -0.1408478771513632100 ) ) ;
#9974 = CARTESIAN_POINT ( 'NONE',  ( -130.5203249716377911, 117.0000000000000000, 368.2120121559648851 ) ) ;
#9975 = CARTESIAN_POINT ( 'NONE',  ( -187.5735931288072038, 570.1499999999997499, 12.42640687119288323 ) ) ;
#9976 = CARTESIAN_POINT ( 'NONE',  ( -195.6448863578528687, 557.6001775486273573, 263.2332078246087690 ) ) ;
#9977 = EDGE_CURVE ( 'NONE', #8129, #7486, #10289, .T. ) ;
#9978 = ORIENTED_EDGE ( 'NONE', *, *, #5610, .F. ) ;
#9979 = DIRECTION ( 'NONE',  ( -0.000000000000000000, 1.000000000000000000, -0.000000000000000000 ) ) ;
#9980 = B_SPLINE_CURVE_WITH_KNOTS ( 'NONE', 2,
 ( #7397, #11074, #8158 ),
 .UNSPECIFIED., .F., .F.,
 ( 3, 3 ),
 ( 0.5835334691274108865, 0.6009144237629098217 ),
 .UNSPECIFIED. ) ;
#9981 = ORIENTED_EDGE ( 'NONE', *, *, #12290, .T. ) ;
#9982 = ORIENTED_EDGE ( 'NONE', *, *, #3951, .T. ) ;
#9983 = ADVANCED_FACE ( 'NONE', ( #8365 ), #12224, .F. ) ;
#9984 = DIRECTION ( 'NONE',  ( 0.000000000000000000, 1.000000000000000000, 0.000000000000000000 ) ) ;
#9985 = CARTESIAN_POINT ( 'NONE',  ( -39.47285318341118909, 365.0000000000000000, 377.4150958034690007 ) ) ;
#9986 = ORIENTED_EDGE ( 'NONE', *, *, #9805, .F. ) ;
#9987 = AXIS2_PLACEMENT_3D ( 'NONE', #10692, #149, #2110 ) ;
#9988 = DIRECTION ( 'NONE',  ( -0.6193384587389297868, 0.000000000000000000, -0.7851241134539729272 ) ) ;
#9989 = DIRECTION ( 'NONE',  ( -1.000000000000000000, -0.000000000000000000, -0.000000000000000000 ) ) ;
#9990 = ORIENTED_EDGE ( 'NONE', *, *, #8420, .T. ) ;
#9991 = CARTESIAN_POINT ( 'NONE',  ( -205.3965183254756255, 545.0976778293958205, 289.1968345770205246 ) ) ;
#9992 = DIRECTION ( 'NONE',  ( 0.7851241134539714839, -0.000000000000000000, -0.6193384587389316742 ) ) ;
#9993 = ORIENTED_EDGE ( 'NONE', *, *, #5233, .T. ) ;
#9994 = LINE ( 'NONE', #1303, #8949 ) ;
#9995 = ORIENTED_EDGE ( 'NONE', *, *, #7605, .F. ) ;
#9996 = DIRECTION ( 'NONE',  ( -1.000000000000000000, 0.000000000000000000, -1.133962590713343958E-15 ) ) ;
#9998 = ORIENTED_EDGE ( 'NONE', *, *, #11927, .T. ) ;
#9997 = AXIS2_PLACEMENT_3D ( 'NONE', #6529, #2539, #5638 ) ;
#9999 = EDGE_CURVE ( 'NONE', #1284, #5153, #571, .T. ) ;
#10000 = EDGE_CURVE ( 'NONE', #11990, #12235, #3131, .T. ) ;
#10001 = DIRECTION ( 'NONE',  ( -1.703841351481210493E-16, 1.000000000000000000, 2.159928729876910786E-16 ) ) ;
#10002 = DIRECTION ( 'NONE',  ( 0.000000000000000000, 1.000000000000000000, 0.000000000000000000 ) ) ;
#10003 = DIRECTION ( 'NONE',  ( 0.000000000000000000, -1.000000000000000000, 0.000000000000000000 ) ) ;
#10004 = ORIENTED_EDGE ( 'NONE', *, *, #9999, .F. ) ;
#10005 = FACE_OUTER_BOUND ( 'NONE', #5392, .T. ) ;
#10006 = EDGE_CURVE ( 'NONE', #11916, #11135, #6662, .T. ) ;
#10007 = EDGE_LOOP ( 'NONE', ( #5459, #12419, #7226, #8485, #4065 ) ) ;
#10008 = VECTOR ( 'NONE', #11844, 1000.000000000000000 ) ;
#10009 = B_SPLINE_CURVE_WITH_KNOTS ( 'NONE', 3,
 ( #3975, #7859, #47, #4994 ),
 .UNSPECIFIED., .F., .F.,
 ( 4, 4 ),
 ( 0.000000000000000000, 1.000000000000000000 ),
 .UNSPECIFIED. ) ;
#10010 = EDGE_CURVE ( 'NONE', #7451, #2396, #999, .T. ) ;
#10011 = ORIENTED_EDGE ( 'NONE', *, *, #2302, .T. ) ;
#10012 = DIRECTION ( 'NONE',  ( 0.000000000000000000, 0.000000000000000000, 1.000000000000000000 ) ) ;
#10013 = DIRECTION ( 'NONE',  ( 0.000000000000000000, 0.5177641442566627283, -0.8555234017384714118 ) ) ;
#10014 = CARTESIAN_POINT ( 'NONE',  ( -200.4331369339992364, 554.2648612374234744, 298.9196860773977278 ) ) ;
#10015 = DIRECTION ( 'NONE',  ( -4.358314339725064517E-17, 1.000000000000000000, 3.438019084639097807E-17 ) ) ;
#10016 = CARTESIAN_POINT ( 'NONE',  ( -74.95297405475031383, 370.0000000000000000, 375.2826803297231208 ) ) ;
#10017 = ORIENTED_EDGE ( 'NONE', *, *, #1349, .T. ) ;
#10019 = LINE ( 'NONE', #1326, #9018 ) ;
#10018 = AXIS2_PLACEMENT_3D ( 'NONE', #11067, #471, #10816 ) ;
#10020 = CARTESIAN_POINT ( 'NONE',  ( -70.18354552143789249, 117.0000000000000000, 385.8071906031455001 ) ) ;
#10021 = CARTESIAN_POINT ( 'NONE',  ( -136.1948344576564978, 370.0000000000001137, 305.2559512890213114 ) ) ;
#10022 = CARTESIAN_POINT ( 'NONE',  ( -130.5203249716377911, 117.0000000000000000, 368.2120121559648851 ) ) ;
#10023 = ORIENTED_EDGE ( 'NONE', *, *, #1940, .T. ) ;
#10024 = ORIENTED_EDGE ( 'NONE', *, *, #4223, .F. ) ;
#10025 = ORIENTED_EDGE ( 'NONE', *, *, #10637, .T. ) ;
#10026 = DIRECTION ( 'NONE',  ( 1.000000000000000000, -0.000000000000000000, -0.000000000000000000 ) ) ;
#10027 = ORIENTED_EDGE ( 'NONE', *, *, #12293, .F. ) ;
#10028 = ORIENTED_EDGE ( 'NONE', *, *, #10405, .T. ) ;
#10029 = FACE_OUTER_BOUND ( 'NONE', #8947, .T. ) ;
#10030 = AXIS2_PLACEMENT_3D ( 'NONE', #11771, #7072, #4451 ) ;
#10031 = LINE ( 'NONE', #10102, #3390 ) ;
#10032 = ORIENTED_EDGE ( 'NONE', *, *, #3912, .F. ) ;
#10033 = PLANE ( 'NONE',  #4983 ) ;
#10034 = LINE ( 'NONE', #1346, #1972 ) ;
#10035 = EDGE_CURVE ( 'NONE', #9440, #1274, #10878, .T. ) ;
#10036 = AXIS2_PLACEMENT_3D ( 'NONE', #2410, #1454, #5323 ) ;
#10037 = EDGE_CURVE ( 'NONE', #11957, #11824, #1056, .T. ) ;
#10038 = DIRECTION ( 'NONE',  ( 0.000000000000000000, 1.000000000000000000, 0.000000000000000000 ) ) ;
#10039 = FACE_OUTER_BOUND ( 'NONE', #3588, .T. ) ;
#10040 = CIRCLE ( 'NONE', #3560, 8.687236565862122006 ) ;
#10041 = ORIENTED_EDGE ( 'NONE', *, *, #7254, .T. ) ;
#10042 = FACE_BOUND ( 'NONE', #11837, .T. ) ;
#10043 = VERTEX_POINT ( 'NONE', #5045 ) ;
#10044 = CIRCLE ( 'NONE', #525, 10.00000000000000888 ) ;
#10045 = ADVANCED_FACE ( 'NONE', ( #11654 ), #10636, .T. ) ;
#10046 = EDGE_CURVE ( 'NONE', #5155, #11428, #8915, .T. ) ;
#10047 = ORIENTED_EDGE ( 'NONE', *, *, #10468, .T. ) ;
#10048 = DIRECTION ( 'NONE',  ( 0.000000000000000000, 0.000000000000000000, -1.000000000000000000 ) ) ;
#10049 = DIRECTION ( 'NONE',  ( 0.7851241134539725941, 0.000000000000000000, 0.6193384587389303420 ) ) ;
#10050 = ORIENTED_EDGE ( 'NONE', *, *, #11131, .F. ) ;
#10051 = EDGE_CURVE ( 'NONE', #7610, #10555, #7008, .T. ) ;
#10052 = DIRECTION ( 'NONE',  ( 0.000000000000000000, 0.8555234017384714118, 0.5177641442566627283 ) ) ;
#10053 = AXIS2_PLACEMENT_3D ( 'NONE', #4621, #9379, #624 ) ;
#10054 = CARTESIAN_POINT ( 'NONE',  ( -70.18354552143789249, 117.0000000000000000, 384.8487875627029098 ) ) ;
#10055 = ORIENTED_EDGE ( 'NONE', *, *, #10468, .F. ) ;
#10056 = VECTOR ( 'NONE', #369, 1000.000000000000000 ) ;
#10057 = CARTESIAN_POINT ( 'NONE',  ( -209.4706092271257774, 543.2788340180151181, 284.0321835495323057 ) ) ;
#10058 = DIRECTION ( 'NONE',  ( -0.000000000000000000, 0.000000000000000000, 1.000000000000000000 ) ) ;
#10059 = AXIS2_PLACEMENT_3D ( 'NONE', #7695, #10482, #10544 ) ;
#10060 = ORIENTED_EDGE ( 'NONE', *, *, #6956, .F. ) ;
#10061 = CARTESIAN_POINT ( 'NONE',  ( 182.4189443687545236, 380.0000000000000000, 300.6792457614350838 ) ) ;
#10062 = ORIENTED_EDGE ( 'NONE', *, *, #2856, .T. ) ;
#10063 = ADVANCED_FACE ( 'NONE', ( #214 ), #3017, .T. ) ;
#10064 = CARTESIAN_POINT ( 'NONE',  ( -179.2292455044325266, 370.0000000000001705, 268.0645730766885322 ) ) ;
#10065 = ORIENTED_EDGE ( 'NONE', *, *, #4966, .F. ) ;
#10066 = DIRECTION ( 'NONE',  ( 0.1924154613586771256, -0.9711530084039702304, -0.1408478771513626548 ) ) ;
#10067 = VECTOR ( 'NONE', #289, 1000.000000000000000 ) ;
#10068 = EDGE_CURVE ( 'NONE', #10864, #4820, #9933, .T. ) ;
#10069 = DIRECTION ( 'NONE',  ( 0.000000000000000000, 0.000000000000000000, 1.000000000000000000 ) ) ;
#10070 = DIRECTION ( 'NONE',  ( -0.6193384587389385576, 0.000000000000000000, -0.7851241134539660438 ) ) ;
#10071 = DIRECTION ( 'NONE',  ( -0.000000000000000000, 1.000000000000000000, -0.000000000000000000 ) ) ;
#10072 = AXIS2_PLACEMENT_3D ( 'NONE', #7697, #2815, #11566 ) ;
#10073 = VERTEX_POINT ( 'NONE', #10700 ) ;
#10074 = DIRECTION ( 'NONE',  ( 0.7851241134539714839, -0.000000000000000000, -0.6193384587389316742 ) ) ;
#10075 = ORIENTED_EDGE ( 'NONE', *, *, #2981, .F. ) ;
#10076 = EDGE_CURVE ( 'NONE', #7205, #7364, #5433, .T. ) ;
#10077 = CIRCLE ( 'NONE', #2984, 7.566728253962374140 ) ;
#10078 = VECTOR ( 'NONE', #4318, 1000.000000000000114 ) ;
#10079 = ORIENTED_EDGE ( 'NONE', *, *, #5388, .T. ) ;
#10080 = CARTESIAN_POINT ( 'NONE',  ( 66.12448390330172288, 383.0054035202313685, 379.8138106224483295 ) ) ;
#10081 = AXIS2_PLACEMENT_3D ( 'NONE', #5267, #569, #3487 ) ;
#10082 = DIRECTION ( 'NONE',  ( 0.6193384587389297868, 0.000000000000000000, 0.7851241134539729272 ) ) ;
#10083 = LINE ( 'NONE', #9123, #12556 ) ;
#10084 = CARTESIAN_POINT ( 'NONE',  ( -86.00909026103573751, 365.1716832666299410, 365.3511131006783330 ) ) ;
#10085 = CARTESIAN_POINT ( 'NONE',  ( 111.3767717391520620, 442.6530411536430165, 392.5570525041796373 ) ) ;
#10086 = ORIENTED_EDGE ( 'NONE', *, *, #5278, .F. ) ;
#10087 = CARTESIAN_POINT ( 'NONE',  ( -204.2178734929557891, 90.00000000000000000, 335.2988140189477235 ) ) ;
#10088 = CARTESIAN_POINT ( 'NONE',  ( 14.47175039158928556, 117.0000000000000000, 368.8290452823252963 ) ) ;
#10089 = CARTESIAN_POINT ( 'NONE',  ( -172.4527765438765528, 500.6232257415425124, 310.8096042854040206 ) ) ;
#10090 = VECTOR ( 'NONE', #84, 1000.000000000000114 ) ;
#10091 = LINE ( 'NONE', #9257, #11515 ) ;
#10092 = ORIENTED_EDGE ( 'NONE', *, *, #1736, .T. ) ;
#10093 = VECTOR ( 'NONE', #7600, 1000.000000000000000 ) ;
#10094 = ADVANCED_FACE ( 'NONE', ( #5809 ), #5871, .F. ) ;
#10095 = VERTEX_POINT ( 'NONE', #3076 ) ;
#10096 = EDGE_LOOP ( 'NONE', ( #4907, #11643, #5126, #6639 ) ) ;
#10097 = CARTESIAN_POINT ( 'NONE',  ( -183.3631709588175625, 352.5000000000000000, 314.5935898537258595 ) ) ;
#10098 = EDGE_LOOP ( 'NONE', ( #12551, #6411 ) ) ;
#10099 = VECTOR ( 'NONE', #11007, 1000.000000000000114 ) ;
#10100 = ORIENTED_EDGE ( 'NONE', *, *, #5678, .F. ) ;
#10101 = FACE_OUTER_BOUND ( 'NONE', #12360, .T. ) ;
#10102 = CARTESIAN_POINT ( 'NONE',  ( 170.7299198887154432, 416.3618162924797161, 340.3975022344273498 ) ) ;
#10103 = AXIS2_PLACEMENT_3D ( 'NONE', #11349, #5497, #10575 ) ;
#10104 = ORIENTED_EDGE ( 'NONE', *, *, #6438, .T. ) ;
#10105 = DIRECTION ( 'NONE',  ( -1.000000000000000000, 0.000000000000000000, -1.135654640887155121E-15 ) ) ;
#10106 = LINE ( 'NONE', #11120, #6430 ) ;
#10107 = VECTOR ( 'NONE', #12511, 1000.000000000000227 ) ;
#10108 = CARTESIAN_POINT ( 'NONE',  ( -199.9999999999999716, 120.0000000000000000, 250.7734253594446443 ) ) ;
#10109 = FACE_OUTER_BOUND ( 'NONE', #3097, .T. ) ;
#10110 = ORIENTED_EDGE ( 'NONE', *, *, #1406, .F. ) ;
#10111 = CARTESIAN_POINT ( 'NONE',  ( 66.12448390330172288, 345.0000000000000000, 375.9443499868726235 ) ) ;
#10112 = VERTEX_POINT ( 'NONE', #11594 ) ;
#10113 = ADVANCED_FACE ( 'NONE', ( #9691 ), #8790, .T. ) ;
#10114 = ORIENTED_EDGE ( 'NONE', *, *, #10006, .F. ) ;
#10115 = PLANE ( 'NONE',  #2459 ) ;
#10116 = CARTESIAN_POINT ( 'NONE',  ( 177.4589540004280650, 120.0000000000000000, 267.7305571933320607 ) ) ;
#10117 = VERTEX_POINT ( 'NONE', #9811 ) ;
#10118 = ADVANCED_FACE ( 'NONE', ( #6949 ), #159, .F. ) ;
#10119 = PLANE ( 'NONE',  #4557 ) ;
#10120 = FACE_OUTER_BOUND ( 'NONE', #5918, .T. ) ;
#10121 = VERTEX_POINT ( 'NONE', #7848 ) ;
#10122 = CARTESIAN_POINT ( 'NONE',  ( -194.4006475732439867, 543.5767603526562652, 272.8836369048029269 ) ) ;
#10123 = EDGE_CURVE ( 'NONE', #11637, #5834, #11716, .T. ) ;
#10124 = FACE_OUTER_BOUND ( 'NONE', #1635, .T. ) ;
#10125 = EDGE_LOOP ( 'NONE', ( #660, #8015, #6982, #3818 ) ) ;
#10126 = ORIENTED_EDGE ( 'NONE', *, *, #3680, .F. ) ;
#10127 = PLANE ( 'NONE',  #6531 ) ;
#10128 = ORIENTED_EDGE ( 'NONE', *, *, #5489, .T. ) ;
#10129 = B_SPLINE_CURVE_WITH_KNOTS ( 'NONE', 3,
 ( #10378, #9418, #8481, #1743 ),
 .UNSPECIFIED., .F., .F.,
 ( 4, 4 ),
 ( 0.3379696782455445248, 0.4487228954520499635 ),
 .UNSPECIFIED. ) ;
#10130 = EDGE_CURVE ( 'NONE', #4315, #12451, #3301, .T. ) ;
#10131 = VECTOR ( 'NONE', #869, 1000.000000000000000 ) ;
#10132 = LINE ( 'NONE', #5241, #10309 ) ;
#10133 = ORIENTED_EDGE ( 'NONE', *, *, #7450, .F. ) ;
#10134 = DIRECTION ( 'NONE',  ( 0.000000000000000000, 0.000000000000000000, -1.000000000000000000 ) ) ;
#10135 = CARTESIAN_POINT ( 'NONE',  ( 0.000000000000000000, -570.1500000000002046, 0.000000000000000000 ) ) ;
#10136 = CARTESIAN_POINT ( 'NONE',  ( -111.4971603180598265, 570.1499999999997499, 337.6132308252213079 ) ) ;
#10137 = CYLINDRICAL_SURFACE ( 'NONE', #332, 3.649999999999986589 ) ;
#10138 = ORIENTED_EDGE ( 'NONE', *, *, #12460, .T. ) ;
#10139 = CARTESIAN_POINT ( 'NONE',  ( -79.26671879462830361, 383.0054035202313685, 379.8138106224483295 ) ) ;
#10140 = VERTEX_POINT ( 'NONE', #5985 ) ;
#10141 = LINE ( 'NONE', #1446, #11598 ) ;
#10142 = EDGE_CURVE ( 'NONE', #4060, #1919, #10312, .T. ) ;
#10143 = ADVANCED_FACE ( 'NONE', ( #9036 ), #12021, .T. ) ;
#10144 = ORIENTED_EDGE ( 'NONE', *, *, #3245, .T. ) ;
#10145 = EDGE_CURVE ( 'NONE', #7713, #6535, #3391, .T. ) ;
#10146 = DIRECTION ( 'NONE',  ( -0.000000000000000000, 1.000000000000000000, -0.000000000000000000 ) ) ;
#10147 = CYLINDRICAL_SURFACE ( 'NONE', #3364, 3.093108195208626121 ) ;
#10148 = LINE ( 'NONE', #6327, #3840 ) ;
#10149 = DIRECTION ( 'NONE',  ( 1.000000000000000000, 0.000000000000000000, 0.000000000000000000 ) ) ;
#10150 = ORIENTED_EDGE ( 'NONE', *, *, #657, .T. ) ;
#10151 = DIRECTION ( 'NONE',  ( 1.000000000000000000, 0.000000000000000000, 0.000000000000000000 ) ) ;
#10152 = DIRECTION ( 'NONE',  ( 0.000000000000000000, 0.000000000000000000, 1.000000000000000000 ) ) ;
#10153 = CARTESIAN_POINT ( 'NONE',  ( -162.3344129012323265, 555.2562610675676069, 345.2820021697993980 ) ) ;
#10154 = DIRECTION ( 'NONE',  ( -0.7071067811862844499, 0.000000000000000000, -0.7071067811868105846 ) ) ;
#10155 = VECTOR ( 'NONE', #10924, 1000.000000000000000 ) ;
#10156 = AXIS2_PLACEMENT_3D ( 'NONE', #852, #12266, #10425 ) ;
#10157 = ORIENTED_EDGE ( 'NONE', *, *, #1981, .F. ) ;
#10158 = ORIENTED_EDGE ( 'NONE', *, *, #4293, .F. ) ;
#10159 = ORIENTED_EDGE ( 'NONE', *, *, #1022, .T. ) ;
#10160 = CYLINDRICAL_SURFACE ( 'NONE', #1588, 1.100437036551937808 ) ;
#10161 = ORIENTED_EDGE ( 'NONE', *, *, #9780, .F. ) ;
#10162 = ORIENTED_EDGE ( 'NONE', *, *, #8652, .T. ) ;
#10163 = CARTESIAN_POINT ( 'NONE',  ( -66.20020431027140262, 352.2504189782885646, 360.6843481989246811 ) ) ;
#10164 = AXIS2_PLACEMENT_3D ( 'NONE', #10715, #8753, #9947 ) ;
#10165 = LINE ( 'NONE', #514, #2377 ) ;
#10166 = ORIENTED_EDGE ( 'NONE', *, *, #8000, .T. ) ;
#10167 = EDGE_CURVE ( 'NONE', #3848, #10653, #11895, .T. ) ;
#10168 = DIRECTION ( 'NONE',  ( -0.6193384587389308971, -0.000000000000000000, 0.7851241134539720390 ) ) ;
#10169 = ADVANCED_FACE ( 'NONE', ( #7273 ), #4213, .F. ) ;
#10170 = CARTESIAN_POINT ( 'NONE',  ( -152.6540836613067711, 500.6765072870878157, 338.2566931703472619 ) ) ;
#10171 = DIRECTION ( 'NONE',  ( -0.6193384587389315632, 0.000000000000000000, -0.7851241134539715949 ) ) ;
#10172 = CARTESIAN_POINT ( 'NONE',  ( -195.9912813140913670, 541.8058652951373233, 270.8672194064362770 ) ) ;
#10173 = VERTEX_POINT ( 'NONE', #6245 ) ;
#10174 = AXIS2_PLACEMENT_3D ( 'NONE', #12479, #2960, #3904 ) ;
#10175 = DIRECTION ( 'NONE',  ( 6.938893903907229364E-16, 0.000000000000000000, 1.000000000000000000 ) ) ;
#10176 = ADVANCED_FACE ( 'NONE', ( #8288 ), #2378, .F. ) ;
#10177 = VERTEX_POINT ( 'NONE', #10941 ) ;
#10178 = EDGE_CURVE ( 'NONE', #733, #9156, #163, .T. ) ;
#10179 = VERTEX_POINT ( 'NONE', #3259 ) ;
#10180 = DIRECTION ( 'NONE',  ( 0.000000000000000000, 0.000000000000000000, -1.000000000000000000 ) ) ;
#10181 = DIRECTION ( 'NONE',  ( 0.000000000000000000, 1.000000000000000000, 0.000000000000000000 ) ) ;
#10182 = ORIENTED_EDGE ( 'NONE', *, *, #6081, .F. ) ;
#10183 = DIRECTION ( 'NONE',  ( 0.000000000000000000, 0.000000000000000000, -1.000000000000000000 ) ) ;
#10184 = CARTESIAN_POINT ( 'NONE',  ( 249.3488900384526801, 501.6802010741481013, 194.9504196642338059 ) ) ;
#10185 = EDGE_LOOP ( 'NONE', ( #6504, #6148, #2747, #463 ) ) ;
#10186 = CARTESIAN_POINT ( 'NONE',  ( -211.1065180310490916, 540.9480574619587969, 281.9583716761551955 ) ) ;
#10187 = ORIENTED_EDGE ( 'NONE', *, *, #684, .T. ) ;
#10188 = ORIENTED_EDGE ( 'NONE', *, *, #10130, .T. ) ;
#10189 = CARTESIAN_POINT ( 'NONE',  ( -59.20020431027140262, 360.0000000000000000, 384.3406997176695086 ) ) ;
#10190 = ORIENTED_EDGE ( 'NONE', *, *, #9432, .F. ) ;
#10191 = EDGE_CURVE ( 'NONE', #1801, #9829, #9100, .T. ) ;
#10192 = EDGE_CURVE ( 'NONE', #8035, #11822, #3247, .T. ) ;
#10193 = CARTESIAN_POINT ( 'NONE',  ( -132.0792540082316009, 489.0205802199568552, 343.8142052428240163 ) ) ;
#10194 = VERTEX_POINT ( 'NONE', #3454 ) ;
#10195 = CLOSED_SHELL ( 'NONE', ( #9778, #10460, #7213, #10352 ) ) ;
#10196 = CARTESIAN_POINT ( 'NONE',  ( -70.18354552143790670, 120.0000000000000000, 370.0487020943512562 ) ) ;
#10197 = CARTESIAN_POINT ( 'NONE',  ( -178.6246463389078087, 500.5135984094184209, 302.9422028668142275 ) ) ;
#10198 = CYLINDRICAL_SURFACE ( 'NONE', #2309, 0.9584030404425902816 ) ;
#10199 = CARTESIAN_POINT ( 'NONE',  ( 148.0061200503009502, 117.0000000000000000, 352.8908367782720461 ) ) ;
#10200 = CARTESIAN_POINT ( 'NONE',  ( -143.1402892088107706, 490.2121367821007993, 346.1711886311481976 ) ) ;
#10201 = ORIENTED_EDGE ( 'NONE', *, *, #1549, .F. ) ;
#10202 = DIRECTION ( 'NONE',  ( 0.000000000000000000, 1.000000000000000000, 0.000000000000000000 ) ) ;
#10203 = EDGE_CURVE ( 'NONE', #6142, #7274, #6244, .T. ) ;
#10204 = EDGE_LOOP ( 'NONE', ( #8671, #9104, #7549, #3134, #1230, #7296, #446, #12074 ) ) ;
#10205 = AXIS2_PLACEMENT_3D ( 'NONE', #100, #6901, #10769 ) ;
#10206 = ADVANCED_FACE ( 'NONE', ( #3321 ), #11005, .T. ) ;
#10207 = EDGE_CURVE ( 'NONE', #9415, #8658, #1239, .T. ) ;
#10208 = CARTESIAN_POINT ( 'NONE',  ( -21.30323522931121261, 120.0000000000000000, 385.8071906031455001 ) ) ;
#10209 = DIRECTION ( 'NONE',  ( 0.000000000000000000, -0.9961946980917454342, -0.08715574274765799934 ) ) ;
#10210 = DIRECTION ( 'NONE',  ( 0.000000000000000000, 1.000000000000000000, 0.000000000000000000 ) ) ;
#10211 = DIRECTION ( 'NONE',  ( 1.000000000000000000, -0.000000000000000000, -0.000000000000000000 ) ) ;
#10212 = VERTEX_POINT ( 'NONE', #5358 ) ;
#10213 = DIRECTION ( 'NONE',  ( 0.000000000000000000, 1.000000000000000000, 0.000000000000000000 ) ) ;
#10214 = ADVANCED_FACE ( 'NONE', ( #10124 ), #5297, .T. ) ;
#10215 = CARTESIAN_POINT ( 'NONE',  ( -199.9999999999999716, 120.0000000000000000, 250.7734253594446443 ) ) ;
#10216 = LINE ( 'NONE', #8061, #4389 ) ;
#10217 = VECTOR ( 'NONE', #7284, 1000.000000000000000 ) ;
#10218 = FACE_OUTER_BOUND ( 'NONE', #2345, .T. ) ;
#10219 = ORIENTED_EDGE ( 'NONE', *, *, #661, .F. ) ;
#10220 = VERTEX_POINT ( 'NONE', #4147 ) ;
#10221 = ORIENTED_EDGE ( 'NONE', *, *, #7583, .T. ) ;
#10222 = B_SPLINE_SURFACE_WITH_KNOTS ( 'NONE', 3, 1, ( 
 ( #3685, #11431 ),
 ( #6606, #5715 ),
 ( #1966, #9715 ),
 ( #1077, #9773 ) ),
 .UNSPECIFIED., .F., .F., .F.,
 ( 4, 4 ),
 ( 2, 2 ),
 ( 0.3945017091309472312, 0.5999240819193907281 ),
 ( 0.000000000000000000, 1.000000000000000000 ),
 .UNSPECIFIED. ) ;
#10223 = DIRECTION ( 'NONE',  ( 0.7625037589850115483, 0.2383113124287892515, -0.6014945850979835917 ) ) ;
#10224 = ORIENTED_EDGE ( 'NONE', *, *, #9664, .T. ) ;
#10225 = ORIENTED_EDGE ( 'NONE', *, *, #6413, .T. ) ;
#10226 = DIRECTION ( 'NONE',  ( -0.000000000000000000, 1.000000000000000000, -0.000000000000000000 ) ) ;
#10227 = CIRCLE ( 'NONE', #4753, 0.7656912382572045317 ) ;
#10228 = DIRECTION ( 'NONE',  ( 1.000000000000000000, -0.000000000000000000, -0.000000000000000000 ) ) ;
#10229 = EDGE_CURVE ( 'NONE', #7171, #6636, #8031, .T. ) ;
#10230 = CARTESIAN_POINT ( 'NONE',  ( 192.9877427735605693, 117.0000000000000000, 332.2694703950618873 ) ) ;
#10231 = EDGE_LOOP ( 'NONE', ( #6348, #7903, #451, #10359 ) ) ;
#10232 = DIRECTION ( 'NONE',  ( -0.000000000000000000, 1.000000000000000000, -0.000000000000000000 ) ) ;
#10233 = CARTESIAN_POINT ( 'NONE',  ( 280.0034975552618448, 377.4823331915915787, 220.8783702419712824 ) ) ;
#10234 = DIRECTION ( 'NONE',  ( -0.000000000000000000, -1.000000000000000000, 0.000000000000000000 ) ) ;
#10235 = CYLINDRICAL_SURFACE ( 'NONE', #5493, 25.34415947953466741 ) ;
#10236 = ORIENTED_EDGE ( 'NONE', *, *, #71, .T. ) ;
#10237 = FACE_OUTER_BOUND ( 'NONE', #458, .T. ) ;
#10238 = VERTEX_POINT ( 'NONE', #6439 ) ;
#10239 = ADVANCED_FACE ( 'NONE', ( #3650 ), #8350, .F. ) ;
#10240 = EDGE_CURVE ( 'NONE', #10194, #5900, #9357, .T. ) ;
#10241 = VECTOR ( 'NONE', #4886, 1000.000000000000000 ) ;
#10242 = ORIENTED_EDGE ( 'NONE', *, *, #967, .T. ) ;
#10243 = CARTESIAN_POINT ( 'NONE',  ( 50.54164973558027896, 377.5347738228383037, 379.3351925415781238 ) ) ;
#10244 = LINE ( 'NONE', #8341, #5022 ) ;
#10245 = ORIENTED_EDGE ( 'NONE', *, *, #2883, .T. ) ;
#10246 = FACE_BOUND ( 'NONE', #11240, .T. ) ;
#10247 = DIRECTION ( 'NONE',  ( -0.7781004972741819570, -0.1564344650402309245, -0.6083484809623902478 ) ) ;
#10248 = VECTOR ( 'NONE', #7267, 1000.000000000000000 ) ;
#10249 = VERTEX_POINT ( 'NONE', #5423 ) ;
#10250 = CARTESIAN_POINT ( 'NONE',  ( -28.59784671783352650, 570.1499999999997499, 515.2091263269223873 ) ) ;
#10251 = VECTOR ( 'NONE', #3628, 1000.000000000000000 ) ;
#10252 = LINE ( 'NONE', #1550, #1031 ) ;
#10253 = VERTEX_POINT ( 'NONE', #4722 ) ;
#10254 = VERTEX_POINT ( 'NONE', #7522 ) ;
#10255 = DIRECTION ( 'NONE',  ( -1.000000000000000000, 0.000000000000000000, 0.000000000000000000 ) ) ;
#10256 = VERTEX_POINT ( 'NONE', #663 ) ;
#10257 = VECTOR ( 'NONE', #8985, 1000.000000000000000 ) ;
#10258 = DIRECTION ( 'NONE',  ( 0.000000000000000000, -1.000000000000000000, 0.000000000000000000 ) ) ;
#10259 = ORIENTED_EDGE ( 'NONE', *, *, #222, .F. ) ;
#10260 = VECTOR ( 'NONE', #10228, 1000.000000000000000 ) ;
#10261 = CARTESIAN_POINT ( 'NONE',  ( -130.5203249716377911, 120.0000000000000000, 368.2120121559648851 ) ) ;
#10262 = CARTESIAN_POINT ( 'NONE',  ( -171.6157891360268195, 120.0000000000000000, 349.9640353578183749 ) ) ;
#10263 = DIRECTION ( 'NONE',  ( 0.000000000000000000, 0.000000000000000000, 1.000000000000000000 ) ) ;
#10264 = VECTOR ( 'NONE', #7361, 1000.000000000000114 ) ;
#10265 = FACE_OUTER_BOUND ( 'NONE', #11446, .T. ) ;
#10266 = LINE ( 'NONE', #11153, #2393 ) ;
#10267 = ORIENTED_EDGE ( 'NONE', *, *, #9758, .F. ) ;
#10268 = CARTESIAN_POINT ( 'NONE',  ( -130.5203249716377911, 117.0000000000000000, 364.5075309989636025 ) ) ;
#10269 = ORIENTED_EDGE ( 'NONE', *, *, #6826, .F. ) ;
#10270 = CARTESIAN_POINT ( 'NONE',  ( -190.1818355124831328, 120.0000000000000000, 277.5473304590434509 ) ) ;
#10271 = CARTESIAN_POINT ( 'NONE',  ( -199.9999999999998863, -585.1500000000002046, 0.000000000000000000 ) ) ;
#10272 = CARTESIAN_POINT ( 'NONE',  ( -111.4464948675895073, 117.0000000000000000, 368.5173196178368471 ) ) ;
#10273 = FACE_OUTER_BOUND ( 'NONE', #3091, .T. ) ;
#10274 = B_SPLINE_CURVE_WITH_KNOTS ( 'NONE', 3,
 ( #680, #9245, #7998, #7289 ),
 .UNSPECIFIED., .F., .F.,
 ( 4, 4 ),
 ( 0.6153310052447810152, 0.7534681227297469475 ),
 .UNSPECIFIED. ) ;
#10275 = VERTEX_POINT ( 'NONE', #604 ) ;
#10276 = DIRECTION ( 'NONE',  ( 0.000000000000000000, 0.000000000000000000, -1.000000000000000000 ) ) ;
#10277 = EDGE_CURVE ( 'NONE', #515, #10508, #10252, .T. ) ;
#10278 = DIRECTION ( 'NONE',  ( 0.000000000000000000, 0.000000000000000000, -1.000000000000000000 ) ) ;
#10279 = DIRECTION ( 'NONE',  ( -0.7863899488082340961, 0.000000000000000000, 0.6177304010758924990 ) ) ;
#10280 = DIRECTION ( 'NONE',  ( -0.000000000000000000, 1.000000000000000000, -0.000000000000000000 ) ) ;
#10281 = ADVANCED_FACE ( 'NONE', ( #728 ), #1617, .F. ) ;
#10282 = ORIENTED_EDGE ( 'NONE', *, *, #12521, .F. ) ;
#10283 = CIRCLE ( 'NONE', #5012, 1.705470224525384992 ) ;
#10284 = ORIENTED_EDGE ( 'NONE', *, *, #4186, .T. ) ;
#10285 = ORIENTED_EDGE ( 'NONE', *, *, #10857, .F. ) ;
#10286 = CARTESIAN_POINT ( 'NONE',  ( 217.7143719835911213, 545.5936508138956924, 281.1448090454440489 ) ) ;
#10287 = VECTOR ( 'NONE', #1219, 1000.000000000000000 ) ;
#10288 = ORIENTED_EDGE ( 'NONE', *, *, #8258, .F. ) ;
#10289 = B_SPLINE_CURVE_WITH_KNOTS ( 'NONE', 3,
 ( #747, #4608, #3663, #11411 ),
 .UNSPECIFIED., .F., .F.,
 ( 4, 4 ),
 ( 0.000000000000000000, 1.000000000000000000 ),
 .UNSPECIFIED. ) ;
#10290 = ADVANCED_FACE ( 'NONE', ( #12274 ), #11539, .T. ) ;
#10291 = ORIENTED_EDGE ( 'NONE', *, *, #10483, .T. ) ;
#10292 = CARTESIAN_POINT ( 'NONE',  ( 66.12448390330172288, 355.0000000000000000, 375.9443499868726235 ) ) ;
#10293 = B_SPLINE_CURVE_WITH_KNOTS ( 'NONE', 3,
 ( #7873, #11736, #6914, #9649 ),
 .UNSPECIFIED., .F., .F.,
 ( 4, 4 ),
 ( 0.000000000000000000, 0.09477362003418668412 ),
 .UNSPECIFIED. ) ;
#10294 = PLANE ( 'NONE',  #8028 ) ;
#10295 = AXIS2_PLACEMENT_3D ( 'NONE', #2626, #9653, #3872 ) ;
#10296 = CYLINDRICAL_SURFACE ( 'NONE', #8217, 4.999999999999976907 ) ;
#10297 = VECTOR ( 'NONE', #790, 1000.000000000000000 ) ;
#10298 = ORIENTED_EDGE ( 'NONE', *, *, #3024, .F. ) ;
#10299 = DIRECTION ( 'NONE',  ( 0.000000000000000000, 0.000000000000000000, -1.000000000000000000 ) ) ;
#10300 = CARTESIAN_POINT ( 'NONE',  ( -200.0000000000000000, 557.7235931288067832, 250.7734253594445875 ) ) ;
#10301 = AXIS2_PLACEMENT_3D ( 'NONE', #9839, #1024, #62 ) ;
#10302 = LINE ( 'NONE', #11623, #1366 ) ;
#10303 = CARTESIAN_POINT ( 'NONE',  ( 102.8717205707466178, 117.0000000000000000, 380.2970430871540088 ) ) ;
#10304 = EDGE_CURVE ( 'NONE', #4632, #5389, #11396, .T. ) ;
#10305 = ORIENTED_EDGE ( 'NONE', *, *, #414, .T. ) ;
#10306 = CIRCLE ( 'NONE', #5428, 11.00000000000003020 ) ;
#10307 = DIRECTION ( 'NONE',  ( -0.6177089183133550598, -0.008339822323400140208, -0.7863626005856071410 ) ) ;
#10308 = ORIENTED_EDGE ( 'NONE', *, *, #7488, .T. ) ;
#10309 = VECTOR ( 'NONE', #9996, 1000.000000000000000 ) ;
#10310 = EDGE_CURVE ( 'NONE', #4122, #7205, #7587, .T. ) ;
#10311 = EDGE_LOOP ( 'NONE', ( #11006, #10605, #4329, #9227 ) ) ;
#10312 = CIRCLE ( 'NONE', #5644, 0.9454112335447462101 ) ;
#10313 = ADVANCED_FACE ( 'NONE', ( #10502 ), #12214, .F. ) ;
#10314 = CARTESIAN_POINT ( 'NONE',  ( 171.6157891360269332, 117.0000000000000000, 327.9680754845630304 ) ) ;
#10315 = ORIENTED_EDGE ( 'NONE', *, *, #1059, .F. ) ;
#10316 = DIRECTION ( 'NONE',  ( 0.000000000000000000, -0.08715574274765820750, 0.9961946980917455452 ) ) ;
#10317 = DIRECTION ( 'NONE',  ( 0.4264773558013880139, -0.9044982393507774443, 0.000000000000000000 ) ) ;
#10318 = AXIS2_PLACEMENT_3D ( 'NONE', #11302, #9390, #6409 ) ;
#10319 = VERTEX_POINT ( 'NONE', #1810 ) ;
#10320 = CARTESIAN_POINT ( 'NONE',  ( 0.000000000000000000, 385.0000000000000000, 0.000000000000000000 ) ) ;
#10321 = CARTESIAN_POINT ( 'NONE',  ( 21.30323522931127656, 117.0000000000000000, 383.8903845222603195 ) ) ;
#10322 = VERTEX_POINT ( 'NONE', #5677 ) ;
#10323 = ORIENTED_EDGE ( 'NONE', *, *, #11091, .T. ) ;
#10324 = LINE ( 'NONE', #2313, #9493 ) ;
#10325 = VERTEX_POINT ( 'NONE', #6501 ) ;
#10326 = CARTESIAN_POINT ( 'NONE',  ( -37.70961026099361391, 385.1539588257066384, 363.6028905178080208 ) ) ;
#10327 = ORIENTED_EDGE ( 'NONE', *, *, #7113, .T. ) ;
#10328 = CARTESIAN_POINT ( 'NONE',  ( 199.3624224227658033, 547.0643364084463656, 258.5205548866194363 ) ) ;
#10329 = DIRECTION ( 'NONE',  ( 0.000000000000000000, 0.000000000000000000, 1.000000000000000000 ) ) ;
#10330 = ADVANCED_FACE ( 'NONE', ( #1678 ), #4593, .T. ) ;
#10331 = CARTESIAN_POINT ( 'NONE',  ( -59.26671879462830361, 349.9999999999998863, 367.2715862585908440 ) ) ;
#10332 = DIRECTION ( 'NONE',  ( 1.133962590713343958E-15, 0.000000000000000000, -1.000000000000000000 ) ) ;
#10333 = CARTESIAN_POINT ( 'NONE',  ( 196.9739027461575915, 420.0000000000000000, 307.7293187483178372 ) ) ;
#10334 = ORIENTED_EDGE ( 'NONE', *, *, #4782, .F. ) ;
#10335 = LINE ( 'NONE', #7223, #4499 ) ;
#10336 = AXIS2_PLACEMENT_3D ( 'NONE', #8628, #3730, #7608 ) ;
#10337 = ORIENTED_EDGE ( 'NONE', *, *, #2905, .T. ) ;
#10338 = EDGE_CURVE ( 'NONE', #1649, #12277, #11375, .T. ) ;
#10339 = DIRECTION ( 'NONE',  ( 0.000000000000000000, 0.000000000000000000, 1.000000000000000000 ) ) ;
#10340 = DIRECTION ( 'NONE',  ( -1.000000000000000000, 0.000000000000000000, 0.000000000000000000 ) ) ;
#10341 = LINE ( 'NONE', #12232, #8715 ) ;
#10342 = LINE ( 'NONE', #12234, #6811 ) ;
#10343 = ORIENTED_EDGE ( 'NONE', *, *, #11872, .T. ) ;
#10344 = DIRECTION ( 'NONE',  ( 0.000000000000000000, 1.000000000000000000, 0.000000000000000000 ) ) ;
#10345 = DIRECTION ( 'NONE',  ( 0.000000000000000000, -1.000000000000000000, 0.000000000000000000 ) ) ;
#10346 = DIRECTION ( 'NONE',  ( 0.000000000000000000, 0.000000000000000000, -1.000000000000000000 ) ) ;
#10347 = DIRECTION ( 'NONE',  ( 0.000000000000000000, 0.000000000000000000, 1.000000000000000000 ) ) ;
#10348 = DIRECTION ( 'NONE',  ( 0.7625037589850115483, 0.2383113124287892515, -0.6014945850979835917 ) ) ;
#10349 = ORIENTED_EDGE ( 'NONE', *, *, #11552, .T. ) ;
#10350 = DIRECTION ( 'NONE',  ( -0.000000000000000000, 0.000000000000000000, 1.000000000000000000 ) ) ;
#10351 = ORIENTED_EDGE ( 'NONE', *, *, #10443, .T. ) ;
#10352 = ADVANCED_FACE ( 'NONE', ( #11523 ), #5546, .T. ) ;
#10353 = VECTOR ( 'NONE', #7990, 1000.000000000000000 ) ;
#10354 = VERTEX_POINT ( 'NONE', #10321 ) ;
#10355 = CARTESIAN_POINT ( 'NONE',  ( -59.20020431027140262, 385.0000000000000000, 384.3406997176695086 ) ) ;
#10356 = EDGE_CURVE ( 'NONE', #4122, #689, #10129, .T. ) ;
#10357 = CARTESIAN_POINT ( 'NONE',  ( 212.1416513271663291, 550.1499999999997499, 290.7593395996758545 ) ) ;
#10358 = LINE ( 'NONE', #5525, #10251 ) ;
#10359 = ORIENTED_EDGE ( 'NONE', *, *, #2913, .T. ) ;
#10360 = DIRECTION ( 'NONE',  ( 0.000000000000000000, 1.000000000000000000, -0.000000000000000000 ) ) ;
#10361 = VECTOR ( 'NONE', #3584, 1000.000000000000000 ) ;
#10362 = DIRECTION ( 'NONE',  ( -4.358314339725063901E-17, 1.000000000000000000, 3.438019084639097807E-17 ) ) ;
#10363 = DIRECTION ( 'NONE',  ( 1.000000000000000000, 0.000000000000000000, 0.000000000000000000 ) ) ;
#10364 = FACE_OUTER_BOUND ( 'NONE', #8320, .T. ) ;
#10365 = ORIENTED_EDGE ( 'NONE', *, *, #822, .F. ) ;
#10366 = LINE ( 'NONE', #8465, #5843 ) ;
#10367 = ORIENTED_EDGE ( 'NONE', *, *, #664, .T. ) ;
#10368 = VECTOR ( 'NONE', #4455, 1000.000000000000000 ) ;
#10369 = ORIENTED_EDGE ( 'NONE', *, *, #5779, .T. ) ;
#10370 = CARTESIAN_POINT ( 'NONE',  ( 185.7024822690794394, 550.1499999999997499, 275.8370128776635397 ) ) ;
#10371 = CARTESIAN_POINT ( 'NONE',  ( 116.3767717391520620, 442.6530411536430165, 392.5570525041795804 ) ) ;
#10372 = ORIENTED_EDGE ( 'NONE', *, *, #1640, .F. ) ;
#10373 = FACE_OUTER_BOUND ( 'NONE', #3950, .T. ) ;
#10374 = CARTESIAN_POINT ( 'NONE',  ( -51.27543428291507155, 378.2161028627631367, 378.3909812711591485 ) ) ;
#10375 = ORIENTED_EDGE ( 'NONE', *, *, #6576, .T. ) ;
#10376 = EDGE_CURVE ( 'NONE', #9908, #10975, #5483, .T. ) ;
#10377 = CARTESIAN_POINT ( 'NONE',  ( -188.7416663421355167, 340.0000000000000568, 264.9967481272447571 ) ) ;
#10378 = CARTESIAN_POINT ( 'NONE',  ( -59.26671879462830361, 350.3307626208624015, 376.8913562029470654 ) ) ;
#10379 = VERTEX_POINT ( 'NONE', #11699 ) ;
#10380 = ORIENTED_EDGE ( 'NONE', *, *, #7381, .T. ) ;
#10381 = DIRECTION ( 'NONE',  ( 0.000000000000000000, -1.000000000000000000, 0.000000000000000000 ) ) ;
#10382 = ORIENTED_EDGE ( 'NONE', *, *, #1236, .T. ) ;
#10383 = EDGE_CURVE ( 'NONE', #4490, #8945, #2867, .T. ) ;
#10384 = DIRECTION ( 'NONE',  ( 0.000000000000000000, 0.000000000000000000, -1.000000000000000000 ) ) ;
#10385 = VECTOR ( 'NONE', #11865, 1000.000000000000114 ) ;
#10386 = VERTEX_POINT ( 'NONE', #7950 ) ;
#10387 = CARTESIAN_POINT ( 'NONE',  ( 190.1818355124832465, 117.0000000000000000, 311.3514577545972202 ) ) ;
#10388 = CARTESIAN_POINT ( 'NONE',  ( -59.20020431027140262, 345.3533849292755917, 361.3157116688129236 ) ) ;
#10389 = CARTESIAN_POINT ( 'NONE',  ( 42.48496570340527967, 117.0000000000000000, 368.8290452823253531 ) ) ;
#10390 = DIRECTION ( 'NONE',  ( 1.000000000000000000, 0.000000000000000000, 0.000000000000000000 ) ) ;
#10391 = CARTESIAN_POINT ( 'NONE',  ( 0.000000000000000000, -585.1500000000002046, 400.0000000000000000 ) ) ;
#10392 = ORIENTED_EDGE ( 'NONE', *, *, #1443, .F. ) ;
#10393 = CARTESIAN_POINT ( 'NONE',  ( 155.1859559898163070, 501.6802010741481013, 314.5222588891678015 ) ) ;
#10394 = ORIENTED_EDGE ( 'NONE', *, *, #7415, .F. ) ;
#10395 = ADVANCED_FACE ( 'NONE', ( #1993 ), #12525, .T. ) ;
#10396 = EDGE_CURVE ( 'NONE', #9359, #11612, #11761, .T. ) ;
#10397 = DIRECTION ( 'NONE',  ( 0.7851241134539714839, -0.000000000000000000, -0.6193384587389316742 ) ) ;
#10398 = CARTESIAN_POINT ( 'NONE',  ( -14.47175039158921273, 120.0000000000000000, 368.8290452823252963 ) ) ;
#10399 = CARTESIAN_POINT ( 'NONE',  ( -200.0000000000000284, 540.1499999999996362, 380.0000000000000000 ) ) ;
#10400 = ORIENTED_EDGE ( 'NONE', *, *, #10046, .T. ) ;
#10401 = LINE ( 'NONE', #824, #6600 ) ;
#10402 = AXIS2_PLACEMENT_3D ( 'NONE', #3327, #415, #12027 ) ;
#10403 = DIRECTION ( 'NONE',  ( -0.000000000000000000, 1.000000000000000000, -0.000000000000000000 ) ) ;
#10404 = CARTESIAN_POINT ( 'NONE',  ( 198.1585008238807006, 120.0000000000000000, 259.4520779248261988 ) ) ;
#10405 = EDGE_CURVE ( 'NONE', #12148, #540, #6813, .T. ) ;
#10406 = CARTESIAN_POINT ( 'NONE',  ( 190.7868687004566368, 117.0000000000000000, 351.4274360680452673 ) ) ;
#10407 = CARTESIAN_POINT ( 'NONE',  ( -59.26671879462830361, 352.8780297085120310, 381.3608049543121865 ) ) ;
#10408 = VECTOR ( 'NONE', #11032, 1000.000000000000000 ) ;
#10409 = DIRECTION ( 'NONE',  ( 0.000000000000000000, 1.000000000000000000, 0.000000000000000000 ) ) ;
#10410 = VERTEX_POINT ( 'NONE', #5856 ) ;
#10411 = VERTEX_POINT ( 'NONE', #9736 ) ;
#10412 = LINE ( 'NONE', #7620, #12283 ) ;
#10413 = LINE ( 'NONE', #1717, #197 ) ;
#10414 = DIRECTION ( 'NONE',  ( -0.6193384587389315632, 0.000000000000000000, -0.7851241134539715949 ) ) ;
#10415 = ORIENTED_EDGE ( 'NONE', *, *, #12022, .F. ) ;
#10416 = CARTESIAN_POINT ( 'NONE',  ( -70.18354552143790670, 117.0000000000000000, 370.0487020943512562 ) ) ;
#10417 = DIRECTION ( 'NONE',  ( 0.000000000000000000, 0.000000000000000000, 1.000000000000000000 ) ) ;
#10418 = CARTESIAN_POINT ( 'NONE',  ( -150.7434431438182969, 500.7023032598628447, 340.6889977746241129 ) ) ;
#10419 = LINE ( 'NONE', #8527, #4479 ) ;
#10420 = EDGE_LOOP ( 'NONE', ( #8971, #1908, #2569, #2236, #4214 ) ) ;
#10421 = DIRECTION ( 'NONE',  ( -1.000000000000000000, 0.000000000000000000, -1.981605846146593378E-15 ) ) ;
#10422 = VERTEX_POINT ( 'NONE', #984 ) ;
#10423 = AXIS2_PLACEMENT_3D ( 'NONE', #1938, #5866, #3778 ) ;
#10424 = ORIENTED_EDGE ( 'NONE', *, *, #6155, .F. ) ;
#10425 = DIRECTION ( 'NONE',  ( 0.000000000000000000, 0.000000000000000000, 1.000000000000000000 ) ) ;
#10426 = CARTESIAN_POINT ( 'NONE',  ( -138.6532530255041422, 340.0000000000000568, 300.6102691009217551 ) ) ;
#10427 = ORIENTED_EDGE ( 'NONE', *, *, #9140, .F. ) ;
#10428 = EDGE_CURVE ( 'NONE', #6038, #5016, #7553, .T. ) ;
#10429 = CARTESIAN_POINT ( 'NONE',  ( 174.9943130982814523, 117.0000000000000000, 367.1410134558358322 ) ) ;
#10430 = CARTESIAN_POINT ( 'NONE',  ( -116.3767717391519767, 565.8524822690791325, 351.4274360680452105 ) ) ;
#10431 = ORIENTED_EDGE ( 'NONE', *, *, #4247, .F. ) ;
#10432 = AXIS2_PLACEMENT_3D ( 'NONE', #3959, #7963, #3253 ) ;
#10433 = EDGE_CURVE ( 'NONE', #3553, #6994, #3002, .T. ) ;
#10434 = CARTESIAN_POINT ( 'NONE',  ( 182.4264068711928530, 3.108256556292744757E-14, 382.4264068711929667 ) ) ;
#10435 = DIRECTION ( 'NONE',  ( 0.7625037589850115483, 0.2383113124287892515, -0.6014945850979835917 ) ) ;
#10436 = EDGE_CURVE ( 'NONE', #3185, #7363, #3465, .T. ) ;
#10437 = EDGE_CURVE ( 'NONE', #7364, #7205, #5870, .T. ) ;
#10438 = VECTOR ( 'NONE', #6972, 999.9999999999998863 ) ;
#10439 = ORIENTED_EDGE ( 'NONE', *, *, #10817, .F. ) ;
#10440 = VERTEX_POINT ( 'NONE', #8664 ) ;
#10441 = DIRECTION ( 'NONE',  ( -0.000000000000000000, 0.000000000000000000, 1.000000000000000000 ) ) ;
#10442 = ORIENTED_EDGE ( 'NONE', *, *, #10559, .F. ) ;
#10443 = EDGE_CURVE ( 'NONE', #8944, #7624, #10801, .T. ) ;
#10444 = AXIS2_PLACEMENT_3D ( 'NONE', #11226, #11031, #1577 ) ;
#10445 = CARTESIAN_POINT ( 'NONE',  ( 200.0000000000001705, -570.1500000000002046, 0.000000000000000000 ) ) ;
#10446 = ORIENTED_EDGE ( 'NONE', *, *, #629, .F. ) ;
#10447 = CYLINDRICAL_SURFACE ( 'NONE', #3029, 1.705470224525384992 ) ;
#10448 = VECTOR ( 'NONE', #2473, 1000.000000000000000 ) ;
#10449 = PLANE ( 'NONE',  #12248 ) ;
#10450 = CARTESIAN_POINT ( 'NONE',  ( -159.9882456869716520, 315.0000000000000568, 314.2360380188416116 ) ) ;
#10451 = PLANE ( 'NONE',  #1698 ) ;
#10452 = CARTESIAN_POINT ( 'NONE',  ( -174.9943130982813955, 117.0000000000000000, 290.9472914527384546 ) ) ;
#10453 = DIRECTION ( 'NONE',  ( 1.000000000000000000, 0.000000000000000000, 0.000000000000000000 ) ) ;
#10454 = VECTOR ( 'NONE', #1643, 1000.000000000000000 ) ;
#10455 = VERTEX_POINT ( 'NONE', #8777 ) ;
#10456 = CYLINDRICAL_SURFACE ( 'NONE', #5905, 1.705470224525384992 ) ;
#10457 = ADVANCED_FACE ( 'NONE', ( #23 ), #11603, .T. ) ;
#10458 = VERTEX_POINT ( 'NONE', #11300 ) ;
#10459 = CIRCLE ( 'NONE', #2568, 5.000000000000004441 ) ;
#10460 = ADVANCED_FACE ( 'NONE', ( #10039 ), #1584, .T. ) ;
#10461 = DIRECTION ( 'NONE',  ( 0.000000000000000000, 1.000000000000000000, -0.000000000000000000 ) ) ;
#10462 = CARTESIAN_POINT ( 'NONE',  ( -66.20020431027140262, 383.0054035202313685, 382.6229516748982746 ) ) ;
#10463 = DIRECTION ( 'NONE',  ( -0.000000000000000000, 1.000000000000000000, -0.000000000000000000 ) ) ;
#10464 = ORIENTED_EDGE ( 'NONE', *, *, #11215, .T. ) ;
#10465 = CARTESIAN_POINT ( 'NONE',  ( -132.3286688073715993, 370.0000000000001137, 343.4980266327372078 ) ) ;
#10466 = CARTESIAN_POINT ( 'NONE',  ( -130.5203249716377911, 117.0000000000000000, 376.8992487218270071 ) ) ;
#10467 = CARTESIAN_POINT ( 'NONE',  ( 130.5203249716378480, 117.0000000000000000, 359.5247755901028768 ) ) ;
#10468 = EDGE_CURVE ( 'NONE', #5113, #7971, #3179, .T. ) ;
#10469 = DIRECTION ( 'NONE',  ( 0.7625037589850115483, 0.2383113124287892515, -0.6014945850979835917 ) ) ;
#10470 = AXIS2_PLACEMENT_3D ( 'NONE', #10901, #10013, #11920 ) ;
#10471 = CARTESIAN_POINT ( 'NONE',  ( 74.86688931094020916, 365.0000000000000000, 370.8061429881302047 ) ) ;
#10472 = VECTOR ( 'NONE', #7346, 1000.000000000000000 ) ;
#10473 = DIRECTION ( 'NONE',  ( 0.7851241134539720390, 0.000000000000000000, 0.6193384587389311191 ) ) ;
#10474 = ORIENTED_EDGE ( 'NONE', *, *, #9111, .T. ) ;
#10475 = CARTESIAN_POINT ( 'NONE',  ( -158.5427290477400959, 90.00000000000000000, 278.8163079771102275 ) ) ;
#10476 = DIRECTION ( 'NONE',  ( 0.1924154613586764040, -0.9711530084039702304, -0.1408478771513641814 ) ) ;
#10477 = CARTESIAN_POINT ( 'NONE',  ( 85.99406992148860240, 365.0000000000000000, 376.2461525360348560 ) ) ;
#10478 = DIRECTION ( 'NONE',  ( 0.000000000000000000, 0.000000000000000000, 1.000000000000000000 ) ) ;
#10479 = ORIENTED_EDGE ( 'NONE', *, *, #630, .T. ) ;
#10480 = DIRECTION ( 'NONE',  ( 0.000000000000000000, -1.000000000000000000, 0.000000000000000000 ) ) ;
#10481 = VECTOR ( 'NONE', #7406, 1000.000000000000000 ) ;
#10482 = DIRECTION ( 'NONE',  ( -0.000000000000000000, 1.000000000000000000, -0.000000000000000000 ) ) ;
#10483 = EDGE_CURVE ( 'NONE', #11612, #11918, #7523, .T. ) ;
#10484 = CARTESIAN_POINT ( 'NONE',  ( -102.8717205707465610, 120.0000000000000000, 382.1878655542434444 ) ) ;
#10485 = AXIS2_PLACEMENT_3D ( 'NONE', #5469, #9278, #10171 ) ;
#10486 = DIRECTION ( 'NONE',  ( 0.000000000000000000, 0.000000000000000000, 1.000000000000000000 ) ) ;
#10487 = ORIENTED_EDGE ( 'NONE', *, *, #9226, .T. ) ;
#10488 = FACE_BOUND ( 'NONE', #9794, .T. ) ;
#10489 = ORIENTED_EDGE ( 'NONE', *, *, #7824, .T. ) ;
#10490 = VERTEX_POINT ( 'NONE', #5152 ) ;
#10491 = TOROIDAL_SURFACE ( 'NONE', #12109, 82.47470435369000086, 8.000000000000000000 ) ;
#10492 = VERTEX_POINT ( 'NONE', #9326 ) ;
#10493 = CARTESIAN_POINT ( 'NONE',  ( 101.6007906379338124, 570.1499999999996362, 350.4760366840108645 ) ) ;
#10494 = CARTESIAN_POINT ( 'NONE',  ( -192.9877427735604556, 120.0000000000000000, 332.2694703950617168 ) ) ;
#10495 = VECTOR ( 'NONE', #6903, 1000.000000000000000 ) ;
#10496 = ORIENTED_EDGE ( 'NONE', *, *, #11652, .F. ) ;
#10497 = DIRECTION ( 'NONE',  ( -0.7863899488082338740, 0.000000000000000000, 0.6177304010758926101 ) ) ;
#10498 = CARTESIAN_POINT ( 'NONE',  ( -139.5011983711571872, 370.0000000000001137, 299.0691970056345212 ) ) ;
#10499 = EDGE_LOOP ( 'NONE', ( #8116, #381, #12023, #4282 ) ) ;
#10500 = CARTESIAN_POINT ( 'NONE',  ( -0.000000000000000000, 447.6530411536430165, 351.4274360680452105 ) ) ;
#10501 = AXIS2_PLACEMENT_3D ( 'NONE', #2835, #3834, #5802 ) ;
#10502 = FACE_OUTER_BOUND ( 'NONE', #3356, .T. ) ;
#10503 = ORIENTED_EDGE ( 'NONE', *, *, #4243, .T. ) ;
#10504 = ADVANCED_FACE ( 'NONE', ( #9386 ), #1348, .F. ) ;
#10505 = AXIS2_PLACEMENT_3D ( 'NONE', #10333, #11284, #1822 ) ;
#10506 = EDGE_LOOP ( 'NONE', ( #7517, #126, #11841, #3868 ) ) ;
#10507 = CARTESIAN_POINT ( 'NONE',  ( -189.6281028363495125, 550.1499999999997499, 278.9337051713582696 ) ) ;
#10508 = VERTEX_POINT ( 'NONE', #697 ) ;
#10509 = EDGE_CURVE ( 'NONE', #4654, #195, #6992, .T. ) ;
#10510 = ADVANCED_FACE ( 'NONE', ( #7188 ), #10862, .T. ) ;
#10511 = VECTOR ( 'NONE', #11686, 1000.000000000000000 ) ;
#10512 = CARTESIAN_POINT ( 'NONE',  ( 0.000000000000000000, 416.8296090012182162, 382.7730451548061410 ) ) ;
#10513 = VERTEX_POINT ( 'NONE', #259 ) ;
#10514 = ADVANCED_FACE ( 'NONE', ( #10109 ), #633, .T. ) ;
#10515 = CARTESIAN_POINT ( 'NONE',  ( 190.7139890110308045, 548.8283159899575594, 269.4840168181990521 ) ) ;
#10516 = LINE ( 'NONE', #5687, #7795 ) ;
#10517 = CARTESIAN_POINT ( 'NONE',  ( -209.8001027814707697, 550.1499999999997499, 293.7276781552893112 ) ) ;
#10518 = FACE_OUTER_BOUND ( 'NONE', #5172, .T. ) ;
#10519 = EDGE_CURVE ( 'NONE', #5441, #7835, #7060, .T. ) ;
#10520 = CARTESIAN_POINT ( 'NONE',  ( -178.6246463389078087, 500.5135984094184209, 302.9422028668142275 ) ) ;
#10521 = AXIS2_PLACEMENT_3D ( 'NONE', #4879, #4936, #2141 ) ;
#10522 = VERTEX_POINT ( 'NONE', #1011 ) ;
#10523 = DIRECTION ( 'NONE',  ( -1.000000000000000000, 0.000000000000000000, 0.000000000000000000 ) ) ;
#10524 = ORIENTED_EDGE ( 'NONE', *, *, #4222, .F. ) ;
#10525 = DIRECTION ( 'NONE',  ( 0.000000000000000000, 0.000000000000000000, -1.000000000000000000 ) ) ;
#10526 = CARTESIAN_POINT ( 'NONE',  ( -132.3286688073715993, 370.0000000000001137, 343.4980266327372078 ) ) ;
#10527 = LINE ( 'NONE', #1063, #8831 ) ;
#10528 = ORIENTED_EDGE ( 'NONE', *, *, #6077, .T. ) ;
#10529 = DIRECTION ( 'NONE',  ( 0.000000000000000000, 0.000000000000000000, -1.000000000000000000 ) ) ;
#10530 = LINE ( 'NONE', #3543, #887 ) ;
#10531 = CARTESIAN_POINT ( 'NONE',  ( 198.8951004943280054, 120.0000000000000000, 257.3289708980892669 ) ) ;
#10532 = EDGE_CURVE ( 'NONE', #5094, #12082, #8694, .T. ) ;
#10533 = CARTESIAN_POINT ( 'NONE',  ( -171.6157891360268195, 117.0000000000000000, 290.9472914527384546 ) ) ;
#10534 = AXIS2_PLACEMENT_3D ( 'NONE', #1451, #1389, #11095 ) ;
#10535 = CARTESIAN_POINT ( 'NONE',  ( -190.1818355124831328, 117.0000000000000000, 311.3514577545970496 ) ) ;
#10536 = ORIENTED_EDGE ( 'NONE', *, *, #709, .F. ) ;
#10537 = ORIENTED_EDGE ( 'NONE', *, *, #1827, .F. ) ;
#10538 = CARTESIAN_POINT ( 'NONE',  ( -130.5203249716377911, 117.0000000000000000, 368.2120121559648851 ) ) ;
#10539 = CARTESIAN_POINT ( 'NONE',  ( 2.081899558550500674E-14, 570.1499999999997499, 175.7695561956705319 ) ) ;
#10540 = VECTOR ( 'NONE', #10001, 1000.000000000000000 ) ;
#10541 = LINE ( 'NONE', #11370, #3340 ) ;
#10542 = ORIENTED_EDGE ( 'NONE', *, *, #10076, .F. ) ;
#10543 = PLANE ( 'NONE',  #7811 ) ;
#10544 = DIRECTION ( 'NONE',  ( 0.000000000000000000, 0.000000000000000000, 1.000000000000000000 ) ) ;
#10545 = CARTESIAN_POINT ( 'NONE',  ( -59.20020431027140972, 357.7399038299451490, 357.5303355533631020 ) ) ;
#10546 = DIRECTION ( 'NONE',  ( 0.000000000000000000, 0.000000000000000000, 1.000000000000000000 ) ) ;
#10547 = VECTOR ( 'NONE', #2571, 1000.000000000000114 ) ;
#10548 = ORIENTED_EDGE ( 'NONE', *, *, #5044, .T. ) ;
#10549 = CARTESIAN_POINT ( 'NONE',  ( -154.9399066220875625, 340.0000000000000568, 281.4648045302496939 ) ) ;
#10550 = ORIENTED_EDGE ( 'NONE', *, *, #12296, .T. ) ;
#10551 = ORIENTED_EDGE ( 'NONE', *, *, #7875, .T. ) ;
#10552 = ADVANCED_FACE ( 'NONE', ( #7682 ), #2826, .T. ) ;
#10553 = EDGE_CURVE ( 'NONE', #10762, #4963, #6784, .T. ) ;
#10554 = FACE_OUTER_BOUND ( 'NONE', #10125, .T. ) ;
#10555 = VERTEX_POINT ( 'NONE', #3859 ) ;
#10556 = DIRECTION ( 'NONE',  ( -0.6177089183133551709, -0.008339822323399850509, -0.7863626005856070300 ) ) ;
#10557 = DIRECTION ( 'NONE',  ( -0.000000000000000000, -1.000000000000000000, -0.000000000000000000 ) ) ;
#10558 = CYLINDRICAL_SURFACE ( 'NONE', #9000, 1.070998700129166536 ) ;
#10559 = EDGE_CURVE ( 'NONE', #6771, #10883, #2458, .T. ) ;
#10560 = CARTESIAN_POINT ( 'NONE',  ( -66.20020431027140262, 350.7171442050511132, 378.5051874016515399 ) ) ;
#10561 = EDGE_CURVE ( 'NONE', #6293, #1418, #4694, .T. ) ;
#10562 = VECTOR ( 'NONE', #4630, 1000.000000000000000 ) ;
#10563 = ORIENTED_EDGE ( 'NONE', *, *, #2909, .T. ) ;
#10564 = CARTESIAN_POINT ( 'NONE',  ( -200.0000000000000284, 540.1499999999996362, 250.7734253594445875 ) ) ;
#10565 = ORIENTED_EDGE ( 'NONE', *, *, #11136, .T. ) ;
#10566 = CARTESIAN_POINT ( 'NONE',  ( 0.000000000000000000, 315.0000000000000568, 0.000000000000000000 ) ) ;
#10567 = CARTESIAN_POINT ( 'NONE',  ( -227.1074468072383183, 443.4226777085931417, 287.9337328837804648 ) ) ;
#10568 = ORIENTED_EDGE ( 'NONE', *, *, #10657, .F. ) ;
#10569 = VECTOR ( 'NONE', #6775, 1000.000000000000227 ) ;
#10570 = CARTESIAN_POINT ( 'NONE',  ( -188.4763652879577478, 117.0000000000000000, 277.5473304590434509 ) ) ;
#10571 = AXIS2_PLACEMENT_3D ( 'NONE', #4644, #5658, #12445 ) ;
#10572 = CARTESIAN_POINT ( 'NONE',  ( -59.20020431027140972, 352.7778575094077951, 381.2573938590627449 ) ) ;
#10573 = CARTESIAN_POINT ( 'NONE',  ( -211.8885251457196830, 549.7947094537274779, 290.9394574447226773 ) ) ;
#10574 = CARTESIAN_POINT ( 'NONE',  ( 200.0000000000001705, -570.1500000000002046, 380.0000000000000000 ) ) ;
#10575 = DIRECTION ( 'NONE',  ( 0.000000000000000000, -0.9961946980917454342, -0.08715574274765799934 ) ) ;
#10576 = ORIENTED_EDGE ( 'NONE', *, *, #11049, .T. ) ;
#10577 = DIRECTION ( 'NONE',  ( -0.000000000000000000, -1.000000000000000000, -0.000000000000000000 ) ) ;
#10578 = VECTOR ( 'NONE', #3261, 1000.000000000000000 ) ;
#10579 = ORIENTED_EDGE ( 'NONE', *, *, #8762, .T. ) ;
#10580 = CARTESIAN_POINT ( 'NONE',  ( 63.87115989019968509, 377.5347738228383037, 379.3351925415781238 ) ) ;
#10581 = DIRECTION ( 'NONE',  ( 0.000000000000000000, -0.08715574274764570362, 0.9961946980917466554 ) ) ;
#10582 = FACE_OUTER_BOUND ( 'NONE', #1304, .T. ) ;
#10583 = VERTEX_POINT ( 'NONE', #4817 ) ;
#10584 = CARTESIAN_POINT ( 'NONE',  ( -130.5203249716377911, 117.0000000000000000, 368.2120121559648851 ) ) ;
#10585 = CARTESIAN_POINT ( 'NONE',  ( -164.6850016612867194, 555.1982256809940282, 342.2792099597633069 ) ) ;
#10586 = PLANE ( 'NONE',  #2353 ) ;
#10587 = EDGE_CURVE ( 'NONE', #10179, #5441, #953, .T. ) ;
#10588 = DIRECTION ( 'NONE',  ( 0.000000000000000000, 0.000000000000000000, 1.000000000000000000 ) ) ;
#10589 = CARTESIAN_POINT ( 'NONE',  ( -167.3215075787352646, 370.0000000000001137, 273.5368941962372560 ) ) ;
#10590 = EDGE_CURVE ( 'NONE', #9558, #7152, #12382, .T. ) ;
#10591 = EDGE_CURVE ( 'NONE', #7156, #5410, #9642, .T. ) ;
#10592 = DATE_AND_TIME ( #6728, #5852 ) ;
#10593 = ORIENTED_EDGE ( 'NONE', *, *, #765, .T. ) ;
#10594 = ORIENTED_EDGE ( 'NONE', *, *, #6472, .T. ) ;
#10595 = DIRECTION ( 'NONE',  ( -0.6193384587389274554, 0.000000000000000000, -0.7851241134539747035 ) ) ;
#10596 = ADVANCED_FACE ( 'NONE', ( #3619 ), #10652, .F. ) ;
#10597 = AXIS2_PLACEMENT_3D ( 'NONE', #8669, #6642, #3715 ) ;
#10598 = CARTESIAN_POINT ( 'NONE',  ( 200.0000000000001705, -570.1500000000002046, 0.000000000000000000 ) ) ;
#10599 = CARTESIAN_POINT ( 'NONE',  ( 0.000000000000000000, 540.1499999999996362, 350.0000000000000000 ) ) ;
#10600 = ORIENTED_EDGE ( 'NONE', *, *, #6051, .T. ) ;
#10601 = CARTESIAN_POINT ( 'NONE',  ( 111.3767717391520620, 442.6530411536430165, 392.5570525041796373 ) ) ;
#10602 = DIRECTION ( 'NONE',  ( -0.000000000000000000, 0.08715574274765820750, -0.9961946980917455452 ) ) ;
#10603 = DIRECTION ( 'NONE',  ( 1.000000000000000000, -0.000000000000000000, -0.000000000000000000 ) ) ;
#10604 = DIRECTION ( 'NONE',  ( 0.000000000000000000, 0.000000000000000000, -1.000000000000000000 ) ) ;
#10605 = ORIENTED_EDGE ( 'NONE', *, *, #3486, .T. ) ;
#10606 = DIRECTION ( 'NONE',  ( 0.000000000000000000, -0.08715574274765820750, 0.9961946980917455452 ) ) ;
#10607 = EDGE_LOOP ( 'NONE', ( #8965, #6126, #3138, #9537, #5400, #11912 ) ) ;
#10608 = EDGE_CURVE ( 'NONE', #8464, #10117, #4971, .T. ) ;
#10609 = EDGE_LOOP ( 'NONE', ( #6736, #6817 ) ) ;
#10610 = AXIS2_PLACEMENT_3D ( 'NONE', #4556, #11422, #4497 ) ;
#10611 = ADVANCED_FACE ( 'NONE', ( #12557 ), #2800, .T. ) ;
#10612 = PLANE ( 'NONE',  #9271 ) ;
#10613 = ORIENTED_EDGE ( 'NONE', *, *, #4924, .T. ) ;
#10614 = DIRECTION ( 'NONE',  ( 0.4278087401163122583, -0.9004297881148370930, -0.07877739876108601214 ) ) ;
#10615 = DIRECTION ( 'NONE',  ( 0.000000000000000000, 0.000000000000000000, -1.000000000000000000 ) ) ;
#10616 = B_SPLINE_SURFACE_WITH_KNOTS ( 'NONE', 3, 1, ( 
 ( #1741, #2445 ),
 ( #8410, #12153 ),
 ( #3646, #10377 ),
 ( #9356, #5545 ) ),
 .UNSPECIFIED., .F., .F., .F.,
 ( 4, 4 ),
 ( 2, 2 ),
 ( 0.000000000000000000, 0.09477362003418650371 ),
 ( 0.000000000000000000, 1.000000000000000000 ),
 .UNSPECIFIED. ) ;
#10617 = LINE ( 'NONE', #6695, #4945 ) ;
#10618 = ORIENTED_EDGE ( 'NONE', *, *, #12295, .F. ) ;
#10619 = AXIS2_PLACEMENT_3D ( 'NONE', #11081, #10003, #4353 ) ;
#10620 = EDGE_CURVE ( 'NONE', #10177, #1929, #840, .T. ) ;
#10621 = DIRECTION ( 'NONE',  ( -0.7071067811866894592, 0.000000000000000000, -0.7071067811864055752 ) ) ;
#10622 = CARTESIAN_POINT ( 'NONE',  ( -185.7024822690794963, 550.1499999999997499, 275.8370128776634829 ) ) ;
#10623 = ADVANCED_FACE ( 'NONE', ( #7555 ), #12495, .F. ) ;
#10624 = EDGE_LOOP ( 'NONE', ( #4240, #9135, #1679, #11391 ) ) ;
#10625 = CARTESIAN_POINT ( 'NONE',  ( -132.0792540082314019, 550.1499999999997499, 343.8142052428237889 ) ) ;
#10626 = VERTEX_POINT ( 'NONE', #2911 ) ;
#10627 = CARTESIAN_POINT ( 'NONE',  ( -59.20020431027140262, 350.8979939905720471, 361.9808941191034819 ) ) ;
#10628 = DIRECTION ( 'NONE',  ( 0.000000000000000000, 0.000000000000000000, -1.000000000000000000 ) ) ;
#10629 = ORIENTED_EDGE ( 'NONE', *, *, #4609, .T. ) ;
#10630 = CARTESIAN_POINT ( 'NONE',  ( -59.20020431027140262, 349.7463941653630854, 367.3287789599734197 ) ) ;
#10631 = DIRECTION ( 'NONE',  ( -0.000000000000000000, 1.000000000000000000, -0.000000000000000000 ) ) ;
#10632 = FACE_OUTER_BOUND ( 'NONE', #2343, .T. ) ;
#10633 = MANIFOLD_SOLID_BREP ( 'Yükseklik-Ekstrüzyon45[1]', #4784 ) ;
#10634 = DIRECTION ( 'NONE',  ( -0.000000000000000000, 1.000000000000000000, -0.000000000000000000 ) ) ;
#10635 = EDGE_CURVE ( 'NONE', #3272, #2892, #433, .T. ) ;
#10636 = CYLINDRICAL_SURFACE ( 'NONE', #6032, 3.093108195208504885 ) ;
#10637 = EDGE_CURVE ( 'NONE', #10871, #563, #9707, .T. ) ;
#10638 = ORIENTED_EDGE ( 'NONE', *, *, #1549, .T. ) ;
#10639 = CARTESIAN_POINT ( 'NONE',  ( 70.18354552143794933, 120.0000000000000000, 385.8071906031455569 ) ) ;
#10640 = AXIS2_PLACEMENT_3D ( 'NONE', #8343, #10316, #722 ) ;
#10641 = ORIENTED_EDGE ( 'NONE', *, *, #3905, .T. ) ;
#10642 = VECTOR ( 'NONE', #8266, 1000.000000000000114 ) ;
#10643 = FACE_OUTER_BOUND ( 'NONE', #2337, .T. ) ;
#10644 = DIRECTION ( 'NONE',  ( 0.000000000000000000, 0.000000000000000000, 1.000000000000000000 ) ) ;
#10645 = CARTESIAN_POINT ( 'NONE',  ( -187.0218920813575778, 554.8177517390718094, 313.8123964954401686 ) ) ;
#10646 = DIRECTION ( 'NONE',  ( -0.6193384587389317852, 0.000000000000000000, -0.7851241134539713729 ) ) ;
#10647 = DIRECTION ( 'NONE',  ( 0.000000000000000000, 0.000000000000000000, 1.000000000000000000 ) ) ;
#10648 = CARTESIAN_POINT ( 'NONE',  ( -199.3656316714202035, 554.5984970748237401, 298.0775936582605254 ) ) ;
#10649 = VECTOR ( 'NONE', #7677, 1000.000000000000114 ) ;
#10650 = DIRECTION ( 'NONE',  ( -0.000000000000000000, -1.000000000000000000, 0.000000000000000000 ) ) ;
#10651 = VECTOR ( 'NONE', #3923, 1000.000000000000000 ) ;
#10652 = PLANE ( 'NONE',  #6294 ) ;
#10653 = VERTEX_POINT ( 'NONE', #8513 ) ;
#10654 = DESIGN_CONTEXT ( 'detailed design', #8561, 'design' ) ;
#10655 = ORIENTED_EDGE ( 'NONE', *, *, #264, .F. ) ;
#10656 = DIRECTION ( 'NONE',  ( 0.000000000000000000, 0.000000000000000000, 1.000000000000000000 ) ) ;
#10657 = EDGE_CURVE ( 'NONE', #2630, #10354, #6715, .T. ) ;
#10658 = PLANE ( 'NONE',  #5662 ) ;
#10659 = CIRCLE ( 'NONE', #1946, 3.093108195208626121 ) ;
#10660 = CARTESIAN_POINT ( 'NONE',  ( 148.0061200503010070, 117.0000000000000000, 349.9640353578184886 ) ) ;
#10661 = EDGE_LOOP ( 'NONE', ( #3774, #2159, #2224, #7826 ) ) ;
#10662 = AXIS2_PLACEMENT_3D ( 'NONE', #5523, #9393, #639 ) ;
#10663 = ADVANCED_FACE ( 'NONE', ( #11665 ), #7921, .T. ) ;
#10664 = DIRECTION ( 'NONE',  ( 0.000000000000000000, 0.000000000000000000, -1.000000000000000000 ) ) ;
#10665 = CARTESIAN_POINT ( 'NONE',  ( -280.0034975552616743, 443.4226777085931417, 220.8783702419715951 ) ) ;
#10666 = PLANE ( 'NONE',  #10879 ) ;
#10667 = VECTOR ( 'NONE', #1660, 1000.000000000000000 ) ;
#10668 = CARTESIAN_POINT ( 'NONE',  ( -50.51394905014938530, 365.0000000000000000, 370.8061429881302047 ) ) ;
#10669 = EDGE_CURVE ( 'NONE', #8569, #12124, #9774, .T. ) ;
#10670 = VERTEX_POINT ( 'NONE', #2139 ) ;
#10671 = CARTESIAN_POINT ( 'NONE',  ( 148.0061200503009502, 120.0000000000000000, 352.8908367782720461 ) ) ;
#10672 = VERTEX_POINT ( 'NONE', #4934 ) ;
#10673 = VERTEX_POINT ( 'NONE', #2969 ) ;
#10674 = AXIS2_PLACEMENT_3D ( 'NONE', #6842, #2018, #227 ) ;
#10675 = CARTESIAN_POINT ( 'NONE',  ( 173.3050511171542212, 117.0000000000000000, 290.9472914527386251 ) ) ;
#10676 = ORIENTED_EDGE ( 'NONE', *, *, #2250, .F. ) ;
#10677 = CARTESIAN_POINT ( 'NONE',  ( -183.2006110463806294, 554.8693436846220948, 318.6770057039939275 ) ) ;
#10678 = CARTESIAN_POINT ( 'NONE',  ( 190.1818355124832465, 117.0000000000000000, 311.3514577545972202 ) ) ;
#10679 = FACE_OUTER_BOUND ( 'NONE', #1414, .T. ) ;
#10680 = DIRECTION ( 'NONE',  ( -1.000000000000000000, -0.000000000000000000, -0.000000000000000000 ) ) ;
#10681 = EDGE_CURVE ( 'NONE', #913, #9396, #5911, .T. ) ;
#10682 = CYLINDRICAL_SURFACE ( 'NONE', #10956, 2.000000000000020428 ) ;
#10683 = DIRECTION ( 'NONE',  ( -0.7625037589850115483, -0.2383113124287892515, 0.6014945850979835917 ) ) ;
#10684 = EDGE_CURVE ( 'NONE', #11916, #6002, #9826, .T. ) ;
#10685 = ORIENTED_EDGE ( 'NONE', *, *, #10396, .F. ) ;
#10686 = CIRCLE ( 'NONE', #6834, 1.100437036551937808 ) ;
#10687 = PLANE ( 'NONE',  #567 ) ;
#10688 = AXIS2_PLACEMENT_3D ( 'NONE', #1608, #2822, #5601 ) ;
#10689 = ORIENTED_EDGE ( 'NONE', *, *, #9280, .F. ) ;
#10690 = EDGE_CURVE ( 'NONE', #579, #3, #6004, .T. ) ;
#10691 = AXIS2_PLACEMENT_3D ( 'NONE', #5147, #2293, #6156 ) ;
#10692 = CARTESIAN_POINT ( 'NONE',  ( -181.6027921189752590, 500.1541665992429557, 301.3519906816746357 ) ) ;
#10693 = DIRECTION ( 'NONE',  ( -0.6193384587389297868, 0.000000000000000000, -0.7851241134539729272 ) ) ;
#10694 = VERTEX_POINT ( 'NONE', #11729 ) ;
#10695 = CARTESIAN_POINT ( 'NONE',  ( -59.20020431027140262, 360.0000000000000000, 357.2715862585909008 ) ) ;
#10696 = DIRECTION ( 'NONE',  ( 0.000000000000000000, -1.000000000000000000, 0.000000000000000000 ) ) ;
#10697 = CARTESIAN_POINT ( 'NONE',  ( -217.3296600349052028, 540.1499999999996362, 280.2206092060299625 ) ) ;
#10698 = CYLINDRICAL_SURFACE ( 'NONE', #4935, 1.100437036551937808 ) ;
#10699 = AXIS2_PLACEMENT_3D ( 'NONE', #6860, #6919, #10729 ) ;
#10700 = CARTESIAN_POINT ( 'NONE',  ( -138.6532530255041422, 370.0000000000001137, 300.6102691009217551 ) ) ;
#10701 = ORIENTED_EDGE ( 'NONE', *, *, #2012, .T. ) ;
#10702 = CARTESIAN_POINT ( 'NONE',  ( 59.34243920159818231, 355.0000000000000000, 385.9443499868726803 ) ) ;
#10703 = VECTOR ( 'NONE', #4134, 1000.000000000000000 ) ;
#10704 = VECTOR ( 'NONE', #3137, 1000.000000000000114 ) ;
#10705 = DIRECTION ( 'NONE',  ( 1.000000000000000000, -0.000000000000000000, -0.000000000000000000 ) ) ;
#10706 = AXIS2_PLACEMENT_3D ( 'NONE', #3212, #5369, #6189 ) ;
#10707 = EDGE_CURVE ( 'NONE', #7563, #1676, #3148, .T. ) ;
#10708 = DIRECTION ( 'NONE',  ( -0.7851241134539720390, 0.000000000000000000, -0.6193384587389308971 ) ) ;
#10709 = ADVANCED_FACE ( 'NONE', ( #7026 ), #11789, .T. ) ;
#10710 = CARTESIAN_POINT ( 'NONE',  ( 188.4763652879578615, 120.0000000000000000, 311.3514577545972202 ) ) ;
#10711 = DIRECTION ( 'NONE',  ( 0.7625037589850115483, 0.2383113124287892792, -0.6014945850979835917 ) ) ;
#10712 = LINE ( 'NONE', #5880, #1760 ) ;
#10713 = CIRCLE ( 'NONE', #8498, 25.34415947953466741 ) ;
#10714 = CARTESIAN_POINT ( 'NONE',  ( -111.3767717391519767, 442.6530411536430165, 401.4274360680452105 ) ) ;
#10715 = CARTESIAN_POINT ( 'NONE',  ( -197.4549911539317577, 554.6242930475989397, 300.5098982625374333 ) ) ;
#10716 = EDGE_CURVE ( 'NONE', #9354, #7874, #10897, .T. ) ;
#10717 = CALENDAR_DATE ( 2022, 29, 1 ) ;
#10718 = ORIENTED_EDGE ( 'NONE', *, *, #5864, .T. ) ;
#10719 = LOCAL_TIME ( 15, 55, 4.000000000000000000, #4041 ) ;
#10720 = DIRECTION ( 'NONE',  ( 0.000000000000000000, 0.000000000000000000, 1.000000000000000000 ) ) ;
#10721 = CARTESIAN_POINT ( 'NONE',  ( 163.4842185463905082, 447.7225322203747737, 368.5877435923812300 ) ) ;
#10722 = CARTESIAN_POINT ( 'NONE',  ( 132.0792540082315725, 447.7225322203747737, 343.8142052428238458 ) ) ;
#10723 = PLANE ( 'NONE',  #413 ) ;
#10724 = CARTESIAN_POINT ( 'NONE',  ( -178.6635296935847350, 357.5000000000000000, 318.8681731742009333 ) ) ;
#10725 = VERTEX_POINT ( 'NONE', #2206 ) ;
#10726 = DIRECTION ( 'NONE',  ( -0.000000000000000000, 0.000000000000000000, -1.000000000000000000 ) ) ;
#10727 = CARTESIAN_POINT ( 'NONE',  ( -59.26671879462830361, 357.7399038299451490, 357.5303355533629883 ) ) ;
#10728 = AXIS2_PLACEMENT_3D ( 'NONE', #9897, #11616, #8758 ) ;
#10729 = DIRECTION ( 'NONE',  ( 0.000000000000000000, -0.9961946980917455452, -0.08715574274765781893 ) ) ;
#10730 = ADVANCED_FACE ( 'NONE', ( #10774 ), #6067, .T. ) ;
#10731 = CARTESIAN_POINT ( 'NONE',  ( -199.9999999999998863, -570.1500000000002046, 380.0000000000000000 ) ) ;
#10732 = ORIENTED_EDGE ( 'NONE', *, *, #9176, .F. ) ;
#10733 = EDGE_LOOP ( 'NONE', ( #8108, #10749 ) ) ;
#10734 = LINE ( 'NONE', #2160, #990 ) ;
#10735 = ORIENTED_EDGE ( 'NONE', *, *, #2319, .F. ) ;
#10736 = AXIS2_PLACEMENT_3D ( 'NONE', #1062, #9701, #11545 ) ;
#10737 = ORIENTED_EDGE ( 'NONE', *, *, #8585, .T. ) ;
#10738 = DIRECTION ( 'NONE',  ( -0.000000000000000000, 1.000000000000000000, -0.000000000000000000 ) ) ;
#10739 = ORIENTED_EDGE ( 'NONE', *, *, #1251, .T. ) ;
#10740 = DIRECTION ( 'NONE',  ( -0.7625037589850115483, -0.2383113124287892515, 0.6014945850979835917 ) ) ;
#10741 = EDGE_CURVE ( 'NONE', #4348, #6950, #11384, .T. ) ;
#10742 = CARTESIAN_POINT ( 'NONE',  ( 165.0713021149375663, 352.5000000000000000, 331.1634153273903962 ) ) ;
#10743 = VERTEX_POINT ( 'NONE', #3916 ) ;
#10744 = EDGE_CURVE ( 'NONE', #7544, #1466, #3086, .T. ) ;
#10745 = DIRECTION ( 'NONE',  ( 0.6193384587389297868, 0.000000000000000000, 0.7851241134539729272 ) ) ;
#10746 = CARTESIAN_POINT ( 'NONE',  ( -179.6664697521324570, 568.6177831371688853, 259.3655743338955517 ) ) ;
#10747 = ORIENTED_EDGE ( 'NONE', *, *, #5840, .F. ) ;
#10748 = CARTESIAN_POINT ( 'NONE',  ( -50.11788553818409753, 375.7797539217215785, 378.1778283584246765 ) ) ;
#10749 = ORIENTED_EDGE ( 'NONE', *, *, #10938, .T. ) ;
#10750 = ADVANCED_FACE ( 'NONE', ( #7861 ), #10832, .F. ) ;
#10751 = DIRECTION ( 'NONE',  ( -1.000000000000000000, -2.518906408803957098E-16, 0.000000000000000000 ) ) ;
#10752 = DIRECTION ( 'NONE',  ( 0.000000000000000000, 0.000000000000000000, 1.000000000000000000 ) ) ;
#10753 = EDGE_LOOP ( 'NONE', ( #10689, #1212, #8578, #8657 ) ) ;
#10754 = ADVANCED_FACE ( 'NONE', ( #6962 ), #10682, .T. ) ;
#10755 = CARTESIAN_POINT ( 'NONE',  ( 130.5203249716378480, 120.0000000000000000, 370.3270121559649510 ) ) ;
#10756 = CARTESIAN_POINT ( 'NONE',  ( -63.99995451995625473, 374.0785508645338382, 377.9443499868726803 ) ) ;
#10757 = CARTESIAN_POINT ( 'NONE',  ( -217.5072345499922335, 542.4404068397682295, 280.9029572019983334 ) ) ;
#10758 = FACE_OUTER_BOUND ( 'NONE', #1101, .T. ) ;
#10759 = VECTOR ( 'NONE', #6533, 1000.000000000000000 ) ;
#10760 = VECTOR ( 'NONE', #10180, 1000.000000000000000 ) ;
#10761 = DIRECTION ( 'NONE',  ( -1.000000000000000000, -0.000000000000000000, -0.000000000000000000 ) ) ;
#10762 = VERTEX_POINT ( 'NONE', #6812 ) ;
#10763 = CARTESIAN_POINT ( 'NONE',  ( 131.8984342099715832, 120.0000000000000000, 339.2293847058390952 ) ) ;
#10764 = EDGE_CURVE ( 'NONE', #10743, #11948, #6513, .T. ) ;
#10765 = AXIS2_PLACEMENT_3D ( 'NONE', #12200, #6685, #1663 ) ;
#10766 = LINE ( 'NONE', #1245, #4830 ) ;
#10767 = PLANE ( 'NONE',  #11346 ) ;
#10768 = CARTESIAN_POINT ( 'NONE',  ( 130.5203249716378480, 120.0000000000000000, 375.7770121559649965 ) ) ;
#10769 = DIRECTION ( 'NONE',  ( 0.000000000000000000, 0.000000000000000000, -1.000000000000000000 ) ) ;
#10770 = DIRECTION ( 'NONE',  ( -1.000000000000000000, 0.000000000000000000, 0.000000000000000000 ) ) ;
#10771 = CARTESIAN_POINT ( 'NONE',  ( 175.1311997525219226, 352.5000000000000000, 324.1304959033155910 ) ) ;
#10772 = MANIFOLD_SOLID_BREP ( 'Yükseklik-Ekstrüzyon45[6]', #2502 ) ;
#10773 = AXIS2_PLACEMENT_3D ( 'NONE', #2596, #9313, #2526 ) ;
#10774 = FACE_OUTER_BOUND ( 'NONE', #4615, .T. ) ;
#10775 = EDGE_CURVE ( 'NONE', #7382, #8523, #1097, .T. ) ;
#10776 = ADVANCED_FACE ( 'NONE', ( #2171 ), #3945, .T. ) ;
#10777 = PERSON_AND_ORGANIZATION ( #4658, #10914 ) ;
#10778 = VERTEX_POINT ( 'NONE', #7831 ) ;
#10779 = DIRECTION ( 'NONE',  ( -0.6083484809623912470, -0.1564344650402308967, 0.7781004972741811798 ) ) ;
#10780 = CARTESIAN_POINT ( 'NONE',  ( -160.4237723837438523, 555.2820570403428064, 347.7143067740762490 ) ) ;
#10781 = CARTESIAN_POINT ( 'NONE',  ( 85.99406992148860240, 365.0000000000000000, 0.000000000000000000 ) ) ;
#10782 = LINE ( 'NONE', #9833, #10353 ) ;
#10783 = LINE ( 'NONE', #6790, #9439 ) ;
#10784 = ORIENTED_EDGE ( 'NONE', *, *, #4247, .T. ) ;
#10785 = DIRECTION ( 'NONE',  ( 0.3418952699519138827, 0.9002049238753678795, 0.2697011668774368376 ) ) ;
#10786 = FACE_OUTER_BOUND ( 'NONE', #11804, .T. ) ;
#10787 = CYLINDRICAL_SURFACE ( 'NONE', #10301, 1.100437036551937808 ) ;
#10788 = CYLINDRICAL_SURFACE ( 'NONE', #9765, 5.249904202499100947 ) ;
#10789 = ORIENTED_EDGE ( 'NONE', *, *, #9180, .F. ) ;
#10790 = VERTEX_POINT ( 'NONE', #1926 ) ;
#10791 = CARTESIAN_POINT ( 'NONE',  ( -173.3050511171541075, 117.0000000000000000, 329.6573374656901478 ) ) ;
#10792 = ORIENTED_EDGE ( 'NONE', *, *, #7543, .T. ) ;
#10793 = MANIFOLD_SOLID_BREP ( 'Yükseklik-Ekstrüzyon45[5]', #3089 ) ;
#10794 = ORIENTED_EDGE ( 'NONE', *, *, #967, .F. ) ;
#10795 = VECTOR ( 'NONE', #11793, 1000.000000000000000 ) ;
#10796 = CARTESIAN_POINT ( 'NONE',  ( 114.3057039272865723, 377.5518242583233359, 359.0020664014754743 ) ) ;
#10797 = ORIENTED_EDGE ( 'NONE', *, *, #1615, .T. ) ;
#10798 = CARTESIAN_POINT ( 'NONE',  ( -205.5786829952727999, 545.0668047125427620, 288.7525136913088772 ) ) ;
#10799 = DIRECTION ( 'NONE',  ( 1.000000000000000000, 0.000000000000000000, 0.000000000000000000 ) ) ;
#10800 = DIRECTION ( 'NONE',  ( -0.7625037589850115483, -0.2383113124287892515, 0.6014945850979835917 ) ) ;
#10801 = LINE ( 'NONE', #5031, #418 ) ;
#10802 = ORIENTED_EDGE ( 'NONE', *, *, #6227, .T. ) ;
#10803 = CARTESIAN_POINT ( 'NONE',  ( -153.2987821259122541, 352.5000000000000000, 297.0904220739075186 ) ) ;
#10804 = EDGE_LOOP ( 'NONE', ( #3033, #806 ) ) ;
#10805 = VECTOR ( 'NONE', #1188, 1000.000000000000000 ) ;
#10806 = EDGE_CURVE ( 'NONE', #131, #10238, #6991, .T. ) ;
#10807 = DIRECTION ( 'NONE',  ( 0.000000000000000000, 0.000000000000000000, 1.000000000000000000 ) ) ;
#10808 = CARTESIAN_POINT ( 'NONE',  ( -59.20020431027140262, 345.3533849292755917, 361.3157116688129236 ) ) ;
#10809 = EDGE_LOOP ( 'NONE', ( #6088, #80, #437, #3236 ) ) ;
#10810 = ADVANCED_FACE ( 'NONE', ( #5855 ), #6878, .T. ) ;
#10811 = CARTESIAN_POINT ( 'NONE',  ( -66.20020431027140262, 357.3500830549793932, 384.4576091059381611 ) ) ;
#10812 = FACE_OUTER_BOUND ( 'NONE', #4812, .T. ) ;
#10813 = CARTESIAN_POINT ( 'NONE',  ( 130.5203249716378480, 117.0000000000000000, 371.8620121559649760 ) ) ;
#10814 = ORIENTED_EDGE ( 'NONE', *, *, #4687, .F. ) ;
#10815 = VECTOR ( 'NONE', #7217, 1000.000000000000114 ) ;
#10816 = DIRECTION ( 'NONE',  ( 0.000000000000000000, 0.000000000000000000, -1.000000000000000000 ) ) ;
#10817 = EDGE_CURVE ( 'NONE', #9139, #4011, #8776, .T. ) ;
#10818 = CARTESIAN_POINT ( 'NONE',  ( 184.5898754412881431, 380.0000000000000000, 297.9344535523248965 ) ) ;
#10819 = VERTEX_POINT ( 'NONE', #2049 ) ;
#10820 = CARTESIAN_POINT ( 'NONE',  ( -280.0034975552616743, 377.5518242583665369, 220.8783702419715951 ) ) ;
#10821 = ORIENTED_EDGE ( 'NONE', *, *, #3883, .F. ) ;
#10822 = EDGE_CURVE ( 'NONE', #4252, #2265, #1040, .T. ) ;
#10823 = VECTOR ( 'NONE', #7138, 1000.000000000000000 ) ;
#10824 = DIRECTION ( 'NONE',  ( 0.000000000000000000, 0.000000000000000000, -1.000000000000000000 ) ) ;
#10825 = ORIENTED_EDGE ( 'NONE', *, *, #5092, .F. ) ;
#10826 = FACE_OUTER_BOUND ( 'NONE', #10661, .T. ) ;
#10827 = CARTESIAN_POINT ( 'NONE',  ( 0.000000000000000000, -585.1500000000002046, 400.0000000000000000 ) ) ;
#10828 = DIRECTION ( 'NONE',  ( -1.000000000000000000, 0.000000000000000000, 0.000000000000000000 ) ) ;
#10829 = CARTESIAN_POINT ( 'NONE',  ( 132.0792540082316009, 550.1499999999997499, 343.8142052428237889 ) ) ;
#10830 = CARTESIAN_POINT ( 'NONE',  ( 70.18354552143794933, 120.0000000000000000, 385.8071906031455569 ) ) ;
#10831 = ADVANCED_FACE ( 'NONE', ( #8896, #3001, #4846, #5914, #8012, #198 ), #9795, .T. ) ;
#10832 = CYLINDRICAL_SURFACE ( 'NONE', #8349, 1.100437036551937808 ) ;
#10833 = EDGE_CURVE ( 'NONE', #5900, #1876, #8723, .T. ) ;
#10834 = AXIS2_PLACEMENT_3D ( 'NONE', #7564, #2683, #8524 ) ;
#10835 = VERTEX_POINT ( 'NONE', #9916 ) ;
#10836 = FACE_OUTER_BOUND ( 'NONE', #11000, .T. ) ;
#10837 = DIRECTION ( 'NONE',  ( 0.000000000000000000, 0.000000000000000000, 1.000000000000000000 ) ) ;
#10838 = DIRECTION ( 'NONE',  ( 0.08682659386424761150, -0.9924325091389669673, 0.08682659386424762538 ) ) ;
#10839 = CARTESIAN_POINT ( 'NONE',  ( -61.57657839890324425, 374.0785508645338382, 385.9443499868726803 ) ) ;
#10840 = VECTOR ( 'NONE', #1422, 1000.000000000000114 ) ;
#10841 = DIRECTION ( 'NONE',  ( 0.000000000000000000, 0.000000000000000000, -1.000000000000000000 ) ) ;
#10842 = ORIENTED_EDGE ( 'NONE', *, *, #6101, .T. ) ;
#10843 = DIRECTION ( 'NONE',  ( 0.000000000000000000, 1.000000000000000000, 0.000000000000000000 ) ) ;
#10844 = AXIS2_PLACEMENT_3D ( 'NONE', #5321, #3418, #7295 ) ;
#10845 = CARTESIAN_POINT ( 'NONE',  ( 176.3135992134150740, 385.0000000000000000, 318.3040661615337967 ) ) ;
#10846 = CARTESIAN_POINT ( 'NONE',  ( 63.01608243374601415, 376.0859873310966464, 377.9443499868726803 ) ) ;
#10847 = CARTESIAN_POINT ( 'NONE',  ( -130.5203249716377911, 120.0000000000000000, 366.0985153249498580 ) ) ;
#10848 = ORIENTED_EDGE ( 'NONE', *, *, #11365, .T. ) ;
#10849 = ORIENTED_EDGE ( 'NONE', *, *, #6176, .T. ) ;
#10850 = FACE_OUTER_BOUND ( 'NONE', #4458, .T. ) ;
#10851 = ORIENTED_EDGE ( 'NONE', *, *, #860, .F. ) ;
#10852 = CIRCLE ( 'NONE', #7631, 10.00000000000000888 ) ;
#10853 = ORIENTED_EDGE ( 'NONE', *, *, #8955, .T. ) ;
#10854 = AXIS2_PLACEMENT_3D ( 'NONE', #10538, #4824, #10656 ) ;
#10855 = DIRECTION ( 'NONE',  ( 0.000000000000000000, 0.000000000000000000, 1.000000000000000000 ) ) ;
#10856 = ORIENTED_EDGE ( 'NONE', *, *, #1852, .T. ) ;
#10857 = EDGE_CURVE ( 'NONE', #4647, #4418, #5793, .T. ) ;
#10858 = AXIS2_PLACEMENT_3D ( 'NONE', #5468, #12255, #3300 ) ;
#10859 = CARTESIAN_POINT ( 'NONE',  ( -209.0535752436429391, 543.2274151273877578, 283.6186923335437200 ) ) ;
#10860 = CARTESIAN_POINT ( 'NONE',  ( -193.6232282608479807, 416.8296090012182162, 382.7730451548061410 ) ) ;
#10861 = CARTESIAN_POINT ( 'NONE',  ( -131.5879672915080221, 120.0000000000000000, 334.1202411419354803 ) ) ;
#10862 = PLANE ( 'NONE',  #5484 ) ;
#10863 = AXIS2_PLACEMENT_3D ( 'NONE', #1196, #8995, #2210 ) ;
#10864 = VERTEX_POINT ( 'NONE', #2104 ) ;
#10865 = CARTESIAN_POINT ( 'NONE',  ( 116.3767717391520620, 377.5518242583233359, 326.4274360680452105 ) ) ;
#10866 = ORIENTED_EDGE ( 'NONE', *, *, #9756, .F. ) ;
#10867 = AXIS2_PLACEMENT_3D ( 'NONE', #11423, #2671, #11487 ) ;
#10868 = ORIENTED_EDGE ( 'NONE', *, *, #461, .T. ) ;
#10869 = DIRECTION ( 'NONE',  ( -0.6193384587389288987, 0.000000000000000000, -0.7851241134539735933 ) ) ;
#10870 = CARTESIAN_POINT ( 'NONE',  ( -131.7247089889034726, 120.0000000000000142, 338.6757931702475730 ) ) ;
#10871 = VERTEX_POINT ( 'NONE', #9855 ) ;
#10872 = CARTESIAN_POINT ( 'NONE',  ( -186.1787568264481365, 554.5099118744466296, 317.0867935188542788 ) ) ;
#10873 = DIRECTION ( 'NONE',  ( 0.000000000000000000, -0.08715574274765820750, 0.9961946980917455452 ) ) ;
#10874 = CARTESIAN_POINT ( 'NONE',  ( -200.4331369339992364, 554.2648612374234744, 298.9196860773977278 ) ) ;
#10875 = ORIENTED_EDGE ( 'NONE', *, *, #8368, .T. ) ;
#10876 = CYLINDRICAL_SURFACE ( 'NONE', #1707, 7.564999999999988844 ) ;
#10877 = VECTOR ( 'NONE', #9670, 1000.000000000000227 ) ;
#10878 = LINE ( 'NONE', #7909, #1178 ) ;
#10879 = AXIS2_PLACEMENT_3D ( 'NONE', #7507, #5839, #778 ) ;
#10880 = VERTEX_POINT ( 'NONE', #10861 ) ;
#10881 = CARTESIAN_POINT ( 'NONE',  ( 139.1015668691961196, 550.1499999999997499, 342.9852769692485595 ) ) ;
#10882 = EDGE_CURVE ( 'NONE', #490, #10778, #1221, .T. ) ;
#10883 = VERTEX_POINT ( 'NONE', #258 ) ;
#10884 = ADVANCED_FACE ( 'NONE', ( #11879 ), #9735, .T. ) ;
#10885 = EDGE_CURVE ( 'NONE', #11194, #7624, #8940, .T. ) ;
#10886 = CIRCLE ( 'NONE', #946, 1.070998700129166536 ) ;
#10887 = CARTESIAN_POINT ( 'NONE',  ( -170.0000000000000284, 570.1499999999997499, 263.4502437028848476 ) ) ;
#10888 = VECTOR ( 'NONE', #2099, 1000.000000000000000 ) ;
#10889 = ORIENTED_EDGE ( 'NONE', *, *, #8754, .F. ) ;
#10890 = FACE_OUTER_BOUND ( 'NONE', #5394, .T. ) ;
#10891 = LINE ( 'NONE', #1187, #940 ) ;
#10892 = EDGE_CURVE ( 'NONE', #11571, #1801, #3061, .T. ) ;
#10893 = CARTESIAN_POINT ( 'NONE',  ( -59.20020431027140972, 355.0000000001175522, 358.6113322206788894 ) ) ;
#10894 = DIRECTION ( 'NONE',  ( 0.000000000000000000, 0.000000000000000000, 1.000000000000000000 ) ) ;
#10895 = VERTEX_POINT ( 'NONE', #9279 ) ;
#10896 = LINE ( 'NONE', #2205, #11324 ) ;
#10897 = LINE ( 'NONE', #6904, #9346 ) ;
#10898 = VECTOR ( 'NONE', #4802, 1000.000000000000227 ) ;
#10899 = ORIENTED_EDGE ( 'NONE', *, *, #9444, .T. ) ;
#10900 = PLANE ( 'NONE',  #9355 ) ;
#10901 = CARTESIAN_POINT ( 'NONE',  ( -193.6232282608479807, 447.6530411536430165, 401.4274360680452105 ) ) ;
#10902 = PLANE ( 'NONE',  #1010 ) ;
#10903 = DIRECTION ( 'NONE',  ( 1.000000000000000000, 0.000000000000000000, 0.000000000000000000 ) ) ;
#10904 = CIRCLE ( 'NONE', #11727, 8.687236565862122006 ) ;
#10905 = DIRECTION ( 'NONE',  ( 0.000000000000000000, 0.000000000000000000, 1.000000000000000000 ) ) ;
#10906 = ORIENTED_EDGE ( 'NONE', *, *, #3413, .T. ) ;
#10907 = CARTESIAN_POINT ( 'NONE',  ( -130.3994334126045658, 340.0000000000000568, 328.0943140128124469 ) ) ;
#10908 = EDGE_CURVE ( 'NONE', #11948, #5953, #7085, .T. ) ;
#10909 = CARTESIAN_POINT ( 'NONE',  ( 0.000000000000000000, 360.0000000000000000, 367.2715862585909008 ) ) ;
#10910 = LINE ( 'NONE', #1081, #7629 ) ;
#10911 = DIRECTION ( 'NONE',  ( -0.000000000000000000, -1.000000000000000000, 0.000000000000000000 ) ) ;
#10912 = ORIENTED_EDGE ( 'NONE', *, *, #11405, .T. ) ;
#10913 = EDGE_LOOP ( 'NONE', ( #2690, #12091, #10856, #6996 ) ) ;
#10914 = ORGANIZATION ( 'BELÝRTÝLMEMÝÞ', 'BELÝRTÝLMEMÝÞ', '' ) ;
#10915 = LINE ( 'NONE', #10977, #9085 ) ;
#10916 = ORIENTED_EDGE ( 'NONE', *, *, #342, .F. ) ;
#10917 = ORIENTED_EDGE ( 'NONE', *, *, #800, .T. ) ;
#10918 = DIRECTION ( 'NONE',  ( -2.897549362954532616E-15, 0.000000000000000000, 1.000000000000000000 ) ) ;
#10919 = ORIENTED_EDGE ( 'NONE', *, *, #5148, .T. ) ;
#10920 = CARTESIAN_POINT ( 'NONE',  ( -207.4283736783974348, 544.4426603830878548, 286.1604093037266807 ) ) ;
#10921 = VECTOR ( 'NONE', #1474, 1000.000000000000114 ) ;
#10922 = CYLINDRICAL_SURFACE ( 'NONE', #9679, 3.704481157001282554 ) ;
#10923 = CARTESIAN_POINT ( 'NONE',  ( -75.48879919395864135, 375.7797539217215785, 378.1778283584246765 ) ) ;
#10924 = DIRECTION ( 'NONE',  ( -1.000000000000000000, 0.000000000000000000, 0.000000000000000000 ) ) ;
#10925 = ORIENTED_EDGE ( 'NONE', *, *, #8528, .F. ) ;
#10926 = VECTOR ( 'NONE', #4432, 1000.000000000000114 ) ;
#10927 = CARTESIAN_POINT ( 'NONE',  ( -171.1696930464010222, 500.3476252907157686, 314.6544889145774277 ) ) ;
#10928 = ORIENTED_EDGE ( 'NONE', *, *, #4383, .T. ) ;
#10929 = EDGE_CURVE ( 'NONE', #11219, #7379, #2294, .T. ) ;
#10930 = ORIENTED_EDGE ( 'NONE', *, *, #3123, .T. ) ;
#10931 = FACE_OUTER_BOUND ( 'NONE', #4427, .T. ) ;
#10932 = CARTESIAN_POINT ( 'NONE',  ( -163.0871827338810647, 500.4830485956148891, 324.9541949374443561 ) ) ;
#10933 = ORIENTED_EDGE ( 'NONE', *, *, #7716, .F. ) ;
#10934 = DIRECTION ( 'NONE',  ( 0.000000000000000000, -0.9961946980917456562, -0.08715574274765783280 ) ) ;
#10935 = DIRECTION ( 'NONE',  ( 0.000000000000000000, -0.9961946980917455452, -0.08715574274765781893 ) ) ;
#10936 = LINE ( 'NONE', #5339, #10642 ) ;
#10937 = ORIENTED_EDGE ( 'NONE', *, *, #4910, .F. ) ;
#10938 = EDGE_CURVE ( 'NONE', #5359, #11587, #2052, .T. ) ;
#10939 = ADVANCED_FACE ( 'NONE', ( #589 ), #2358, .T. ) ;
#10940 = LINE ( 'NONE', #9035, #10823 ) ;
#10941 = CARTESIAN_POINT ( 'NONE',  ( -190.1818355124831328, 117.0000000000000000, 313.0569279791224062 ) ) ;
#10942 = ORIENTED_EDGE ( 'NONE', *, *, #6311, .F. ) ;
#10943 = CARTESIAN_POINT ( 'NONE',  ( -130.5203249716377911, 117.0000000000000000, 368.2120121559648851 ) ) ;
#10944 = ORIENTED_EDGE ( 'NONE', *, *, #3680, .T. ) ;
#10945 = CIRCLE ( 'NONE', #5878, 8.000000000000007105 ) ;
#10946 = DIRECTION ( 'NONE',  ( -0.6193384587389310081, -0.000000000000000000, 0.7851241134539720390 ) ) ;
#10947 = ORIENTED_EDGE ( 'NONE', *, *, #4349, .F. ) ;
#10948 = PLANE ( 'NONE',  #4039 ) ;
#10949 = VECTOR ( 'NONE', #9917, 1000.000000000000114 ) ;
#10950 = DIRECTION ( 'NONE',  ( -0.000000000000000000, 1.000000000000000000, -0.000000000000000000 ) ) ;
#10951 = CARTESIAN_POINT ( 'NONE',  ( 250.2597728766411365, 501.6802010741481013, 195.6625824155594273 ) ) ;
#10952 = DIRECTION ( 'NONE',  ( -0.000000000000000000, -1.000000000000000000, 0.000000000000000000 ) ) ;
#10953 = ORIENTED_EDGE ( 'NONE', *, *, #10310, .F. ) ;
#10954 = CARTESIAN_POINT ( 'NONE',  ( -143.7660069451176525, 117.0000000000000000, 368.2120121559648851 ) ) ;
#10955 = ORIENTED_EDGE ( 'NONE', *, *, #10304, .T. ) ;
#10956 = AXIS2_PLACEMENT_3D ( 'NONE', #6036, #4012, #5089 ) ;
#10957 = ORIENTED_EDGE ( 'NONE', *, *, #9048, .T. ) ;
#10958 = CARTESIAN_POINT ( 'NONE',  ( -93.41846897969762153, 501.6802010741481013, 119.4857214942057198 ) ) ;
#10959 = FACE_OUTER_BOUND ( 'NONE', #6202, .T. ) ;
#10960 = EDGE_CURVE ( 'NONE', #2509, #3508, #327, .T. ) ;
#10961 = LINE ( 'NONE', #9186, #12353 ) ;
#10962 = FACE_OUTER_BOUND ( 'NONE', #2847, .T. ) ;
#10963 = CARTESIAN_POINT ( 'NONE',  ( -189.6281028363495125, 545.1499999999996362, 278.9337051713582696 ) ) ;
#10964 = ORIENTED_EDGE ( 'NONE', *, *, #2051, .F. ) ;
#10965 = DIRECTION ( 'NONE',  ( -0.000000000000000000, 1.000000000000000000, -0.000000000000000000 ) ) ;
#10966 = EDGE_CURVE ( 'NONE', #1849, #340, #5216, .T. ) ;
#10967 = CIRCLE ( 'NONE', #6303, 3.093108195208765121 ) ;
#10968 = LINE ( 'NONE', #7235, #2511 ) ;
#10969 = AXIS2_PLACEMENT_3D ( 'NONE', #11683, #6920, #125 ) ;
#10970 = PLANE ( 'NONE',  #8040 ) ;
#10971 = DIRECTION ( 'NONE',  ( -0.000000000000000000, 0.000000000000000000, 1.000000000000000000 ) ) ;
#10972 = ADVANCED_FACE ( 'NONE', ( #7122 ), #10235, .F. ) ;
#10973 = EDGE_CURVE ( 'NONE', #4820, #10819, #588, .T. ) ;
#10974 = ORIENTED_EDGE ( 'NONE', *, *, #3847, .T. ) ;
#10975 = VERTEX_POINT ( 'NONE', #10923 ) ;
#10976 = ORIENTED_EDGE ( 'NONE', *, *, #6236, .T. ) ;
#10977 = CARTESIAN_POINT ( 'NONE',  ( -79.26671879462830361, 383.0054035202313685, 382.6229516748982746 ) ) ;
#10978 = ORIENTED_EDGE ( 'NONE', *, *, #5641, .F. ) ;
#10979 = EDGE_CURVE ( 'NONE', #8953, #10386, #2448, .T. ) ;
#10980 = ORIENTED_EDGE ( 'NONE', *, *, #10938, .F. ) ;
#10981 = DIRECTION ( 'NONE',  ( 0.7625037589850115483, 0.2383113124287892515, -0.6014945850979835917 ) ) ;
#10982 = CARTESIAN_POINT ( 'NONE',  ( -171.6157891360268195, 117.0000000000000000, 351.4274360680451537 ) ) ;
#10983 = VERTEX_POINT ( 'NONE', #9148 ) ;
#10984 = DIRECTION ( 'NONE',  ( -0.7625037589850115483, -0.2383113124287892515, 0.6014945850979835917 ) ) ;
#10985 = CARTESIAN_POINT ( 'NONE',  ( 0.000000000000000000, -585.1500000000002046, 0.000000000000000000 ) ) ;
#10986 = PLANE ( 'NONE',  #9142 ) ;
#10987 = CARTESIAN_POINT ( 'NONE',  ( -199.8066173630020899, 544.0769422687857286, 250.8551412447663154 ) ) ;
#10988 = EDGE_CURVE ( 'NONE', #4645, #477, #11122, .T. ) ;
#10989 = EDGE_LOOP ( 'NONE', ( #5717, #11641, #9472, #3254 ) ) ;
#10990 = LINE ( 'NONE', #523, #2807 ) ;
#10991 = VERTEX_POINT ( 'NONE', #9019 ) ;
#10992 = ADVANCED_FACE ( 'NONE', ( #4195 ), #10986, .F. ) ;
#10993 = ORIENTED_EDGE ( 'NONE', *, *, #4891, .F. ) ;
#10994 = CARTESIAN_POINT ( 'NONE',  ( -66.20020431027140262, 356.9106833265976206, 359.0020664014754743 ) ) ;
#10995 = CARTESIAN_POINT ( 'NONE',  ( 164.4238225416456203, 120.0000000000000000, 275.4109746108541117 ) ) ;
#10996 = EDGE_LOOP ( 'NONE', ( #1095, #11337, #5498, #3716 ) ) ;
#10997 = CIRCLE ( 'NONE', #7154, 72.35470789463238361 ) ;
#10998 = FACE_OUTER_BOUND ( 'NONE', #8641, .T. ) ;
#10999 = CARTESIAN_POINT ( 'NONE',  ( 153.2987821259122541, 357.5000000000000000, 297.0904220739075186 ) ) ;
#11000 = EDGE_LOOP ( 'NONE', ( #1672, #8292, #10291, #5231 ) ) ;
#11001 = EDGE_CURVE ( 'NONE', #5371, #10220, #1244, .T. ) ;
#11002 = ADVANCED_FACE ( 'NONE', ( #10364 ), #1601, .T. ) ;
#11003 = DIRECTION ( 'NONE',  ( 0.7071067811868110287, 0.000000000000000000, -0.7071067811862840058 ) ) ;
#11004 = AXIS2_PLACEMENT_3D ( 'NONE', #2217, #6078, #10152 ) ;
#11005 = CYLINDRICAL_SURFACE ( 'NONE', #9550, 11.00000000000003020 ) ;
#11006 = ORIENTED_EDGE ( 'NONE', *, *, #1140, .T. ) ;
#11007 = DIRECTION ( 'NONE',  ( -0.7625037589850115483, -0.2383113124287892515, 0.6014945850979835917 ) ) ;
#11008 = ORIENTED_EDGE ( 'NONE', *, *, #7212, .F. ) ;
#11009 = CARTESIAN_POINT ( 'NONE',  ( -173.8375568172954218, 370.0000000000001137, 270.4181253755400576 ) ) ;
#11011 = VERTEX_POINT ( 'NONE', #6422 ) ;
#11010 = VECTOR ( 'NONE', #1578, 1000.000000000000000 ) ;
#11012 = DIRECTION ( 'NONE',  ( 8.129817914938402524E-14, 0.9758204948378663701, -0.2185734701522162871 ) ) ;
#11013 = CARTESIAN_POINT ( 'NONE',  ( 143.7660069451177094, 120.0000000000000000, 367.1410134558358322 ) ) ;
#11014 = ADVANCED_FACE ( 'NONE', ( #2746 ), #11250, .T. ) ;
#11015 = CARTESIAN_POINT ( 'NONE',  ( 111.4464948675895926, 120.0000000000000000, 369.2830108560941085 ) ) ;
#11016 = ADVANCED_FACE ( 'NONE', ( #3566 ), #2561, .F. ) ;
#11017 = DIRECTION ( 'NONE',  ( -0.6193384587389315632, 0.000000000000000000, -0.7851241134539715949 ) ) ;
#11018 = ORIENTED_EDGE ( 'NONE', *, *, #5707, .T. ) ;
#11019 = DIRECTION ( 'NONE',  ( 1.000000000000000000, -0.000000000000000000, -0.000000000000000000 ) ) ;
#11020 = MANIFOLD_SOLID_BREP ( 'Yükseklik-Ekstrüzyon46', #10195 ) ;
#11021 = VERTEX_POINT ( 'NONE', #712 ) ;
#11022 = AXIS2_PLACEMENT_3D ( 'NONE', #2461, #6257, #7021 ) ;
#11023 = EDGE_LOOP ( 'NONE', ( #1307, #10550 ) ) ;
#11024 = LINE ( 'NONE', #11159, #9959 ) ;
#11025 = CYLINDRICAL_SURFACE ( 'NONE', #8835, 4.450000000000009948 ) ;
#11026 = LINE ( 'NONE', #2212, #4032 ) ;
#11027 = FACE_OUTER_BOUND ( 'NONE', #5780, .T. ) ;
#11028 = CARTESIAN_POINT ( 'NONE',  ( -130.5203249716377911, 117.0000000000000000, 368.2120121559648851 ) ) ;
#11029 = ORIENTED_EDGE ( 'NONE', *, *, #7467, .F. ) ;
#11031 = DIRECTION ( 'NONE',  ( -0.000000000000000000, 1.000000000000000000, -0.000000000000000000 ) ) ;
#11030 = VECTOR ( 'NONE', #1614, 1000.000000000000000 ) ;
#11032 = DIRECTION ( 'NONE',  ( -1.000000000000000000, -0.000000000000000000, -0.000000000000000000 ) ) ;
#11033 = FACE_OUTER_BOUND ( 'NONE', #5111, .T. ) ;
#11034 = CYLINDRICAL_SURFACE ( 'NONE', #10081, 90.47470435369001507 ) ;
#11035 = ORIENTED_EDGE ( 'NONE', *, *, #8605, .F. ) ;
#11036 = ORIENTED_EDGE ( 'NONE', *, *, #1710, .T. ) ;
#11037 = ORIENTED_EDGE ( 'NONE', *, *, #2814, .T. ) ;
#11038 = FACE_OUTER_BOUND ( 'NONE', #12215, .T. ) ;
#11039 = ORIENTED_EDGE ( 'NONE', *, *, #1275, .T. ) ;
#11040 = EDGE_CURVE ( 'NONE', #5648, #12301, #3752, .T. ) ;
#11041 = AXIS2_PLACEMENT_3D ( 'NONE', #11328, #12398, #8282 ) ;
#11042 = EDGE_LOOP ( 'NONE', ( #2959, #1633, #10110, #5846, #8188 ) ) ;
#11043 = ADVANCED_FACE ( 'NONE', ( #6615 ), #11507, .F. ) ;
#11044 = CARTESIAN_POINT ( 'NONE',  ( -39.45783284386396872, 365.1716832666299410, 376.2611728755820764 ) ) ;
#11045 = AXIS2_PLACEMENT_3D ( 'NONE', #4733, #89, #11592 ) ;
#11046 = PLANE ( 'NONE',  #5220 ) ;
#11047 = VERTEX_POINT ( 'NONE', #9469 ) ;
#11048 = DIRECTION ( 'NONE',  ( 1.135654640887155121E-15, 0.000000000000000000, -1.000000000000000000 ) ) ;
#11049 = EDGE_CURVE ( 'NONE', #8193, #5175, #2816, .T. ) ;
#11050 = CARTESIAN_POINT ( 'NONE',  ( 66.12448390330172288, 383.0054035202313685, 382.6229516748982746 ) ) ;
#11051 = VECTOR ( 'NONE', #626, 1000.000000000000000 ) ;
#11052 = CARTESIAN_POINT ( 'NONE',  ( 176.3135992134150740, 385.0000000000000000, 318.3040661615337967 ) ) ;
#11053 = CARTESIAN_POINT ( 'NONE',  ( 0.000000000000000000, 370.0000000000000000, 0.000000000000000000 ) ) ;
#11054 = AXIS2_PLACEMENT_3D ( 'NONE', #7749, #1907, #5771 ) ;
#11055 = ORIENTED_EDGE ( 'NONE', *, *, #5177, .T. ) ;
#11056 = CARTESIAN_POINT ( 'NONE',  ( -147.7602570189060316, 501.0359390972631672, 342.2753791850673224 ) ) ;
#11057 = ORIENTED_EDGE ( 'NONE', *, *, #827, .F. ) ;
#11058 = AXIS2_PLACEMENT_3D ( 'NONE', #1905, #11672, #8701 ) ;
#11059 = ORIENTED_EDGE ( 'NONE', *, *, #11901, .F. ) ;
#11060 = CYLINDRICAL_SURFACE ( 'NONE', #841, 16.70248815446700874 ) ;
#11061 = DIRECTION ( 'NONE',  ( 1.000000000000000000, 0.000000000000000000, 0.000000000000000000 ) ) ;
#11062 = EDGE_LOOP ( 'NONE', ( #9842, #3173, #6434, #8189 ) ) ;
#11063 = CARTESIAN_POINT ( 'NONE',  ( -63.88904247172370532, 350.0000000000000000, 367.2715862585909008 ) ) ;
#11064 = AXIS2_PLACEMENT_3D ( 'NONE', #8629, #11604, #3972 ) ;
#11065 = CARTESIAN_POINT ( 'NONE',  ( -190.7868687004565800, 117.0000000000000000, 332.2694703950617168 ) ) ;
#11066 = ORIENTED_EDGE ( 'NONE', *, *, #6652, .F. ) ;
#11067 = CARTESIAN_POINT ( 'NONE',  ( 116.3767717391520620, 377.5518242583233359, 326.4274360680452105 ) ) ;
#11068 = ADVANCED_FACE ( 'NONE', ( #1855 ), #905, .F. ) ;
#11069 = CARTESIAN_POINT ( 'NONE',  ( 212.1416513271663860, 539.1499999999996362, 290.7593395996757977 ) ) ;
#11070 = EDGE_CURVE ( 'NONE', #11587, #5359, #7334, .T. ) ;
#11071 = AXIS2_PLACEMENT_3D ( 'NONE', #2907, #5055, #2967 ) ;
#11072 = ORIENTED_EDGE ( 'NONE', *, *, #1140, .F. ) ;
#11073 = ORIENTED_EDGE ( 'NONE', *, *, #1456, .T. ) ;
#11074 = CARTESIAN_POINT ( 'NONE',  ( -139.0652792990439934, 370.0000000000001137, 299.8329142190949028 ) ) ;
#11075 = EDGE_LOOP ( 'NONE', ( #7956, #2370, #4597, #1843 ) ) ;
#11076 = CARTESIAN_POINT ( 'NONE',  ( -59.26671879462830361, 350.0000000000000000, 372.6876302304712567 ) ) ;
#11077 = EDGE_LOOP ( 'NONE', ( #2106, #4133, #12038, #7102 ) ) ;
#11078 = DIRECTION ( 'NONE',  ( -1.000000000000000000, 0.000000000000000000, 0.000000000000000000 ) ) ;
#11079 = AXIS2_PLACEMENT_3D ( 'NONE', #6809, #3530, #3597 ) ;
#11080 = CARTESIAN_POINT ( 'NONE',  ( -14.47175039158921273, 117.0000000000000000, 370.0487020943512562 ) ) ;
#11081 = CARTESIAN_POINT ( 'NONE',  ( 130.5203249716378480, 117.0000000000000000, 368.2120121559649988 ) ) ;
#11082 = FACE_OUTER_BOUND ( 'NONE', #2040, .T. ) ;
#11083 = VECTOR ( 'NONE', #10799, 1000.000000000000000 ) ;
#11084 = ORIENTED_EDGE ( 'NONE', *, *, #1823, .T. ) ;
#11085 = PLANE ( 'NONE',  #11715 ) ;
#11086 = ORIENTED_EDGE ( 'NONE', *, *, #8201, .T. ) ;
#11087 = DIRECTION ( 'NONE',  ( 0.000000000000000000, -1.000000000000000000, 0.000000000000000000 ) ) ;
#11088 = CIRCLE ( 'NONE', #7452, 1.100437036551937808 ) ;
#11089 = CIRCLE ( 'NONE', #932, 3.093108195208626121 ) ;
#11090 = ORIENTED_EDGE ( 'NONE', *, *, #11937, .T. ) ;
#11091 = EDGE_CURVE ( 'NONE', #11885, #2283, #4515, .T. ) ;
#11092 = EDGE_CURVE ( 'NONE', #7563, #10121, #2243, .T. ) ;
#11093 = VECTOR ( 'NONE', #9706, 1000.000000000000000 ) ;
#11094 = FACE_OUTER_BOUND ( 'NONE', #1606, .T. ) ;
#11095 = DIRECTION ( 'NONE',  ( 0.000000000000000000, 0.000000000000000000, -1.000000000000000000 ) ) ;
#11096 = CARTESIAN_POINT ( 'NONE',  ( 132.3286688073715993, 340.0000000000000568, 343.4980266327372078 ) ) ;
#11097 = DIRECTION ( 'NONE',  ( -1.000000000000000000, 0.000000000000000000, 0.000000000000000000 ) ) ;
#11098 = EDGE_LOOP ( 'NONE', ( #9456, #9539, #8326, #9945, #5345, #9885 ) ) ;
#11099 = DIRECTION ( 'NONE',  ( 0.000000000000000000, -0.08715574274764570362, 0.9961946980917466554 ) ) ;
#11100 = FACE_OUTER_BOUND ( 'NONE', #3739, .T. ) ;
#11101 = CARTESIAN_POINT ( 'NONE',  ( -134.4132373733292241, 370.0000000000001137, 310.2530072958696792 ) ) ;
#11102 = EDGE_CURVE ( 'NONE', #11962, #8610, #7445, .T. ) ;
#11103 = VECTOR ( 'NONE', #7654, 1000.000000000000000 ) ;
#11104 = EDGE_CURVE ( 'NONE', #11323, #4008, #6486, .T. ) ;
#11105 = CARTESIAN_POINT ( 'NONE',  ( -180.5352868563962545, 500.4878024366432783, 300.5098982625374333 ) ) ;
#11106 = ORIENTED_EDGE ( 'NONE', *, *, #5504, .F. ) ;
#11107 = AXIS2_PLACEMENT_3D ( 'NONE', #1631, #5561, #7407 ) ;
#11108 = ORIENTED_EDGE ( 'NONE', *, *, #6783, .F. ) ;
#11109 = ORIENTED_EDGE ( 'NONE', *, *, #233, .F. ) ;
#11110 = CARTESIAN_POINT ( 'NONE',  ( 164.4238225416456771, 90.00000000000000000, 275.4109746108540548 ) ) ;
#11111 = ORIENTED_EDGE ( 'NONE', *, *, #10973, .T. ) ;
#11112 = AXIS2_PLACEMENT_3D ( 'NONE', #5551, #6567, #6506 ) ;
#11113 = ORIENTED_EDGE ( 'NONE', *, *, #4966, .T. ) ;
#11114 = CARTESIAN_POINT ( 'NONE',  ( -66.20020431027140262, 351.4138399208507053, 362.1453932174322858 ) ) ;
#11115 = CARTESIAN_POINT ( 'NONE',  ( 21.30323522931127656, 120.0000000000000000, 384.8487875627029098 ) ) ;
#11116 = ORIENTED_EDGE ( 'NONE', *, *, #12472, .T. ) ;
#11117 =( BOUNDED_CURVE ( )  B_SPLINE_CURVE ( 3, ( #3621, #9583, #11362, #12244 ),
 .UNSPECIFIED., .F., .T. ) 
 B_SPLINE_CURVE_WITH_KNOTS ( ( 4, 4 ),
 ( 0.000000000000000000, 1.570796326794896558 ),
 .UNSPECIFIED. ) 
 CURVE ( )  GEOMETRIC_REPRESENTATION_ITEM ( )  RATIONAL_B_SPLINE_CURVE ( ( 1.000000000000000000, 0.8047378541243649375, 0.8047378541243649375, 1.000000000000000000 ) ) 
 REPRESENTATION_ITEM ( '' )  );
#11118 = CARTESIAN_POINT ( 'NONE',  ( -173.3050511171541075, 117.0000000000000000, 329.6573374656901478 ) ) ;
#11119 = EDGE_CURVE ( 'NONE', #5097, #5119, #3634, .T. ) ;
#11120 = CARTESIAN_POINT ( 'NONE',  ( -165.7525069238657238, 554.8645898435936488, 343.1213023789005092 ) ) ;
#11121 = AXIS2_PLACEMENT_3D ( 'NONE', #3678, #10473, #1780 ) ;
#11122 = LINE ( 'NONE', #6290, #4887 ) ;
#11123 = EDGE_CURVE ( 'NONE', #5534, #5048, #10419, .T. ) ;
#11124 = ORIENTED_EDGE ( 'NONE', *, *, #629, .T. ) ;
#11125 = PLANE ( 'NONE',  #11319 ) ;
#11126 = ORIENTED_EDGE ( 'NONE', *, *, #3058, .F. ) ;
#11127 = ORIENTED_EDGE ( 'NONE', *, *, #8098, .T. ) ;
#11128 = APPROVAL_PERSON_ORGANIZATION ( #10777, #11244, #9767 ) ;
#11129 = CARTESIAN_POINT ( 'NONE',  ( 103.5354979033996727, 570.0167564080398961, 351.4274360680452105 ) ) ;
#11130 = CARTESIAN_POINT ( 'NONE',  ( 66.12448390330172288, 377.5518242583233359, 401.4274360680452105 ) ) ;
#11131 = EDGE_CURVE ( 'NONE', #3428, #7118, #6089, .T. ) ;
#11132 = ORIENTED_EDGE ( 'NONE', *, *, #3688, .F. ) ;
#11133 = DIRECTION ( 'NONE',  ( 0.000000000000000000, -1.000000000000000000, 0.000000000000000000 ) ) ;
#11134 = FACE_BOUND ( 'NONE', #2617, .T. ) ;
#11135 = VERTEX_POINT ( 'NONE', #186 ) ;
#11136 = EDGE_CURVE ( 'NONE', #9359, #1796, #2256, .T. ) ;
#11137 = LINE ( 'NONE', #9485, #11030 ) ;
#11138 = AXIS2_PLACEMENT_3D ( 'NONE', #3850, #6776, #223 ) ;
#11139 = DIRECTION ( 'NONE',  ( 0.000000000000000000, 0.000000000000000000, 1.000000000000000000 ) ) ;
#11140 = ADVANCED_FACE ( 'NONE', ( #2870 ), #8820, .F. ) ;
#11141 = ORIENTED_EDGE ( 'NONE', *, *, #6596, .T. ) ;
#11142 = ORIENTED_EDGE ( 'NONE', *, *, #4637, .T. ) ;
#11143 = DIRECTION ( 'NONE',  ( 0.7625037589850115483, 0.2383113124287892515, -0.6014945850979835917 ) ) ;
#11144 = EDGE_LOOP ( 'NONE', ( #9221, #8409 ) ) ;
#11145 = EDGE_CURVE ( 'NONE', #3470, #1622, #3045, .T. ) ;
#11146 = VECTOR ( 'NONE', #8102, 1000.000000000000000 ) ;
#11147 = DIRECTION ( 'NONE',  ( 0.000000000000000000, 0.000000000000000000, -1.000000000000000000 ) ) ;
#11148 = ORIENTED_EDGE ( 'NONE', *, *, #6206, .F. ) ;
#11149 = DIRECTION ( 'NONE',  ( 1.000000000000000000, -0.000000000000000000, -0.000000000000000000 ) ) ;
#11150 = DIRECTION ( 'NONE',  ( -0.9961946980917455452, -0.08715574274765820750, 0.000000000000000000 ) ) ;
#11151 = CARTESIAN_POINT ( 'NONE',  ( 50.60003379395966761, 370.0000000000000000, 370.8061429881302047 ) ) ;
#11152 = FACE_OUTER_BOUND ( 'NONE', #6869, .T. ) ;
#11153 = CARTESIAN_POINT ( 'NONE',  ( 248.5985330171029375, 447.7225322203747737, 196.1048318924140688 ) ) ;
#11154 = VECTOR ( 'NONE', #7806, 1000.000000000000000 ) ;
#11155 = VERTEX_POINT ( 'NONE', #7755 ) ;
#11156 = DIRECTION ( 'NONE',  ( -0.000000000000000000, -0.000000000000000000, 1.000000000000000000 ) ) ;
#11157 = ADVANCED_FACE ( 'NONE', ( #4949 ), #9721, .T. ) ;
#11158 = ORIENTED_EDGE ( 'NONE', *, *, #5666, .F. ) ;
#11159 = CARTESIAN_POINT ( 'NONE',  ( -191.8873057370085178, 117.0000000000000000, 352.5278731045971199 ) ) ;
#11160 = DIRECTION ( 'NONE',  ( 0.7851241134539714839, -0.000000000000000000, -0.6193384587389316742 ) ) ;
#11161 = CARTESIAN_POINT ( 'NONE',  ( -160.1090369538139555, 500.8424804057902975, 326.5444071225835501 ) ) ;
#11162 = LINE ( 'NONE', #11856, #2126 ) ;
#11163 = ORIENTED_EDGE ( 'NONE', *, *, #3502, .F. ) ;
#11164 = PLANE ( 'NONE',  #1932 ) ;
#11165 = DIRECTION ( 'NONE',  ( 0.000000000000000000, 1.000000000000000000, -0.000000000000000000 ) ) ;
#11166 = DIRECTION ( 'NONE',  ( -0.7625037589850115483, -0.2383113124287892792, 0.6014945850979835917 ) ) ;
#11167 = EDGE_CURVE ( 'NONE', #3635, #2010, #7741, .T. ) ;
#11168 = EDGE_CURVE ( 'NONE', #6536, #1883, #5501, .T. ) ;
#11169 = CYLINDRICAL_SURFACE ( 'NONE', #11705, 3.093108195208626121 ) ;
#11170 = AXIS2_PLACEMENT_3D ( 'NONE', #2828, #11267, #2578 ) ;
#11171 = VERTEX_POINT ( 'NONE', #5841 ) ;
#11172 = VERTEX_POINT ( 'NONE', #2988 ) ;
#11173 = VERTEX_POINT ( 'NONE', #1084 ) ;
#11174 = CARTESIAN_POINT ( 'NONE',  ( -153.9371671587826143, 500.9521077379143321, 334.4118085411734000 ) ) ;
#11175 = EDGE_LOOP ( 'NONE', ( #6117, #4588, #10166, #9982 ) ) ;
#11176 = ORIENTED_EDGE ( 'NONE', *, *, #3883, .T. ) ;
#11177 = VECTOR ( 'NONE', #1449, 1000.000000000000000 ) ;
#11178 = DIRECTION ( 'NONE',  ( -0.7625037589850115483, -0.2383113124287892792, 0.6014945850979835917 ) ) ;
#11179 = AXIS2_PLACEMENT_3D ( 'NONE', #5721, #7378, #9596 ) ;
#11180 = DIRECTION ( 'NONE',  ( 0.7625037589850115483, 0.2383113124287892792, -0.6014945850979835917 ) ) ;
#11181 = ORIENTED_EDGE ( 'NONE', *, *, #5302, .F. ) ;
#11182 = LINE ( 'NONE', #5980, #6985 ) ;
#11183 = CARTESIAN_POINT ( 'NONE',  ( 199.9999999999999716, 570.1499999999997499, 350.0000000000000000 ) ) ;
#11184 = CARTESIAN_POINT ( 'NONE',  ( 206.6785213330379634, 120.0000000000000000, 337.2398750749776468 ) ) ;
#11185 = CARTESIAN_POINT ( 'NONE',  ( -200.0000000000000284, 540.1499999999996362, 0.000000000000000000 ) ) ;
#11186 = ORIENTED_EDGE ( 'NONE', *, *, #1055, .T. ) ;
#11187 = VECTOR ( 'NONE', #6772, 1000.000000000000000 ) ;
#11188 = DIRECTION ( 'NONE',  ( 0.000000000000000000, 0.08715574274764570362, 0.9961946980917466554 ) ) ;
#11189 = ORIENTED_EDGE ( 'NONE', *, *, #800, .F. ) ;
#11190 = ORIENTED_EDGE ( 'NONE', *, *, #360, .T. ) ;
#11191 =( BOUNDED_CURVE ( )  B_SPLINE_CURVE ( 3, ( #3871, #3991, #8939, #3098 ),
 .UNSPECIFIED., .F., .F. ) 
 B_SPLINE_CURVE_WITH_KNOTS ( ( 4, 4 ),
 ( 3.205013981400584910, 4.768214111648944709 ),
 .UNSPECIFIED. ) 
 CURVE ( )  GEOMETRIC_REPRESENTATION_ITEM ( )  RATIONAL_B_SPLINE_CURVE ( ( 1.000000000000000000, 0.8065248903853419193, 0.8065248903853419193, 1.000000000000000000 ) ) 
 REPRESENTATION_ITEM ( '' )  );
#11192 = CARTESIAN_POINT ( 'NONE',  ( -200.0000000000000284, 570.1499999999997499, 380.0000000000000000 ) ) ;
#11193 = DIRECTION ( 'NONE',  ( -0.000000000000000000, 0.000000000000000000, 1.000000000000000000 ) ) ;
#11194 = VERTEX_POINT ( 'NONE', #10847 ) ;
#11195 = DIRECTION ( 'NONE',  ( 0.7625037589850115483, 0.2383113124287892515, -0.6014945850979835917 ) ) ;
#11196 = LINE ( 'NONE', #2508, #964 ) ;
#11197 = ORIENTED_EDGE ( 'NONE', *, *, #9585, .T. ) ;
#11198 = LINE ( 'NONE', #2510, #6367 ) ;
#11199 = DIRECTION ( 'NONE',  ( 0.7071067811868104735, 0.000000000000000000, -0.7071067811862845609 ) ) ;
#11200 = ORIENTED_EDGE ( 'NONE', *, *, #10741, .T. ) ;
#11201 = ORIENTED_EDGE ( 'NONE', *, *, #4061, .T. ) ;
#11202 = DIRECTION ( 'NONE',  ( 0.000000000000000000, 0.000000000000000000, -1.000000000000000000 ) ) ;
#11203 = ORIENTED_EDGE ( 'NONE', *, *, #8653, .F. ) ;
#11204 = ADVANCED_FACE ( 'NONE', ( #6022 ), #5014, .T. ) ;
#11205 = EDGE_CURVE ( 'NONE', #6565, #10883, #11802, .T. ) ;
#11206 = AXIS2_PLACEMENT_3D ( 'NONE', #8782, #83, #1290 ) ;
#11207 = PLANE ( 'NONE',  #7052 ) ;
#11208 = ORIENTED_EDGE ( 'NONE', *, *, #6390, .T. ) ;
#11209 = AXIS2_PLACEMENT_3D ( 'NONE', #9645, #958, #4823 ) ;
#11210 = EDGE_CURVE ( 'NONE', #2595, #4944, #8140, .T. ) ;
#11211 = CARTESIAN_POINT ( 'NONE',  ( 193.8532287686580844, 558.4496937548325377, 253.3708087693771063 ) ) ;
#11212 = CARTESIAN_POINT ( 'NONE',  ( -180.8500222863263787, 554.9273790711957872, 321.6797979140298480 ) ) ;
#11213 = CARTESIAN_POINT ( 'NONE',  ( -130.5203249716377911, 120.0000000000000000, 368.2120121559648851 ) ) ;
#11214 = CYLINDRICAL_SURFACE ( 'NONE', #4990, 72.35470789463238361 ) ;
#11215 = EDGE_CURVE ( 'NONE', #2297, #8668, #1913, .T. ) ;
#11216 = DIRECTION ( 'NONE',  ( 0.000000000000000000, 0.000000000000000000, 1.000000000000000000 ) ) ;
#11217 = ORIENTED_EDGE ( 'NONE', *, *, #5286, .F. ) ;
#11218 = FACE_OUTER_BOUND ( 'NONE', #5628, .T. ) ;
#11219 = VERTEX_POINT ( 'NONE', #5899 ) ;
#11220 = CIRCLE ( 'NONE', #10610, 3.093108195208565281 ) ;
#11221 = CARTESIAN_POINT ( 'NONE',  ( -59.26671879462830361, 350.0000000000000000, 0.000000000000000000 ) ) ;
#11222 = CARTESIAN_POINT ( 'NONE',  ( 200.0000000000000000, 120.0000000000000000, 250.7734253594444738 ) ) ;
#11223 = DIRECTION ( 'NONE',  ( 0.000000000000000000, -0.9961946980917456562, -0.08715574274765783280 ) ) ;
#11224 = DIRECTION ( 'NONE',  ( -0.000000000000000000, -1.000000000000000000, -0.000000000000000000 ) ) ;
#11225 = VERTEX_POINT ( 'NONE', #9840 ) ;
#11226 = CARTESIAN_POINT ( 'NONE',  ( -50.51394905014938530, 370.0000000000000000, 370.8061429881302047 ) ) ;
#11227 = FACE_OUTER_BOUND ( 'NONE', #11932, .T. ) ;
#11228 = EDGE_CURVE ( 'NONE', #12559, #8647, #859, .T. ) ;
#11229 = CARTESIAN_POINT ( 'NONE',  ( -133.2375149950902653, 370.0000000000001137, 315.4117178721747905 ) ) ;
#11230 = AXIS2_PLACEMENT_3D ( 'NONE', #11151, #3268, #7150 ) ;
#11231 = CARTESIAN_POINT ( 'NONE',  ( 41.46524257959476500, 365.0000000000000000, 363.3737440440420414 ) ) ;
#11232 = ADVANCED_FACE ( 'NONE', ( #7879 ), #10788, .F. ) ;
#11233 = ORIENTED_EDGE ( 'NONE', *, *, #8307, .F. ) ;
#11234 = EDGE_CURVE ( 'NONE', #6038, #8778, #5957, .T. ) ;
#11235 = EDGE_LOOP ( 'NONE', ( #7319, #2452, #10004, #4463 ) ) ;
#11236 = EDGE_LOOP ( 'NONE', ( #3460, #9301, #10138, #5571 ) ) ;
#11237 = B_SPLINE_SURFACE_WITH_KNOTS ( 'NONE', 2, 1, ( 
 ( #6968, #8176 ),
 ( #1390, #7231 ),
 ( #11096, #435 ) ),
 .UNSPECIFIED., .F., .F., .F.,
 ( 3, 3 ),
 ( 2, 2 ),
 ( 0.000000000000000000, 1.000000000000000000 ),
 ( 0.000000000000000000, 1.000000000000000000 ),
 .UNSPECIFIED. ) ;
#11238 =( NAMED_UNIT ( * ) SI_UNIT ( $, .STERADIAN. ) SOLID_ANGLE_UNIT ( ) );
#11239 = EDGE_LOOP ( 'NONE', ( #12405, #925, #3004, #1383, #11190, #1147 ) ) ;
#11240 = EDGE_LOOP ( 'NONE', ( #9327, #7720 ) ) ;
#11241 = DIRECTION ( 'NONE',  ( 0.7843279627585261204, -0.000000000000000000, 0.6203463926187208211 ) ) ;
#11242 = AXIS2_PLACEMENT_3D ( 'NONE', #7393, #8479, #7459 ) ;
#11243 = CARTESIAN_POINT ( 'NONE',  ( -187.7746619140061455, 500.0445392671189779, 293.4845892630852973 ) ) ;
#11244 = APPROVAL ( #11611, 'BELÝRTÝLMEMÝÞ' ) ;
#11245 = CARTESIAN_POINT ( 'NONE',  ( -143.8561157100411663, 489.0205802199568552, 353.1042821239079785 ) ) ;
#11246 = VERTEX_POINT ( 'NONE', #8654 ) ;
#11247 = CARTESIAN_POINT ( 'NONE',  ( 171.6157891360269616, 120.0000000000000000, 349.9640353578184886 ) ) ;
#11248 = CARTESIAN_POINT ( 'NONE',  ( -186.7071566514271410, 500.3781751045193005, 292.6424968439480949 ) ) ;
#11249 = DIRECTION ( 'NONE',  ( -1.000000000000000000, 0.000000000000000000, -0.000000000000000000 ) ) ;
#11250 = CYLINDRICAL_SURFACE ( 'NONE', #10571, 25.44093595064281743 ) ;
#11251 = EDGE_LOOP ( 'NONE', ( #5673, #8109, #9163, #1169 ) ) ;
#11252 = AXIS2_PLACEMENT_3D ( 'NONE', #4655, #7580, #10183 ) ;
#11253 = DIRECTION ( 'NONE',  ( -0.000000000000000000, 1.000000000000000000, -0.000000000000000000 ) ) ;
#11254 = EDGE_LOOP ( 'NONE', ( #7951, #8878, #874, #12524 ) ) ;
#11255 = VECTOR ( 'NONE', #4946, 1000.000000000000114 ) ;
#11256 = VERTEX_POINT ( 'NONE', #7814 ) ;
#11257 = EDGE_CURVE ( 'NONE', #336, #11021, #1458, .T. ) ;
#11258 = CARTESIAN_POINT ( 'NONE',  ( 154.2515135522195067, 321.2188710514129752, 326.1548571173795494 ) ) ;
#11259 = DIRECTION ( 'NONE',  ( 0.7851241134539714839, -0.000000000000000000, -0.6193384587389316742 ) ) ;
#11260 = VERTEX_POINT ( 'NONE', #11567 ) ;
#11261 = CARTESIAN_POINT ( 'NONE',  ( 140.0000000000000568, 120.0000000000000000, 400.0000000000000000 ) ) ;
#11262 = LINE ( 'NONE', #5418, #6649 ) ;
#11263 = AXIS2_PLACEMENT_3D ( 'NONE', #12429, #11295, #2605 ) ;
#11264 = ORIENTED_EDGE ( 'NONE', *, *, #6168, .T. ) ;
#11265 = PLANE ( 'NONE',  #1305 ) ;
#11266 = VECTOR ( 'NONE', #9590, 1000.000000000000000 ) ;
#11267 = DIRECTION ( 'NONE',  ( 0.000000000000000000, 0.000000000000000000, 1.000000000000000000 ) ) ;
#11268 = ADVANCED_FACE ( 'NONE', ( #6861 ), #8, .F. ) ;
#11269 = ORIENTED_EDGE ( 'NONE', *, *, #11696, .T. ) ;
#11270 = ORIENTED_EDGE ( 'NONE', *, *, #2089, .F. ) ;
#11271 = FACE_OUTER_BOUND ( 'NONE', #5106, .T. ) ;
#11272 = ORIENTED_EDGE ( 'NONE', *, *, #12421, .F. ) ;
#11273 =( BOUNDED_CURVE ( )  B_SPLINE_CURVE ( 3, ( #3313, #9985, #5160, #1291 ),
 .UNSPECIFIED., .F., .T. ) 
 B_SPLINE_CURVE_WITH_KNOTS ( ( 4, 4 ),
 ( 5.501585242055417879, 7.064785372303754585 ),
 .UNSPECIFIED. ) 
 CURVE ( )  GEOMETRIC_REPRESENTATION_ITEM ( )  RATIONAL_B_SPLINE_CURVE ( ( 1.000000000000000000, 0.8065248903853474705, 0.8065248903853474705, 1.000000000000000000 ) ) 
 REPRESENTATION_ITEM ( '' )  );
#11274 = AXIS2_PLACEMENT_3D ( 'NONE', #11293, #11224, #2535 ) ;
#11275 = DIRECTION ( 'NONE',  ( 1.217029536772293280E-16, -1.000000000000000000, 1.542806235626361924E-16 ) ) ;
#11276 = ORIENTED_EDGE ( 'NONE', *, *, #3983, .F. ) ;
#11277 = AXIS2_PLACEMENT_3D ( 'NONE', #6778, #11605, #12552 ) ;
#11278 = CARTESIAN_POINT ( 'NONE',  ( 196.9649888139963423, 553.4445361885933607, 252.0559015419507318 ) ) ;
#11279 = CARTESIAN_POINT ( 'NONE',  ( -133.2375149950902653, 340.0000000000000568, 315.4117178721747905 ) ) ;
#11280 = LINE ( 'NONE', #12354, #5143 ) ;
#11281 = VECTOR ( 'NONE', #7812, 1000.000000000000000 ) ;
#11282 = DIRECTION ( 'NONE',  ( 0.000000000000000000, -0.000000000000000000, -1.000000000000000000 ) ) ;
#11283 = EDGE_CURVE ( 'NONE', #6343, #5289, #10274, .T. ) ;
#11284 = DIRECTION ( 'NONE',  ( 0.7813433580651429899, -0.08715574274765820750, 0.6179857873071110674 ) ) ;
#11285 = ORIENTED_EDGE ( 'NONE', *, *, #12421, .T. ) ;
#11286 = PLANE ( 'NONE',  #6735 ) ;
#11287 = EDGE_CURVE ( 'NONE', #3620, #9166, #10335, .T. ) ;
#11288 = VERTEX_POINT ( 'NONE', #8367 ) ;
#11289 = CIRCLE ( 'NONE', #11884, 0.7656912382572045317 ) ;
#11290 = DIRECTION ( 'NONE',  ( 0.7851241134539720390, 2.775557561562890735E-17, 0.6193384587389310081 ) ) ;
#11291 = LINE ( 'NONE', #1875, #12122 ) ;
#11292 = DIRECTION ( 'NONE',  ( 0.000000000000000000, -0.08715574274765820750, 0.9961946980917455452 ) ) ;
#11293 = CARTESIAN_POINT ( 'NONE',  ( 130.5203249716378480, 120.0000000000000000, 368.2120121559649988 ) ) ;
#11294 = EDGE_LOOP ( 'NONE', ( #9436, #8142, #4248, #6247 ) ) ;
#11295 = DIRECTION ( 'NONE',  ( 0.7625037589850115483, 0.2383113124287892515, -0.6014945850979835917 ) ) ;
#11296 = DIRECTION ( 'NONE',  ( 1.000000000000000000, 0.000000000000000000, 0.000000000000000000 ) ) ;
#11297 = LINE ( 'NONE', #6466, #7637 ) ;
#11298 = CARTESIAN_POINT ( 'NONE',  ( -139.5011983711572157, 370.0000000000001137, 299.0691970056345212 ) ) ;
#11299 = AXIS2_PLACEMENT_3D ( 'NONE', #6108, #2185, #1108 ) ;
#11300 = CARTESIAN_POINT ( 'NONE',  ( 191.8873057370085746, 120.0000000000000000, 352.5278731045972336 ) ) ;
#11301 = VERTEX_POINT ( 'NONE', #10393 ) ;
#11302 = CARTESIAN_POINT ( 'NONE',  ( -50.51394905014938530, 365.0000000000000000, 370.8061429881302047 ) ) ;
#11303 = VECTOR ( 'NONE', #2428, 1000.000000000000000 ) ;
#11304 = ORIENTED_EDGE ( 'NONE', *, *, #6597, .F. ) ;
#11305 = MANIFOLD_SOLID_BREP ( 'Yükseklik-Ekstrüzyon45[4]', #3146 ) ;
#11306 = ORIENTED_EDGE ( 'NONE', *, *, #9048, .F. ) ;
#11307 = LINE ( 'NONE', #10355, #9034 ) ;
#11308 = EDGE_CURVE ( 'NONE', #1587, #9566, #4487, .T. ) ;
#11309 = CARTESIAN_POINT ( 'NONE',  ( -215.2553923893895558, 550.1499999999997499, 287.1027393045573604 ) ) ;
#11310 = CARTESIAN_POINT ( 'NONE',  ( 85.17062379273923511, 365.0000000000000000, 378.2385419322184248 ) ) ;
#11311 = VECTOR ( 'NONE', #7887, 1000.000000000000000 ) ;
#11312 = VERTEX_POINT ( 'NONE', #4359 ) ;
#11313 = CARTESIAN_POINT ( 'NONE',  ( 181.8450832321779558, 420.0000000000000000, 295.7635224797913338 ) ) ;
#11314 = DIRECTION ( 'NONE',  ( 1.000000000000000000, 0.000000000000000000, 0.000000000000000000 ) ) ;
#11315 = DIRECTION ( 'NONE',  ( 0.000000000000000000, 0.000000000000000000, -1.000000000000000000 ) ) ;
#11316 = EDGE_CURVE ( 'NONE', #1257, #11155, #618, .T. ) ;
#11317 = DIRECTION ( 'NONE',  ( -0.6193384587389297868, 0.000000000000000000, -0.7851241134539729272 ) ) ;
#11318 = ORIENTED_EDGE ( 'NONE', *, *, #6807, .F. ) ;
#11319 = AXIS2_PLACEMENT_3D ( 'NONE', #2298, #5407, #9024 ) ;
#11320 = PLANE ( 'NONE',  #4218 ) ;
#11321 = ORIENTED_EDGE ( 'NONE', *, *, #3977, .T. ) ;
#11322 = VECTOR ( 'NONE', #10705, 1000.000000000000000 ) ;
#11323 = VERTEX_POINT ( 'NONE', #5499 ) ;
#11324 = VECTOR ( 'NONE', #5120, 1000.000000000000114 ) ;
#11325 = CARTESIAN_POINT ( 'NONE',  ( 192.4757493626966607, -280.1694956085287345, 362.4264068711929099 ) ) ;
#11326 = CARTESIAN_POINT ( 'NONE',  ( 155.6329774118507601, 550.1499999999997499, 362.3943590049917134 ) ) ;
#11327 = ORIENTED_EDGE ( 'NONE', *, *, #2932, .F. ) ;
#11328 = CARTESIAN_POINT ( 'NONE',  ( -139.9999999999999147, -585.1500000000002046, 340.0000000000000000 ) ) ;
#11329 = LINE ( 'NONE', #2759, #10877 ) ;
#11330 = AXIS2_PLACEMENT_3D ( 'NONE', #11509, #6618, #2819 ) ;
#11331 = VERTEX_POINT ( 'NONE', #10268 ) ;
#11332 = LINE ( 'NONE', #10250, #281 ) ;
#11333 = ADVANCED_FACE ( 'NONE', ( #12226 ), #3411, .T. ) ;
#11334 = DIRECTION ( 'NONE',  ( 0.7851241134539714839, 0.000000000000000000, -0.6193384587389316742 ) ) ;
#11335 = ADVANCED_FACE ( 'NONE', ( #4117 ), #7411, .T. ) ;
#11336 = EDGE_LOOP ( 'NONE', ( #9724, #8106, #8592, #2829 ) ) ;
#11337 = ORIENTED_EDGE ( 'NONE', *, *, #5460, .F. ) ;
#11338 = CARTESIAN_POINT ( 'NONE',  ( -173.3050511171541075, 120.0000000000000000, 290.9472914527384546 ) ) ;
#11339 = ORIENTED_EDGE ( 'NONE', *, *, #11308, .F. ) ;
#11340 = SECURITY_CLASSIFICATION ( '', '', #5764 ) ;
#11341 = DIRECTION ( 'NONE',  ( -0.000000000000000000, 1.000000000000000000, -0.000000000000000000 ) ) ;
#11342 = VERTEX_POINT ( 'NONE', #6457 ) ;
#11343 = ADVANCED_FACE ( 'NONE', ( #6323 ), #11286, .F. ) ;
#11344 = CARTESIAN_POINT ( 'NONE',  ( 195.6448863578528403, 557.6001775485776761, 263.2332078246333822 ) ) ;
#11345 = CARTESIAN_POINT ( 'NONE',  ( 195.7024822690794963, 120.0000000000000000, 263.1601945342231375 ) ) ;
#11346 = AXIS2_PLACEMENT_3D ( 'NONE', #4928, #3023, #10708 ) ;
#11347 = CARTESIAN_POINT ( 'NONE',  ( -173.3050511171541075, 117.0000000000000000, 327.9680754845628599 ) ) ;
#11348 = PLANE ( 'NONE',  #3377 ) ;
#11349 = CARTESIAN_POINT ( 'NONE',  ( 63.87115989019968509, 402.8788993313603441, 381.5525162105519712 ) ) ;
#11350 = ORIENTED_EDGE ( 'NONE', *, *, #4617, .F. ) ;
#11351 = CARTESIAN_POINT ( 'NONE',  ( -196.5314105426548679, 494.0205802199568552, 270.1825073951878835 ) ) ;
#11352 = ORIENTED_EDGE ( 'NONE', *, *, #3245, .F. ) ;
#11353 = CARTESIAN_POINT ( 'NONE',  ( 143.7660069451177094, 120.0000000000000000, 369.2830108560941653 ) ) ;
#11354 = DIRECTION ( 'NONE',  ( 0.000000000000000000, 0.000000000000000000, 1.000000000000000000 ) ) ;
#11355 = CARTESIAN_POINT ( 'NONE',  ( -130.3994334117772951, 340.0000000000000568, 328.0943140062070711 ) ) ;
#11356 = ORIENTED_EDGE ( 'NONE', *, *, #4889, .T. ) ;
#11357 = DIRECTION ( 'NONE',  ( -0.000000000000000000, -0.000000000000000000, 1.000000000000000000 ) ) ;
#11358 = PLANE ( 'NONE',  #9997 ) ;
#11359 = LINE ( 'NONE', #9579, #2365 ) ;
#11360 = LINE ( 'NONE', #2672, #2995 ) ;
#11361 = DIRECTION ( 'NONE',  ( -0.7851241134539720390, -0.000000000000000000, -0.6193384587389308971 ) ) ;
#11362 = CARTESIAN_POINT ( 'NONE',  ( -116.3767717391519483, 377.5518242583233359, 356.5812468100336332 ) ) ;
#11363 = ORIENTED_EDGE ( 'NONE', *, *, #9574, .F. ) ;
#11364 = VECTOR ( 'NONE', #3576, 1000.000000000000000 ) ;
#11365 = EDGE_CURVE ( 'NONE', #6322, #8068, #1569, .T. ) ;
#11366 = ORIENTED_EDGE ( 'NONE', *, *, #9140, .T. ) ;
#11367 = DIRECTION ( 'NONE',  ( -0.000000000000000000, -0.000000000000000000, -1.000000000000000000 ) ) ;
#11368 = EDGE_CURVE ( 'NONE', #11962, #2095, #12171, .T. ) ;
#11369 = CARTESIAN_POINT ( 'NONE',  ( -143.7660069451176525, 117.0000000000000000, 369.2830108560940516 ) ) ;
#11370 = CARTESIAN_POINT ( 'NONE',  ( -70.18354552143789249, 120.0000000000000000, 385.8071906031455001 ) ) ;
#11371 = ORIENTED_EDGE ( 'NONE', *, *, #11316, .T. ) ;
#11372 = EDGE_CURVE ( 'NONE', #2195, #2269, #245, .T. ) ;
#11373 = ADVANCED_FACE ( 'NONE', ( #11218 ), #7481, .T. ) ;
#11374 = CARTESIAN_POINT ( 'NONE',  ( 84.00168052530511886, 365.0000000000000000, 378.2385419322183111 ) ) ;
#11375 = CIRCLE ( 'NONE', #8929, 3.093108195208626121 ) ;
#11376 = AXIS2_PLACEMENT_3D ( 'NONE', #3187, #4270, #7194 ) ;
#11377 = FACE_OUTER_BOUND ( 'NONE', #11294, .T. ) ;
#11378 = CARTESIAN_POINT ( 'NONE',  ( 134.1612038905112172, 377.4823331915915787, 350.8980672090923463 ) ) ;
#11379 = DIRECTION ( 'NONE',  ( 0.000000000000000000, 0.000000000000000000, 1.000000000000000000 ) ) ;
#11380 = EDGE_CURVE ( 'NONE', #384, #8825, #2400, .T. ) ;
#11381 = ORIENTED_EDGE ( 'NONE', *, *, #3282, .F. ) ;
#11382 = FACE_OUTER_BOUND ( 'NONE', #8128, .T. ) ;
#11383 = ORIENTED_EDGE ( 'NONE', *, *, #10716, .F. ) ;
#11384 = CIRCLE ( 'NONE', #4693, 3.093108195208626121 ) ;
#11385 = ORIENTED_EDGE ( 'NONE', *, *, #2230, .F. ) ;
#11386 = B_SPLINE_CURVE_WITH_KNOTS ( 'NONE', 2,
 ( #7422, #4686, #4623 ),
 .UNSPECIFIED., .F., .F.,
 ( 3, 3 ),
 ( 0.6835795331868034230, 1.000000000000000000 ),
 .UNSPECIFIED. ) ;
#11387 = CARTESIAN_POINT ( 'NONE',  ( 192.4757493626966607, -169.9805043914711860, 362.4264068711929099 ) ) ;
#11388 = ORIENTED_EDGE ( 'NONE', *, *, #1508, .F. ) ;
#11389 = LINE ( 'NONE', #1482, #5770 ) ;
#11390 = DIRECTION ( 'NONE',  ( -0.000000000000000000, -1.000000000000000000, 0.000000000000000000 ) ) ;
#11391 = ORIENTED_EDGE ( 'NONE', *, *, #11365, .F. ) ;
#11392 = VECTOR ( 'NONE', #10146, 1000.000000000000000 ) ;
#11393 = CARTESIAN_POINT ( 'NONE',  ( -66.20020431027140262, 355.0000000000000568, 385.9443499868727372 ) ) ;
#11394 = EDGE_CURVE ( 'NONE', #11312, #1434, #2661, .T. ) ;
#11395 = CIRCLE ( 'NONE', #5304, 1.689261981127287982 ) ;
#11396 = LINE ( 'NONE', #12463, #10361 ) ;
#11397 = EDGE_CURVE ( 'NONE', #1622, #7713, #488, .T. ) ;
#11398 = ORIENTED_EDGE ( 'NONE', *, *, #11531, .F. ) ;
#11399 = VERTEX_POINT ( 'NONE', #11351 ) ;
#11400 = CARTESIAN_POINT ( 'NONE',  ( 190.1818355124832465, 120.0000000000000000, 313.0569279791225767 ) ) ;
#11401 = ORIENTED_EDGE ( 'NONE', *, *, #6487, .T. ) ;
#11402 = PLANE ( 'NONE',  #6331 ) ;
#11403 = AXIS2_PLACEMENT_3D ( 'NONE', #3978, #5882, #9766 ) ;
#11404 = VERTEX_POINT ( 'NONE', #3339 ) ;
#11405 = EDGE_CURVE ( 'NONE', #8133, #2931, #10141, .T. ) ;
#11406 = CARTESIAN_POINT ( 'NONE',  ( 187.5735931288071185, 570.1499999999997499, 256.0243354450376501 ) ) ;
#11407 = DIRECTION ( 'NONE',  ( -0.000000000000000000, -1.000000000000000000, 0.000000000000000000 ) ) ;
#11408 = CARTESIAN_POINT ( 'NONE',  ( -84.00168052530501939, 365.0000000000000000, 378.2385419322183111 ) ) ;
#11409 = CYLINDRICAL_SURFACE ( 'NONE', #6357, 1.689261981127287982 ) ;
#11410 = DIRECTION ( 'NONE',  ( 0.000000000000000000, -0.000000000000000000, -1.000000000000000000 ) ) ;
#11411 = CARTESIAN_POINT ( 'NONE',  ( -188.7538232997221428, 352.5000000000000000, 303.6097127950929462 ) ) ;
#11412 = EDGE_LOOP ( 'NONE', ( #6880, #10784, #11977, #10496 ) ) ;
#11413 = DIRECTION ( 'NONE',  ( -0.000000000000000000, 1.000000000000000000, -0.000000000000000000 ) ) ;
#11414 = ORIENTED_EDGE ( 'NONE', *, *, #830, .T. ) ;
#11415 = CARTESIAN_POINT ( 'NONE',  ( -134.4132373733341694, 370.0000000000001137, 310.2530072958558094 ) ) ;
#11416 = ADVANCED_FACE ( 'NONE', ( #9693 ), #9437, .F. ) ;
#11417 = CARTESIAN_POINT ( 'NONE',  ( -59.20020431027140262, 349.9491430880151484, 370.7326570099053242 ) ) ;
#11418 = DIRECTION ( 'NONE',  ( 0.000000000000000000, 0.000000000000000000, -1.000000000000000000 ) ) ;
#11419 = ORIENTED_EDGE ( 'NONE', *, *, #4349, .T. ) ;
#11420 = LINE ( 'NONE', #5572, #10454 ) ;
#11421 = VECTOR ( 'NONE', #205, 1000.000000000000114 ) ;
#11422 = DIRECTION ( 'NONE',  ( 0.7625037589850115483, 0.2383113124287892515, -0.6014945850979835917 ) ) ;
#11423 = CARTESIAN_POINT ( 'NONE',  ( 160.8382317221728215, 447.7225322203747737, 371.9420130233556279 ) ) ;
#11424 = CARTESIAN_POINT ( 'NONE',  ( -59.20020431027140262, 385.0000000000000000, 384.3406997176695086 ) ) ;
#11425 = DIRECTION ( 'NONE',  ( -0.000000000000000000, 1.000000000000000000, -0.000000000000000000 ) ) ;
#11426 = CARTESIAN_POINT ( 'NONE',  ( -153.2987821259122541, 352.5000000000000000, 297.0904220739075186 ) ) ;
#11427 = ORIENTED_EDGE ( 'NONE', *, *, #6359, .F. ) ;
#11428 = VERTEX_POINT ( 'NONE', #2786 ) ;
#11429 = CARTESIAN_POINT ( 'NONE',  ( -195.7024822690794110, 355.0000000000001137, 263.1601945342232511 ) ) ;
#11430 = FACE_BOUND ( 'NONE', #9320, .T. ) ;
#11431 = CARTESIAN_POINT ( 'NONE',  ( -154.9399074808346484, 339.9999999999999432, 281.4648038573122903 ) ) ;
#11432 = ORIENTED_EDGE ( 'NONE', *, *, #7869, .F. ) ;
#11433 = CIRCLE ( 'NONE', #3309, 20.00000000000000355 ) ;
#11434 = FACE_BOUND ( 'NONE', #10609, .T. ) ;
#11435 = DIRECTION ( 'NONE',  ( 0.000000000000000000, 0.000000000000000000, 1.000000000000000000 ) ) ;
#11436 = ADVANCED_FACE ( 'NONE', ( #8742 ), #1884, .F. ) ;
#11437 = CARTESIAN_POINT ( 'NONE',  ( -14.47175039158921273, 117.0000000000000000, 371.2683589063772160 ) ) ;
#11438 = ADVANCED_FACE ( 'NONE', ( #7665 ), #816, .T. ) ;
#11439 = DIRECTION ( 'NONE',  ( -1.000000000000000000, 0.000000000000000000, 0.000000000000000000 ) ) ;
#11440 = VERTEX_POINT ( 'NONE', #1945 ) ;
#11441 = CARTESIAN_POINT ( 'NONE',  ( -139.9999999999998863, 120.0000000000000000, 339.9999999999999432 ) ) ;
#11442 = ORIENTED_EDGE ( 'NONE', *, *, #8250, .T. ) ;
#11443 = VECTOR ( 'NONE', #5744, 1000.000000000000000 ) ;
#11444 = EDGE_CURVE ( 'NONE', #10455, #3374, #8623, .T. ) ;
#11445 = ORIENTED_EDGE ( 'NONE', *, *, #7760, .T. ) ;
#11446 = EDGE_LOOP ( 'NONE', ( #1491, #1713, #899, #8044 ) ) ;
#11447 = LINE ( 'NONE', #11674, #4680 ) ;
#11448 = DIRECTION ( 'NONE',  ( 0.000000000000000000, 0.000000000000000000, 1.000000000000000000 ) ) ;
#11449 = ORIENTED_EDGE ( 'NONE', *, *, #5713, .F. ) ;
#11450 = ADVANCED_FACE ( 'NONE', ( #2846 ), #12420, .F. ) ;
#11451 = PLANE ( 'NONE',  #9010 ) ;
#11452 = DIRECTION ( 'NONE',  ( 0.000000000000000000, 0.000000000000000000, -1.000000000000000000 ) ) ;
#11453 = EDGE_LOOP ( 'NONE', ( #9514, #12066, #4984, #12374 ) ) ;
#11454 = VECTOR ( 'NONE', #7071, 1000.000000000000000 ) ;
#11455 = FACE_OUTER_BOUND ( 'NONE', #6046, .T. ) ;
#11456 = CARTESIAN_POINT ( 'NONE',  ( -42.48496570340520861, 117.0000000000000000, 368.8290452823252963 ) ) ;
#11457 = AXIS2_PLACEMENT_3D ( 'NONE', #4083, #154, #8331 ) ;
#11458 = EDGE_LOOP ( 'NONE', ( #970, #7395, #7012, #11203 ) ) ;
#11459 = EDGE_LOOP ( 'NONE', ( #4495, #3227, #6425, #10236 ) ) ;
#11460 = CARTESIAN_POINT ( 'NONE',  ( 130.5203249716378480, 117.0000000000000000, 368.2120121559649988 ) ) ;
#11461 = ORIENTED_EDGE ( 'NONE', *, *, #11531, .T. ) ;
#11462 = CIRCLE ( 'NONE', #10444, 4.476537341592923269 ) ;
#11463 = DIRECTION ( 'NONE',  ( 0.000000000000000000, 0.000000000000000000, 1.000000000000000000 ) ) ;
#11464 = EDGE_LOOP ( 'NONE', ( #11029, #135, #9918, #2752 ) ) ;
#11465 = ADVANCED_FACE ( 'NONE', ( #3846 ), #875, .F. ) ;
#11466 = CARTESIAN_POINT ( 'NONE',  ( 195.1917433146405756, 543.3721565844382440, 263.8076490288572131 ) ) ;
#11467 = ADVANCED_FACE ( 'NONE', ( #5692 ), #6581, .T. ) ;
#11468 = AXIS2_PLACEMENT_3D ( 'NONE', #7232, #8115, #1452 ) ;
#11469 = DIRECTION ( 'NONE',  ( 0.000000000000000000, -0.000000000000000000, -1.000000000000000000 ) ) ;
#11470 = CARTESIAN_POINT ( 'NONE',  ( -174.9943130982813955, 117.0000000000000000, 327.9680754845628599 ) ) ;
#11471 = EDGE_CURVE ( 'NONE', #3272, #1745, #9567, .T. ) ;
#11472 = CARTESIAN_POINT ( 'NONE',  ( -59.26671879462830361, 350.1419361611305021, 365.4919316482710201 ) ) ;
#11473 = LINE ( 'NONE', #10520, #2191 ) ;
#11474 = ORIENTED_EDGE ( 'NONE', *, *, #10433, .F. ) ;
#11475 = DIRECTION ( 'NONE',  ( 0.000000000000000000, -0.000000000000000000, -1.000000000000000000 ) ) ;
#11476 = AXIS2_PLACEMENT_3D ( 'NONE', #1641, #5379, #6588 ) ;
#11477 = ORIENTED_EDGE ( 'NONE', *, *, #11749, .T. ) ;
#11478 = VECTOR ( 'NONE', #5335, 1000.000000000000114 ) ;
#11479 = CARTESIAN_POINT ( 'NONE',  ( -130.5203249716377911, 117.0000000000000000, 375.7787404099272521 ) ) ;
#11480 = LINE ( 'NONE', #7419, #3020 ) ;
#11481 = AXIS2_PLACEMENT_3D ( 'NONE', #7183, #11048, #10105 ) ;
#11482 = LINE ( 'NONE', #8568, #12280 ) ;
#11483 = EDGE_LOOP ( 'NONE', ( #12462, #3412, #4249, #5959 ) ) ;
#11484 = CYLINDRICAL_SURFACE ( 'NONE', #3354, 3.093108195208626121 ) ;
#11485 = DIRECTION ( 'NONE',  ( 0.7625037589850115483, 0.2383113124287892515, -0.6014945850979835917 ) ) ;
#11486 = VECTOR ( 'NONE', #547, 1000.000000000000000 ) ;
#11487 = DIRECTION ( 'NONE',  ( -0.6193384587389311191, 0.000000000000000000, 0.7851241134539719280 ) ) ;
#11488 = DIRECTION ( 'NONE',  ( 0.7851241134539720390, 0.000000000000000000, 0.6193384587389308971 ) ) ;
#11489 = VECTOR ( 'NONE', #8054, 1000.000000000000000 ) ;
#11490 = CARTESIAN_POINT ( 'NONE',  ( -130.5203249716377911, 120.0000000000000000, 368.2120121559648851 ) ) ;
#11491 = EDGE_CURVE ( 'NONE', #10555, #12403, #3665, .T. ) ;
#11492 = AXIS2_PLACEMENT_3D ( 'NONE', #9762, #11608, #6781 ) ;
#11493 = EDGE_CURVE ( 'NONE', #10379, #700, #3784, .T. ) ;
#11494 = ORIENTED_EDGE ( 'NONE', *, *, #8229, .T. ) ;
#11495 = VERTEX_POINT ( 'NONE', #4804 ) ;
#11496 = FACE_OUTER_BOUND ( 'NONE', #5226, .T. ) ;
#11497 = CARTESIAN_POINT ( 'NONE',  ( -191.5603466453486590, 550.1499999999997499, 268.4111046198164559 ) ) ;
#11498 = DIRECTION ( 'NONE',  ( 0.000000000000000000, 0.8555234017384714118, 0.5177641442566627283 ) ) ;
#11499 = ADVANCED_FACE ( 'NONE', ( #7787 ), #8680, .T. ) ;
#11500 = VERTEX_POINT ( 'NONE', #12542 ) ;
#11501 = EDGE_CURVE ( 'NONE', #12134, #9097, #7728, .T. ) ;
#11502 = CARTESIAN_POINT ( 'NONE',  ( -195.7024822690793826, 355.0000000000001137, 263.1601945342233648 ) ) ;
#11503 = CARTESIAN_POINT ( 'NONE',  ( -132.0792540082315725, -1.757682705919117088E-14, 343.8142052428240163 ) ) ;
#11504 = VECTOR ( 'NONE', #5851, 1000.000000000000227 ) ;
#11505 = FACE_OUTER_BOUND ( 'NONE', #2546, .T. ) ;
#11506 = AXIS2_PLACEMENT_3D ( 'NONE', #8010, #9792, #8830 ) ;
#11507 = CYLINDRICAL_SURFACE ( 'NONE', #4072, 1.219656812025959880 ) ;
#11508 = ORIENTED_EDGE ( 'NONE', *, *, #2207, .T. ) ;
#11509 = CARTESIAN_POINT ( 'NONE',  ( -151.8249679581558098, 117.0000000000000000, 382.1878655542434444 ) ) ;
#11510 = ORIENTED_EDGE ( 'NONE', *, *, #11930, .F. ) ;
#11511 = AXIS2_PLACEMENT_3D ( 'NONE', #1154, #1278, #5146 ) ;
#11512 = EDGE_LOOP ( 'NONE', ( #7211, #3348, #730, #8769 ) ) ;
#11513 = AXIS2_PLACEMENT_3D ( 'NONE', #8473, #3701, #11448 ) ;
#11514 = DIRECTION ( 'NONE',  ( 6.938893903907229364E-16, 0.000000000000000000, 1.000000000000000000 ) ) ;
#11515 = VECTOR ( 'NONE', #11989, 1000.000000000000000 ) ;
#11516 = VERTEX_POINT ( 'NONE', #10639 ) ;
#11517 = CARTESIAN_POINT ( 'NONE',  ( 183.3631709588174488, 357.5000000000000000, 314.5935898537258595 ) ) ;
#11518 = CARTESIAN_POINT ( 'NONE',  ( 70.18354552143794933, 117.0000000000000000, 385.8071906031455569 ) ) ;
#11519 = DIRECTION ( 'NONE',  ( -0.000000000000000000, 1.000000000000000000, -0.000000000000000000 ) ) ;
#11520 = VECTOR ( 'NONE', #3459, 1000.000000000000000 ) ;
#11521 = AXIS2_PLACEMENT_3D ( 'NONE', #1104, #11827, #4078 ) ;
#11522 = ORIENTED_EDGE ( 'NONE', *, *, #11372, .F. ) ;
#11523 = FACE_OUTER_BOUND ( 'NONE', #3341, .T. ) ;
#11524 = VERTEX_POINT ( 'NONE', #5811 ) ;
#11525 = DIRECTION ( 'NONE',  ( -0.000000000000000000, -0.08715574274765820750, 0.9961946980917455452 ) ) ;
#11526 = ORIENTED_EDGE ( 'NONE', *, *, #2876, .T. ) ;
#11527 = CIRCLE ( 'NONE', #6865, 36.04942573944680362 ) ;
#11528 = DIRECTION ( 'NONE',  ( -0.7851241134539721500, -0.000000000000000000, -0.6193384587389308971 ) ) ;
#11529 = CARTESIAN_POINT ( 'NONE',  ( 159.9882456870035412, 315.0000000000000568, 309.1348121858818558 ) ) ;
#11530 = EDGE_LOOP ( 'NONE', ( #10161, #8335, #5685, #750 ) ) ;
#11531 = EDGE_CURVE ( 'NONE', #1540, #10983, #11395, .T. ) ;
#11532 = CARTESIAN_POINT ( 'NONE',  ( 182.4264068711928815, -169.9805043914711860, 382.4264068711929667 ) ) ;
#11533 = DIRECTION ( 'NONE',  ( 0.000000000000000000, 0.000000000000000000, -1.000000000000000000 ) ) ;
#11534 = FACE_OUTER_BOUND ( 'NONE', #9797, .T. ) ;
#11535 = ADVANCED_FACE ( 'NONE', ( #4612 ), #10456, .F. ) ;
#11536 = DIRECTION ( 'NONE',  ( 0.000000000000000000, 0.000000000000000000, -1.000000000000000000 ) ) ;
#11537 = EDGE_CURVE ( 'NONE', #9906, #1676, #5124, .T. ) ;
#11538 = LINE ( 'NONE', #937, #5025 ) ;
#11539 = B_SPLINE_SURFACE_WITH_KNOTS ( 'NONE', 2, 1, ( 
 ( #3518, #12404 ),
 ( #4531, #9297 ),
 ( #12341, #861 ) ),
 .UNSPECIFIED., .F., .F., .F.,
 ( 3, 3 ),
 ( 2, 2 ),
 ( 0.000000000000000000, 1.000000000000000000 ),
 ( 0.000000000000000000, 1.000000000000000000 ),
 .UNSPECIFIED. ) ;
#11540 = EDGE_LOOP ( 'NONE', ( #3989, #3230, #5912, #6407 ) ) ;
#11541 = CARTESIAN_POINT ( 'NONE',  ( -174.9943130982813955, 117.0000000000000000, 368.2120121559648851 ) ) ;
#11542 = ADVANCED_FACE ( 'NONE', ( #2011 ), #2066, .T. ) ;
#11543 = VERTEX_POINT ( 'NONE', #10881 ) ;
#11544 = DIRECTION ( 'NONE',  ( 0.000000000000000000, 0.000000000000000000, 1.000000000000000000 ) ) ;
#11545 = DIRECTION ( 'NONE',  ( 0.6193384587389297868, 0.000000000000000000, 0.7851241134539729272 ) ) ;
#11546 = CARTESIAN_POINT ( 'NONE',  ( 174.9943130982814523, 117.0000000000000000, 369.2830108560941653 ) ) ;
#11547 = ORIENTED_EDGE ( 'NONE', *, *, #224, .T. ) ;
#11548 = DIRECTION ( 'NONE',  ( 0.7843279627585255653, 0.000000000000000000, 0.6203463926187214872 ) ) ;
#11549 = CARTESIAN_POINT ( 'NONE',  ( -130.5203249716377911, 117.0000000000000000, 376.8992487218270071 ) ) ;
#11550 = FACE_OUTER_BOUND ( 'NONE', #993, .T. ) ;
#11551 = CARTESIAN_POINT ( 'NONE',  ( -170.1021877838220178, 500.6812611281160343, 313.8123964954402254 ) ) ;
#11552 = EDGE_CURVE ( 'NONE', #5161, #6293, #8854, .T. ) ;
#11553 = CIRCLE ( 'NONE', #11946, 2.113496831015027055 ) ;
#11554 = DIRECTION ( 'NONE',  ( 0.000000000000000000, 1.000000000000000000, 0.000000000000000000 ) ) ;
#11555 = PERSON_AND_ORGANIZATION ( #4658, #10914 ) ;
#11556 = ORIENTED_EDGE ( 'NONE', *, *, #1137, .T. ) ;
#11557 = ORIENTED_EDGE ( 'NONE', *, *, #520, .F. ) ;
#11558 = CARTESIAN_POINT ( 'NONE',  ( 196.9739027461575915, 420.0000000000000000, 307.7293187483178372 ) ) ;
#11559 = DIRECTION ( 'NONE',  ( 0.000000000000000000, 1.000000000000000000, 0.000000000000000000 ) ) ;
#11560 = DIRECTION ( 'NONE',  ( -0.000000000000000000, -1.000000000000000000, -0.000000000000000000 ) ) ;
#11561 = ORIENTED_EDGE ( 'NONE', *, *, #2130, .F. ) ;
#11562 = EDGE_CURVE ( 'NONE', #405, #6565, #5513, .T. ) ;
#11563 = ADVANCED_FACE ( 'NONE', ( #1058 ), #743, .T. ) ;
#11564 = DIRECTION ( 'NONE',  ( -0.000000000000000000, -1.000000000000000000, 0.000000000000000000 ) ) ;
#11565 = CARTESIAN_POINT ( 'NONE',  ( -90.38941842308959451, 415.2390632621639384, 381.8104443050700638 ) ) ;
#11566 = DIRECTION ( 'NONE',  ( 0.000000000000000000, 0.000000000000000000, 1.000000000000000000 ) ) ;
#11567 = CARTESIAN_POINT ( 'NONE',  ( 202.3179527588677047, 489.0199999999996976, 268.9994750920784554 ) ) ;
#11568 = VECTOR ( 'NONE', #11853, 1000.000000000000114 ) ;
#11569 = ORIENTED_EDGE ( 'NONE', *, *, #1059, .T. ) ;
#11570 = CARTESIAN_POINT ( 'NONE',  ( 88.05505890628789700, 340.0000000000000568, 88.05505890635352273 ) ) ;
#11571 = VERTEX_POINT ( 'NONE', #8034 ) ;
#11572 = ORIENTED_EDGE ( 'NONE', *, *, #830, .F. ) ;
#11573 = CARTESIAN_POINT ( 'NONE',  ( 130.5203249716378480, 120.0000000000000000, 375.7770121559649965 ) ) ;
#11574 = ORIENTED_EDGE ( 'NONE', *, *, #6276, .F. ) ;
#11575 = EDGE_CURVE ( 'NONE', #5613, #7005, #216, .T. ) ;
#11576 = DIRECTION ( 'NONE',  ( -0.000000000000000000, 0.000000000000000000, 1.000000000000000000 ) ) ;
#11577 = ADVANCED_FACE ( 'NONE', ( #4090 ), #7970, .T. ) ;
#11578 = CARTESIAN_POINT ( 'NONE',  ( 132.3286688073715993, 340.0000000000000568, 343.4980266327372078 ) ) ;
#11579 = DIRECTION ( 'NONE',  ( -1.000000000000000000, 0.000000000000000000, 0.000000000000000000 ) ) ;
#11580 = CARTESIAN_POINT ( 'NONE',  ( -173.9269422669505047, 569.9566173633668313, 261.7908725774447021 ) ) ;
#11581 = AXIS2_PLACEMENT_3D ( 'NONE', #11052, #3439, #5404 ) ;
#11582 = VERTEX_POINT ( 'NONE', #4031 ) ;
#11583 = CARTESIAN_POINT ( 'NONE',  ( -159.9882456869716520, 315.0000000000000568, 309.1348121858569016 ) ) ;
#11584 = ORIENTED_EDGE ( 'NONE', *, *, #10620, .T. ) ;
#11585 = LINE ( 'NONE', #267, #11421 ) ;
#11586 = DIRECTION ( 'NONE',  ( 0.000000000000000000, 1.000000000000000000, 0.000000000000000000 ) ) ;
#11587 = VERTEX_POINT ( 'NONE', #6896 ) ;
#11588 = CIRCLE ( 'NONE', #1859, 3.093108195208626121 ) ;
#11589 = DIRECTION ( 'NONE',  ( -0.6193384587389385576, 0.000000000000000000, -0.7851241134539660438 ) ) ;
#11590 = AXIS2_PLACEMENT_3D ( 'NONE', #969, #2035, #4053 ) ;
#11591 = DIRECTION ( 'NONE',  ( 0.000000000000000000, 0.000000000000000000, 1.000000000000000000 ) ) ;
#11592 = DIRECTION ( 'NONE',  ( 0.000000000000000000, 0.000000000000000000, -1.000000000000000000 ) ) ;
#11593 = CARTESIAN_POINT ( 'NONE',  ( 139.2992193110602273, 494.0199999999996976, 343.1411934117733153 ) ) ;
#11594 = CARTESIAN_POINT ( 'NONE',  ( -184.7965161339391500, 500.4039710772943863, 295.0748014482243775 ) ) ;
#11595 = EDGE_LOOP ( 'NONE', ( #8403, #1393, #1325, #10739 ) ) ;
#11596 = CARTESIAN_POINT ( 'NONE',  ( 59.34243920159818231, 385.0000000000000000, 385.9443499868726803 ) ) ;
#11597 = ADVANCED_FACE ( 'NONE', ( #7911 ), #3078, .T. ) ;
#11598 = VECTOR ( 'NONE', #5314, 1000.000000000000000 ) ;
#11599 = ORIENTED_EDGE ( 'NONE', *, *, #7704, .T. ) ;
#11600 = ADVANCED_FACE ( 'NONE', ( #2253 ), #9935, .F. ) ;
#11601 = CARTESIAN_POINT ( 'NONE',  ( -130.5203249716377911, 117.0000000000000000, 368.2120121559648851 ) ) ;
#11602 = DIRECTION ( 'NONE',  ( -0.7625037589850115483, -0.2383113124287892792, 0.6014945850979835917 ) ) ;
#11603 =( BOUNDED_SURFACE ( )  B_SPLINE_SURFACE ( 3, 2, ( 
 ( #141, #5970, #10622 ),
 ( #7771, #11640, #7832 ),
 ( #11580, #8897, #9796 ),
 ( #9674, #4013, #6879 ),
 ( #10746, #5915, #3060 ),
 ( #2050, #2885, #9856 ),
 ( #199, #4070, #1869 ),
 ( #9610, #920, #1927 ),
 ( #5794, #9976, #7123 ),
 ( #9087, #5454, #2235 ),
 ( #1648, #4560, #8383 ),
 ( #328, #12241, #9020 ),
 ( #3550, #4196, #8447 ),
 ( #8081, #3241, #1222 ),
 ( #11944, #2172, #4501 ),
 ( #10987, #7429, #5517 ),
 ( #2295, #2614, #8958 ),
 ( #6159, #6094, #3114 ) ),
 .UNSPECIFIED., .F., .F., .T. ) 
 B_SPLINE_SURFACE_WITH_KNOTS ( ( 4, 2, 2, 2, 2, 2, 2, 2, 4 ),
 ( 3, 3 ),
 ( 4.712388980384689674, 4.908738521234051966, 5.105088062083414258, 5.301437602932775661, 5.497787143782137953, 5.694136684631500245, 5.890486225480861648, 6.086835766330223940, 6.283185307179586232 ),
 ( 0.000000000000000000, 1.000000000000000000 ),
 .UNSPECIFIED. ) 
 GEOMETRIC_REPRESENTATION_ITEM ( )  RATIONAL_B_SPLINE_SURFACE ( (
 ( 1.000000000000000000, 0.7071067811865475727, 1.000000000000000000),
 ( 1.000000000000000000, 0.7252757894723063092, 1.000000000000000000),
 ( 1.000000000000000000, 0.7427388173851146025, 1.000000000000000000),
 ( 1.000000000000000000, 0.7759251455219953186, 1.000000000000000000),
 ( 1.000000000000000000, 0.7916478270332325540, 1.000000000000000000),
 ( 1.000000000000000000, 0.8210852510482974376, 1.000000000000000000),
 ( 1.000000000000000000, 0.8348003503198538899, 1.000000000000000000),
 ( 1.000000000000000000, 0.8600103097014526465, 1.000000000000000000),
 ( 1.000000000000000000, 0.8715053805319356028, 1.000000000000000000),
 ( 1.000000000000000000, 0.8921082873082614162, 1.000000000000000000),
 ( 1.000000000000000000, 0.9012162473096280157, 1.000000000000000000),
 ( 1.000000000000000000, 0.9169184243926391531, 1.000000000000000000),
 ( 1.000000000000000000, 0.9235127131964498970, 1.000000000000000000),
 ( 1.000000000000000000, 0.9340987095188563183, 1.000000000000000000),
 ( 1.000000000000000000, 0.9380904561128718955, 1.000000000000000000),
 ( 1.000000000000000000, 0.9434186051277536622, 1.000000000000000000),
 ( 1.000000000000000000, 0.9447555738185782204, 1.000000000000000000),
 ( 1.000000000000000000, 0.9447550247164528958, 1.000000000000000000) ) ) 
 REPRESENTATION_ITEM ( '' )  SURFACE ( )  );
#11604 = DIRECTION ( 'NONE',  ( 1.000000000000000000, -0.000000000000000000, -0.000000000000000000 ) ) ;
#11605 = DIRECTION ( 'NONE',  ( 0.000000000000000000, 0.000000000000000000, 1.000000000000000000 ) ) ;
#11606 = EDGE_CURVE ( 'NONE', #466, #10508, #9994, .T. ) ;
#11607 = LINE ( 'NONE', #9883, #10805 ) ;
#11608 = DIRECTION ( 'NONE',  ( 0.000000000000000000, 1.000000000000000000, 0.000000000000000000 ) ) ;
#11609 = CARTESIAN_POINT ( 'NONE',  ( 218.9543743732946268, 539.1499999999995225, 282.1229743516821031 ) ) ;
#11610 = DIRECTION ( 'NONE',  ( -0.000000000000000000, 0.000000000000000000, 1.000000000000000000 ) ) ;
#11611 = APPROVAL_STATUS ( 'not_yet_approved' ) ;
#11612 = VERTEX_POINT ( 'NONE', #347 ) ;
#11613 = ORIENTED_EDGE ( 'NONE', *, *, #6242, .T. ) ;
#11614 = CARTESIAN_POINT ( 'NONE',  ( -62.80334236607136233, 372.3895018983490672, 377.8812197398837611 ) ) ;
#11615 = AXIS2_PLACEMENT_3D ( 'NONE', #4019, #10751, #5801 ) ;
#11616 = DIRECTION ( 'NONE',  ( 0.000000000000000000, -1.000000000000000000, 0.000000000000000000 ) ) ;
#11617 = EDGE_CURVE ( 'NONE', #6084, #7047, #9873, .T. ) ;
#11618 = SPHERICAL_SURFACE ( 'NONE', #1119, 5.000000000000000000 ) ;
#11619 = VERTEX_POINT ( 'NONE', #10702 ) ;
#11620 = DIRECTION ( 'NONE',  ( -0.6193384587389321183, 0.000000000000000000, -0.7851241134539710398 ) ) ;
#11621 = ADVANCED_FACE ( 'NONE', ( #1181 ), #8917, .T. ) ;
#11622 = DIRECTION ( 'NONE',  ( 0.000000000000000000, 0.000000000000000000, -1.000000000000000000 ) ) ;
#11623 = CARTESIAN_POINT ( 'NONE',  ( 74.86688931094020916, 370.0000000000000000, 366.3561429881301592 ) ) ;
#11624 = ADVANCED_FACE ( 'NONE', ( #11718 ), #5361, .T. ) ;
#11625 = DIRECTION ( 'NONE',  ( -0.7843279627585261204, 0.000000000000000000, -0.6203463926187208211 ) ) ;
#11626 = ORIENTED_EDGE ( 'NONE', *, *, #8737, .F. ) ;
#11627 = FACE_OUTER_BOUND ( 'NONE', #1316, .T. ) ;
#11628 = ORIENTED_EDGE ( 'NONE', *, *, #9462, .T. ) ;
#11629 = VERTEX_POINT ( 'NONE', #9300 ) ;
#11630 = VECTOR ( 'NONE', #1327, 1000.000000000000227 ) ;
#11631 = DIRECTION ( 'NONE',  ( -0.000000000000000000, 1.000000000000000000, -0.000000000000000000 ) ) ;
#11632 = ORIENTED_EDGE ( 'NONE', *, *, #1638, .F. ) ;
#11633 = CARTESIAN_POINT ( 'NONE',  ( 0.000000000000000000, 360.0000000000000000, 374.3406997176694517 ) ) ;
#11634 = LINE ( 'NONE', #793, #8666 ) ;
#11635 = B_SPLINE_CURVE_WITH_KNOTS ( 'NONE', 3,
 ( #9430, #5432, #7344, #10388, #5494, #12352, #741, #9498 ),
 .UNSPECIFIED., .F., .F.,
 ( 4, 1, 1, 1, 1, 4 ),
 ( 0.000000000000000000, 0.1270575306087949885, 0.3098318228047027834, 0.3771828859513634558, 0.6273544278652261053, 1.000000000000000000 ),
 .UNSPECIFIED. ) ;
#11636 = CYLINDRICAL_SURFACE ( 'NONE', #5149, 0.7656912382572045317 ) ;
#11637 = VERTEX_POINT ( 'NONE', #10061 ) ;
#11638 = VECTOR ( 'NONE', #6515, 1000.000000000000000 ) ;
#11639 = CARTESIAN_POINT ( 'NONE',  ( -111.3767717391519767, 447.6530411536430165, 392.5570525041796373 ) ) ;
#11640 = CARTESIAN_POINT ( 'NONE',  ( -186.8299564427751136, 569.1481585873915492, 274.4077343488986571 ) ) ;
#11641 = ORIENTED_EDGE ( 'NONE', *, *, #3371, .F. ) ;
#11642 = DIRECTION ( 'NONE',  ( 0.7625037589850115483, 0.2383113124287892792, -0.6014945850979835917 ) ) ;
#11643 = ORIENTED_EDGE ( 'NONE', *, *, #4159, .T. ) ;
#11644 = ADVANCED_FACE ( 'NONE', ( #5487 ), #10127, .T. ) ;
#11645 = ADVANCED_FACE ( 'NONE', ( #1429 ), #12025, .T. ) ;
#11646 = CARTESIAN_POINT ( 'NONE',  ( -66.20020431027141683, 354.8586249811227162, 358.1839072261502679 ) ) ;
#11648 = VERTEX_POINT ( 'NONE', #8355 ) ;
#11647 = VECTOR ( 'NONE', #2952, 1000.000000000000000 ) ;
#11649 = CARTESIAN_POINT ( 'NONE',  ( -59.20020431027140262, 349.9412953080442321, 379.8958356672611671 ) ) ;
#11650 = FACE_OUTER_BOUND ( 'NONE', #1594, .T. ) ;
#11651 = CARTESIAN_POINT ( 'NONE',  ( -209.2562056726987976, 550.1499999999997499, 294.4171666398316347 ) ) ;
#11652 = EDGE_CURVE ( 'NONE', #11857, #1571, #2451, .T. ) ;
#11653 = LINE ( 'NONE', #4027, #8788 ) ;
#11654 = FACE_OUTER_BOUND ( 'NONE', #445, .T. ) ;
#11655 = VERTEX_POINT ( 'NONE', #6374 ) ;
#11656 = DIRECTION ( 'NONE',  ( -0.6193384587389313412, 0.000000000000000000, 0.7851241134539717059 ) ) ;
#11657 = DIRECTION ( 'NONE',  ( 0.000000000000000000, -0.9961946980917456562, -0.08715574274765783280 ) ) ;
#11658 = DIRECTION ( 'NONE',  ( 0.000000000000000000, 1.000000000000000000, 0.000000000000000000 ) ) ;
#11659 = DIRECTION ( 'NONE',  ( 1.000000000000000000, 0.000000000000000000, 0.000000000000000000 ) ) ;
#11660 = EDGE_CURVE ( 'NONE', #5810, #11612, #42, .T. ) ;
#11661 = CYLINDRICAL_SURFACE ( 'NONE', #8781, 7.566728253962374140 ) ;
#11662 = DIRECTION ( 'NONE',  ( 0.1924154613586760709, -0.9711530084039704525, -0.1408478771513629324 ) ) ;
#11663 = CIRCLE ( 'NONE', #2549, 3.649999999999986589 ) ;
#11664 = DIRECTION ( 'NONE',  ( -0.000000000000000000, 1.000000000000000000, -0.000000000000000000 ) ) ;
#11665 = FACE_OUTER_BOUND ( 'NONE', #1998, .T. ) ;
#11666 = VECTOR ( 'NONE', #3985, 1000.000000000000000 ) ;
#11667 = PERSON_AND_ORGANIZATION_ROLE ( 'creator' ) ;
#11668 = ORIENTED_EDGE ( 'NONE', *, *, #4995, .T. ) ;
#11669 =( BOUNDED_SURFACE ( )  B_SPLINE_SURFACE ( 3, 2, ( 
 ( #4478, #5492, #8361 ),
 ( #4539, #7904, #1050 ),
 ( #2950, #7842, #3898 ),
 ( #6705, #995, #6822 ) ),
 .UNSPECIFIED., .F., .F., .F. ) 
 B_SPLINE_SURFACE_WITH_KNOTS ( ( 4, 4 ),
 ( 3, 3 ),
 ( 4.664504211012665991, 4.712388980384689674 ),
 ( 0.9198099576376514985, 1.000000000000000000 ),
 .UNSPECIFIED. ) 
 GEOMETRIC_REPRESENTATION_ITEM ( )  RATIONAL_B_SPLINE_SURFACE ( (
 ( 0.9583275249128064832, 0.9773472363822734987, 1.000000000000000000),
 ( 0.9578199905608276721, 0.9770713455051610596, 1.000000000000000000),
 ( 0.9573082212499388621, 0.9767931525444090157, 1.000000000000000000),
 ( 0.9567926269866929845, 0.9765128803757047171, 1.000000000000000000) ) ) 
 REPRESENTATION_ITEM ( '' )  SURFACE ( )  );
#11670 = DIRECTION ( 'NONE',  ( -0.000000000000000000, -1.000000000000000000, -0.000000000000000000 ) ) ;
#11671 = ADVANCED_FACE ( 'NONE', ( #5300 ), #9229, .T. ) ;
#11672 = DIRECTION ( 'NONE',  ( 0.7625037589850115483, 0.2383113124287892515, -0.6014945850979835917 ) ) ;
#11673 = CARTESIAN_POINT ( 'NONE',  ( 59.34243920159818231, 368.7211259633091913, 370.8125090381868745 ) ) ;
#11674 = CARTESIAN_POINT ( 'NONE',  ( -70.18354552143790670, 117.0000000000000000, 368.5173196178368471 ) ) ;
#11675 = VECTOR ( 'NONE', #5938, 1000.000000000000000 ) ;
#11676 = DIRECTION ( 'NONE',  ( 0.000000000000000000, -0.000000000000000000, -1.000000000000000000 ) ) ;
#11677 = VERTEX_POINT ( 'NONE', #476 ) ;
#11678 = VECTOR ( 'NONE', #6394, 1000.000000000000000 ) ;
#11679 = DIRECTION ( 'NONE',  ( 0.6193384587389316742, -0.000000000000000000, 0.7851241134539714839 ) ) ;
#11680 = DIRECTION ( 'NONE',  ( 0.000000000000000000, -0.08715574274765820750, 0.9961946980917455452 ) ) ;
#11681 = LINE ( 'NONE', #1142, #9468 ) ;
#11682 = CIRCLE ( 'NONE', #2964, 3.093108195208582600 ) ;
#11683 = CARTESIAN_POINT ( 'NONE',  ( -162.0196774713020602, 500.8166844330152117, 324.1121025183072106 ) ) ;
#11684 = ORIENTED_EDGE ( 'NONE', *, *, #3870, .T. ) ;
#11685 = ORIENTED_EDGE ( 'NONE', *, *, #5567, .T. ) ;
#11686 = DIRECTION ( 'NONE',  ( -1.000000000000000000, 0.000000000000000000, 0.000000000000000000 ) ) ;
#11687 = ORIENTED_EDGE ( 'NONE', *, *, #3135, .T. ) ;
#11688 = ADVANCED_FACE ( 'NONE', ( #410 ), #4473, .F. ) ;
#11689 = ORIENTED_EDGE ( 'NONE', *, *, #8872, .T. ) ;
#11690 = CARTESIAN_POINT ( 'NONE',  ( 88.53618374789289192, 416.8296090012182162, 382.7730451548061410 ) ) ;
#11691 = ORIENTED_EDGE ( 'NONE', *, *, #8605, .T. ) ;
#11692 = EDGE_CURVE ( 'NONE', #160, #12403, #12523, .T. ) ;
#11693 = DIRECTION ( 'NONE',  ( 0.000000000000000000, 1.000000000000000000, -0.000000000000000000 ) ) ;
#11694 = VECTOR ( 'NONE', #1094, 1000.000000000000000 ) ;
#11695 = CARTESIAN_POINT ( 'NONE',  ( 164.4238225416456203, 120.0000000000000000, 275.4109746108541117 ) ) ;
#11696 = EDGE_CURVE ( 'NONE', #9396, #12277, #4281, .T. ) ;
#11697 = ORIENTED_EDGE ( 'NONE', *, *, #6236, .F. ) ;
#11698 = CARTESIAN_POINT ( 'NONE',  ( -185.1112515638691320, 554.8435477118470089, 316.2447010997170764 ) ) ;
#11699 = CARTESIAN_POINT ( 'NONE',  ( -63.62321363309397526, -570.1500000000002046, 0.000000000000000000 ) ) ;
#11700 = ORIENTED_EDGE ( 'NONE', *, *, #9387, .T. ) ;
#11701 = CIRCLE ( 'NONE', #2799, 36.04942573944680362 ) ;
#11702 = PLANE ( 'NONE',  #6028 ) ;
#11703 = AXIS2_PLACEMENT_3D ( 'NONE', #10982, #3172, #3297 ) ;
#11704 = ORIENTED_EDGE ( 'NONE', *, *, #11493, .F. ) ;
#11705 = AXIS2_PLACEMENT_3D ( 'NONE', #11105, #6335, #4500 ) ;
#11706 = DIRECTION ( 'NONE',  ( 0.000000000000000000, 0.000000000000000000, 1.000000000000000000 ) ) ;
#11707 = CARTESIAN_POINT ( 'NONE',  ( -161.1765422163929600, 500.5088445683899749, 327.3864995417206956 ) ) ;
#11708 = ORIENTED_EDGE ( 'NONE', *, *, #2856, .F. ) ;
#11709 = CARTESIAN_POINT ( 'NONE',  ( 63.22710656346757219, 399.4793948433174933, 380.2512782686993660 ) ) ;
#11710 = CARTESIAN_POINT ( 'NONE',  ( -171.6157891360268195, 117.0000000000000000, 349.9640353578183749 ) ) ;
#11711 = AXIS2_PLACEMENT_3D ( 'NONE', #10932, #2242, #6104 ) ;
#11712 = EDGE_CURVE ( 'NONE', #6026, #10073, #9980, .T. ) ;
#11713 = ADVANCED_FACE ( 'NONE', ( #11271 ), #7276, .T. ) ;
#11714 = CARTESIAN_POINT ( 'NONE',  ( 171.6157891360268763, 117.0000000000000000, 351.4274360680452673 ) ) ;
#11715 = AXIS2_PLACEMENT_3D ( 'NONE', #7220, #12169, #1567 ) ;
#11716 = LINE ( 'NONE', #10818, #4832 ) ;
#11717 = EDGE_LOOP ( 'NONE', ( #8126, #3265, #863, #8977 ) ) ;
#11718 = FACE_OUTER_BOUND ( 'NONE', #11459, .T. ) ;
#11719 = CIRCLE ( 'NONE', #9888, 1.689261981127287982 ) ;
#11720 = EDGE_CURVE ( 'NONE', #9970, #10212, #6309, .T. ) ;
#11721 = DIRECTION ( 'NONE',  ( 1.000000000000000000, 0.000000000000000000, 0.000000000000000000 ) ) ;
#11722 = VECTOR ( 'NONE', #7203, 1000.000000000000000 ) ;
#11723 = DIRECTION ( 'NONE',  ( 0.000000000000000000, 1.000000000000000000, 0.000000000000000000 ) ) ;
#11724 = DIRECTION ( 'NONE',  ( -0.6984011233339703084, -0.1564344650402308967, 0.6984011233334501689 ) ) ;
#11725 = CARTESIAN_POINT ( 'NONE',  ( 131.0316872456540978, 90.00000000000000000, 295.0859229108798445 ) ) ;
#11726 = DIRECTION ( 'NONE',  ( 0.6193384587389308971, 0.000000000000000000, -0.7851241134539721500 ) ) ;
#11727 = AXIS2_PLACEMENT_3D ( 'NONE', #11, #9843, #11747 ) ;
#11728 = LINE ( 'NONE', #5057, #8860 ) ;
#11729 = CARTESIAN_POINT ( 'NONE',  ( 208.7092815372182315, 539.1499999999995225, 280.4096401365157476 ) ) ;
#11730 = DATE_AND_TIME ( #7864, #8293 ) ;
#11731 = ORIENTED_EDGE ( 'NONE', *, *, #2939, .T. ) ;
#11732 = DIRECTION ( 'NONE',  ( 0.000000000000000000, 1.000000000000000000, 0.000000000000000000 ) ) ;
#11733 = LINE ( 'NONE', #2027, #11666 ) ;
#11734 = CARTESIAN_POINT ( 'NONE',  ( -130.5203249716377911, 117.0000000000000000, 359.5247755901027631 ) ) ;
#11735 = CARTESIAN_POINT ( 'NONE',  ( -59.26671879462830361, 356.9106833265976206, 382.6229516748982746 ) ) ;
#11736 = CARTESIAN_POINT ( 'NONE',  ( -192.2160546689203215, 370.0000000000001137, 264.0241012336764470 ) ) ;
#11737 = VERTEX_POINT ( 'NONE', #6443 ) ;
#11738 = CARTESIAN_POINT ( 'NONE',  ( 74.75501464662400508, 379.9711227638799187, 379.5483454543126527 ) ) ;
#11739 = DIRECTION ( 'NONE',  ( 0.000000000000000000, 1.000000000000000000, 0.000000000000000000 ) ) ;
#11740 = AXIS2_PLACEMENT_3D ( 'NONE', #9759, #9818, #2963 ) ;
#11741 = LINE ( 'NONE', #2088, #12517 ) ;
#11742 = CARTESIAN_POINT ( 'NONE',  ( 163.4842185463904514, 447.7225322203747737, 368.5877435923811163 ) ) ;
#11743 = EDGE_CURVE ( 'NONE', #541, #10410, #3398, .T. ) ;
#11744 =( BOUNDED_CURVE ( )  B_SPLINE_CURVE ( 3, ( #789, #6851, #10493, #4652 ),
 .UNSPECIFIED., .F., .F. ) 
 B_SPLINE_CURVE_WITH_KNOTS ( ( 4, 4 ),
 ( 4.664789806058623256, 4.712388980384689674 ),
 .UNSPECIFIED. ) 
 CURVE ( )  GEOMETRIC_REPRESENTATION_ITEM ( )  RATIONAL_B_SPLINE_CURVE ( ( 1.000000000000000000, 0.9998112021287883788, 0.9998112021287883788, 1.000000000000000000 ) ) 
 REPRESENTATION_ITEM ( '' )  );
#11745 = EDGE_LOOP ( 'NONE', ( #64, #329, #3664, #7664 ) ) ;
#11746 = EDGE_LOOP ( 'NONE', ( #8906, #3587, #7810, #4361 ) ) ;
#11747 = DIRECTION ( 'NONE',  ( 0.000000000000000000, 0.000000000000000000, 1.000000000000000000 ) ) ;
#11748 = EDGE_LOOP ( 'NONE', ( #4716, #11806, #1268, #2519 ) ) ;
#11749 = EDGE_CURVE ( 'NONE', #5953, #11867, #7338, .T. ) ;
#11750 = AXIS2_PLACEMENT_3D ( 'NONE', #6957, #5996, #5755 ) ;
#11751 = ORIENTED_EDGE ( 'NONE', *, *, #1719, .F. ) ;
#11752 = EDGE_CURVE ( 'NONE', #12124, #8569, #4627, .T. ) ;
#11753 = DIRECTION ( 'NONE',  ( 0.000000000000000000, -1.000000000000000000, 0.000000000000000000 ) ) ;
#11754 = EDGE_LOOP ( 'NONE', ( #3426, #11141, #4795, #3562, #8716, #7238, #907, #12470, #9138, #3601, #7243, #9874 ) ) ;
#11755 = CARTESIAN_POINT ( 'NONE',  ( -206.5198437253571910, 544.8120860035563737, 287.4585021347289171 ) ) ;
#11756 = EDGE_CURVE ( 'NONE', #4713, #527, #10324, .T. ) ;
#11757 = DIRECTION ( 'NONE',  ( 1.000000000000000000, 0.000000000000000000, 0.000000000000000000 ) ) ;
#11758 = AXIS2_PLACEMENT_3D ( 'NONE', #3278, #5130, #2147 ) ;
#11759 = ORIENTED_EDGE ( 'NONE', *, *, #8528, .T. ) ;
#11760 = DIRECTION ( 'NONE',  ( -1.000000000000000000, 0.000000000000000000, -0.000000000000000000 ) ) ;
#11761 = LINE ( 'NONE', #3828, #8546 ) ;
#11762 = EDGE_LOOP ( 'NONE', ( #5549, #8962, #10868, #9419 ) ) ;
#11763 = FACE_OUTER_BOUND ( 'NONE', #9629, .T. ) ;
#11764 = EDGE_LOOP ( 'NONE', ( #2785, #1352, #11904, #6177 ) ) ;
#11765 = CARTESIAN_POINT ( 'NONE',  ( -199.3656316714202035, 554.5984970748237401, 298.0775936582605254 ) ) ;
#11766 = DIRECTION ( 'NONE',  ( -0.7851241134539714839, 0.000000000000000000, 0.6193384587389316742 ) ) ;
#11767 = EDGE_LOOP ( 'NONE', ( #9857, #6431, #5972, #9090, #1576 ) ) ;
#11768 = CARTESIAN_POINT ( 'NONE',  ( -59.20020431027140262, 350.0529641365511679, 372.2640970779426652 ) ) ;
#11769 = EDGE_CURVE ( 'NONE', #12436, #9168, #10306, .T. ) ;
#11770 = DIRECTION ( 'NONE',  ( 0.7851241134539705957, 0.000000000000000000, -0.6193384587389326734 ) ) ;
#11771 = CARTESIAN_POINT ( 'NONE',  ( 0.000000000000000000, 420.0000000000000000, 0.000000000000000000 ) ) ;
#11772 = ORIENTED_EDGE ( 'NONE', *, *, #8268, .F. ) ;
#11773 = CARTESIAN_POINT ( 'NONE',  ( 59.34243920159818231, 383.0054035202313685, 0.000000000000000000 ) ) ;
#11774 = VECTOR ( 'NONE', #763, 1000.000000000000000 ) ;
#11775 = ADVANCED_FACE ( 'NONE', ( #1871 ), #3654, .T. ) ;
#11776 = DIRECTION ( 'NONE',  ( -0.000000000000000000, 1.000000000000000000, -0.000000000000000000 ) ) ;
#11777 = VERTEX_POINT ( 'NONE', #9491 ) ;
#11778 = CARTESIAN_POINT ( 'NONE',  ( -174.3634170613648564, 500.5974297687673129, 308.3772996811273401 ) ) ;
#11779 = AXIS2_PLACEMENT_3D ( 'NONE', #10270, #4430, #9183 ) ;
#11780 = VECTOR ( 'NONE', #1157, 1000.000000000000000 ) ;
#11781 = LINE ( 'NONE', #11902, #1384 ) ;
#11782 = CARTESIAN_POINT ( 'NONE',  ( 172.5957802874948186, 501.6802010741481013, 292.4521408878794659 ) ) ;
#11783 = DIRECTION ( 'NONE',  ( 0.000000000000000000, 0.000000000000000000, -1.000000000000000000 ) ) ;
#11784 = FACE_OUTER_BOUND ( 'NONE', #3376, .T. ) ;
#11785 = FACE_OUTER_BOUND ( 'NONE', #10499, .T. ) ;
#11786 = APPLICATION_CONTEXT ( 'configuration controlled 3d designs of mechanical parts and assemblies' ) ;
#11787 = DIRECTION ( 'NONE',  ( 0.7625037589850115483, 0.2383113124287892792, -0.6014945850979835917 ) ) ;
#11788 = AXIS2_PLACEMENT_3D ( 'NONE', #542, #2582, #7143 ) ;
#11789 = CYLINDRICAL_SURFACE ( 'NONE', #1447, 3.093108195208704281 ) ;
#11790 = DATE_AND_TIME ( #7743, #10719 ) ;
#11791 = ORIENTED_EDGE ( 'NONE', *, *, #9710, .F. ) ;
#11792 = EDGE_CURVE ( 'NONE', #10490, #11897, #988, .T. ) ;
#11793 = DIRECTION ( 'NONE',  ( -0.000000000000000000, 1.000000000000000000, -0.000000000000000000 ) ) ;
#11794 = CARTESIAN_POINT ( 'NONE',  ( 132.0792540082315156, 550.1499999999997499, 343.8142052428237889 ) ) ;
#11795 = CARTESIAN_POINT ( 'NONE',  ( -190.7868687004565800, 120.0000000000000000, 332.2694703950617168 ) ) ;
#11796 = LINE ( 'NONE', #3157, #5067 ) ;
#11797 = LINE ( 'NONE', #2864, #7616 ) ;
#11798 = ORIENTED_EDGE ( 'NONE', *, *, #6524, .T. ) ;
#11799 = CARTESIAN_POINT ( 'NONE',  ( -167.3484120114241591, 500.3992172362661108, 319.5190981231311298 ) ) ;
#11800 = CARTESIAN_POINT ( 'NONE',  ( -119.2866493373866348, 31.24427373958731380, 202.8802166553616075 ) ) ;
#11801 = CARTESIAN_POINT ( 'NONE',  ( 0.000000000000000000, 370.0000000000001137, 0.000000000000000000 ) ) ;
#11802 = LINE ( 'NONE', #6796, #642 ) ;
#11803 = VERTEX_POINT ( 'NONE', #5612 ) ;
#11804 = EDGE_LOOP ( 'NONE', ( #5018, #3642, #11892, #7275 ) ) ;
#11805 = LINE ( 'NONE', #4894, #2619 ) ;
#11806 = ORIENTED_EDGE ( 'NONE', *, *, #10806, .T. ) ;
#11807 = VECTOR ( 'NONE', #3773, 1000.000000000000000 ) ;
#11808 = VERTEX_POINT ( 'NONE', #3589 ) ;
#11809 = CLOSED_SHELL ( 'NONE', ( #10169, #2363, #9951, #2528, #6147, #7116, #4942 ) ) ;
#11810 = EDGE_CURVE ( 'NONE', #12076, #2642, #12326, .T. ) ;
#11811 = DIRECTION ( 'NONE',  ( 0.000000000000000000, 0.000000000000000000, 1.000000000000000000 ) ) ;
#11812 = ORIENTED_EDGE ( 'NONE', *, *, #4132, .T. ) ;
#11813 = CARTESIAN_POINT ( 'NONE',  ( -209.9097617303760330, 541.9887564839756351, 282.0425654572982239 ) ) ;
#11814 = EDGE_CURVE ( 'NONE', #9354, #6115, #11719, .T. ) ;
#11815 = EDGE_CURVE ( 'NONE', #4011, #1914, #1069, .T. ) ;
#11816 = DIRECTION ( 'NONE',  ( -1.000000000000000000, 0.000000000000000000, -1.133962590713343958E-15 ) ) ;
#11817 = DIRECTION ( 'NONE',  ( -0.000000000000000000, -0.08715574274765820750, 0.9961946980917455452 ) ) ;
#11818 = DIRECTION ( 'NONE',  ( 0.000000000000000000, 1.000000000000000000, 0.000000000000000000 ) ) ;
#11819 = ADVANCED_FACE ( 'NONE', ( #2648 ), #7649, .T. ) ;
#11820 = EDGE_LOOP ( 'NONE', ( #6057, #8466, #2735, #11871 ) ) ;
#11821 = DIRECTION ( 'NONE',  ( -0.6177089183133550598, -0.008339822323399812345, -0.7863626005856071410 ) ) ;
#11822 = VERTEX_POINT ( 'NONE', #2705 ) ;
#11823 = AXIS2_PLACEMENT_3D ( 'NONE', #6667, #5511, #9578 ) ;
#11824 = VERTEX_POINT ( 'NONE', #11400 ) ;
#11825 = EDGE_CURVE ( 'NONE', #8129, #7118, #4726, .T. ) ;
#11826 = CARTESIAN_POINT ( 'NONE',  ( -59.20020431027140262, 360.0000000000000000, 357.2715862585909008 ) ) ;
#11827 = DIRECTION ( 'NONE',  ( 0.000000000000000000, 1.000000000000000000, 0.000000000000000000 ) ) ;
#11828 = ORIENTED_EDGE ( 'NONE', *, *, #1618, .T. ) ;
#11829 = DIRECTION ( 'NONE',  ( 0.000000000000000000, 0.000000000000000000, -1.000000000000000000 ) ) ;
#11830 = CARTESIAN_POINT ( 'NONE',  ( 155.6329774118507601, 550.1499999999997499, 362.3943590049917134 ) ) ;
#11831 = ORIENTED_EDGE ( 'NONE', *, *, #5227, .F. ) ;
#11832 = AXIS2_PLACEMENT_3D ( 'NONE', #742, #2591, #12415 ) ;
#11833 = CARTESIAN_POINT ( 'NONE',  ( -190.1818355124831328, 117.0000000000000000, 277.5473304590434509 ) ) ;
#11834 = DIRECTION ( 'NONE',  ( 1.000000000000000000, 0.000000000000000000, 0.000000000000000000 ) ) ;
#11835 = EDGE_LOOP ( 'NONE', ( #4685, #2092, #3570, #12294 ) ) ;
#11836 = CARTESIAN_POINT ( 'NONE',  ( -102.5071124636851891, 570.1385227702537577, 351.1942091943536752 ) ) ;
#11837 = EDGE_LOOP ( 'NONE', ( #2362, #10375, #1651, #2108 ) ) ;
#11838 = VECTOR ( 'NONE', #7332, 1000.000000000000000 ) ;
#11839 = ADVANCED_FACE ( 'NONE', ( #9612 ), #8700, .T. ) ;
#11840 = CARTESIAN_POINT ( 'NONE',  ( -184.7965161339391500, 500.4039710772943863, 295.0748014482243775 ) ) ;
#11841 = ORIENTED_EDGE ( 'NONE', *, *, #3973, .F. ) ;
#11842 = CARTESIAN_POINT ( 'NONE',  ( 186.3569881627600466, 550.1500000000582986, 275.0073076457734942 ) ) ;
#11843 = DIRECTION ( 'NONE',  ( -0.000000000000000000, -1.000000000000000000, 0.000000000000000000 ) ) ;
#11844 = DIRECTION ( 'NONE',  ( -0.000000000000000000, -1.000000000000000000, -0.000000000000000000 ) ) ;
#11845 = LINE ( 'NONE', #10829, #3369 ) ;
#11846 = ORIENTED_EDGE ( 'NONE', *, *, #695, .T. ) ;
#11847 = LINE ( 'NONE', #5823, #5625 ) ;
#11848 = CARTESIAN_POINT ( 'NONE',  ( -155.8478076762706337, 500.9263117651391326, 331.9795039368970606 ) ) ;
#11849 = CIRCLE ( 'NONE', #8625, 25.44093595064286717 ) ;
#11850 = ORIENTED_EDGE ( 'NONE', *, *, #3222, .F. ) ;
#11851 = DIRECTION ( 'NONE',  ( 0.7851241134539713729, -0.000000000000000000, -0.6193384587389316742 ) ) ;
#11852 = CARTESIAN_POINT ( 'NONE',  ( 190.1818355124832465, 117.0000000000000000, 277.5473304590436214 ) ) ;
#11853 = DIRECTION ( 'NONE',  ( -0.01423796119175044055, 0.9924325091389669673, -0.1219630897658639940 ) ) ;
#11854 = CARTESIAN_POINT ( 'NONE',  ( -199.9999999999998863, -585.1500000000002046, 0.000000000000000000 ) ) ;
#11855 = VECTOR ( 'NONE', #5850, 1000.000000000000000 ) ;
#11856 = CARTESIAN_POINT ( 'NONE',  ( -59.20020431027140262, 385.0000000000000000, 384.3406997176695086 ) ) ;
#11857 = VERTEX_POINT ( 'NONE', #4790 ) ;
#11858 = DIRECTION ( 'NONE',  ( 0.000000000000000000, 0.000000000000000000, 1.000000000000000000 ) ) ;
#11859 = LINE ( 'NONE', #9717, #4146 ) ;
#11860 = AXIS2_PLACEMENT_3D ( 'NONE', #2030, #7691, #5893 ) ;
#11861 = DIRECTION ( 'NONE',  ( -0.000000000000000000, 1.000000000000000000, -0.000000000000000000 ) ) ;
#11862 = EDGE_CURVE ( 'NONE', #7471, #5750, #8667, .T. ) ;
#11863 = DIRECTION ( 'NONE',  ( 0.000000000000000000, 0.000000000000000000, -1.000000000000000000 ) ) ;
#11864 = EDGE_CURVE ( 'NONE', #1475, #1292, #9075, .T. ) ;
#11865 = DIRECTION ( 'NONE',  ( -0.7625037589850115483, -0.2383113124287892515, 0.6014945850979835917 ) ) ;
#11866 = VERTEX_POINT ( 'NONE', #6699 ) ;
#11867 = VERTEX_POINT ( 'NONE', #10564 ) ;
#11868 = CARTESIAN_POINT ( 'NONE',  ( 111.4464948675895926, 117.0000000000000000, 370.0487020943513130 ) ) ;
#11869 = ORIENTED_EDGE ( 'NONE', *, *, #5725, .T. ) ;
#11870 = VECTOR ( 'NONE', #10950, 1000.000000000000000 ) ;
#11871 = ORIENTED_EDGE ( 'NONE', *, *, #8174, .F. ) ;
#11872 = EDGE_CURVE ( 'NONE', #8452, #8682, #12529, .T. ) ;
#11873 = EDGE_CURVE ( 'NONE', #5262, #2383, #2187, .T. ) ;
#11874 = CIRCLE ( 'NONE', #4373, 82.47470435369002928 ) ;
#11875 = CARTESIAN_POINT ( 'NONE',  ( -165.7525069238656954, 554.8645898435936488, 343.1213023789005092 ) ) ;
#11876 = ORIENTED_EDGE ( 'NONE', *, *, #282, .T. ) ;
#11877 = CARTESIAN_POINT ( 'NONE',  ( 2.081899558550500674E-14, 572.1499999999997499, 175.7695561956705319 ) ) ;
#11878 = CARTESIAN_POINT ( 'NONE',  ( 195.7024822690795531, 447.7225322203747737, 263.1601945342232511 ) ) ;
#11879 = FACE_OUTER_BOUND ( 'NONE', #11236, .T. ) ;
#11880 = DIRECTION ( 'NONE',  ( -0.6193384587389321183, 0.000000000000000000, -0.7851241134539710398 ) ) ;
#11881 = VERTEX_POINT ( 'NONE', #12345 ) ;
#11882 = CARTESIAN_POINT ( 'NONE',  ( -151.8249679581558098, 117.0000000000000000, 381.2424543206986982 ) ) ;
#11883 = ORIENTED_EDGE ( 'NONE', *, *, #3065, .F. ) ;
#11884 = AXIS2_PLACEMENT_3D ( 'NONE', #7087, #10952, #2462 ) ;
#11885 = VERTEX_POINT ( 'NONE', #6638 ) ;
#11886 = DIRECTION ( 'NONE',  ( 0.000000000000000000, -1.000000000000000000, 0.000000000000000000 ) ) ;
#11887 = CARTESIAN_POINT ( 'NONE',  ( 39.47285318341126015, 365.0000000000000000, 364.1971901727913519 ) ) ;
#11888 = ORIENTED_EDGE ( 'NONE', *, *, #2272, .F. ) ;
#11889 = CARTESIAN_POINT ( 'NONE',  ( 0.000000000000000000, 90.00000000000000000, 0.000000000000000000 ) ) ;
#11890 = DIRECTION ( 'NONE',  ( 0.000000000000000000, 0.000000000000000000, 1.000000000000000000 ) ) ;
#11891 = DIRECTION ( 'NONE',  ( 0.000000000000000000, 1.000000000000000000, 0.000000000000000000 ) ) ;
#11892 = ORIENTED_EDGE ( 'NONE', *, *, #7016, .T. ) ;
#11893 = LINE ( 'NONE', #7201, #5356 ) ;
#11894 = VECTOR ( 'NONE', #6874, 999.9999999999998863 ) ;
#11895 = LINE ( 'NONE', #7075, #4015 ) ;
#11896 = CIRCLE ( 'NONE', #7043, 0.7656912382571490205 ) ;
#11897 = VERTEX_POINT ( 'NONE', #10507 ) ;
#11898 = CARTESIAN_POINT ( 'NONE',  ( 63.89137538741336897, 315.0000000000000568, 63.89137538746088296 ) ) ;
#11899 = ORIENTED_EDGE ( 'NONE', *, *, #11814, .F. ) ;
#11900 = ADVANCED_FACE ( 'NONE', ( #1930 ), #5797, .T. ) ;
#11901 = EDGE_CURVE ( 'NONE', #12451, #4315, #1609, .T. ) ;
#11902 = CARTESIAN_POINT ( 'NONE',  ( 248.5985330171028806, 550.1499999999997499, 196.1048318924140119 ) ) ;
#11903 = VECTOR ( 'NONE', #11514, 1000.000000000000000 ) ;
#11904 = ORIENTED_EDGE ( 'NONE', *, *, #11210, .F. ) ;
#11905 = EDGE_CURVE ( 'NONE', #11288, #8068, #3181, .T. ) ;
#11906 = EDGE_CURVE ( 'NONE', #1227, #11881, #7062, .T. ) ;
#11907 = LINE ( 'NONE', #2261, #7907 ) ;
#11908 = CARTESIAN_POINT ( 'NONE',  ( -63.99995451995625473, 374.0785508645338382, 385.9443499868726803 ) ) ;
#11909 = CIRCLE ( 'NONE', #6021, 1.705470224525384992 ) ;
#11910 = CARTESIAN_POINT ( 'NONE',  ( -59.26671879462830361, 385.0000000000000000, 357.2715862585909008 ) ) ;
#11911 = CARTESIAN_POINT ( 'NONE',  ( 130.5203249716378480, 120.0000000000000000, 366.0970121559649897 ) ) ;
#11912 = ORIENTED_EDGE ( 'NONE', *, *, #8653, .T. ) ;
#11913 = ADVANCED_FACE ( 'NONE', ( #6882 ), #11702, .T. ) ;
#11914 = DIRECTION ( 'NONE',  ( -0.000000000000000000, 1.000000000000000000, -0.000000000000000000 ) ) ;
#11915 = VECTOR ( 'NONE', #8486, 1000.000000000000114 ) ;
#11916 = VERTEX_POINT ( 'NONE', #9739 ) ;
#11917 = AXIS2_PLACEMENT_3D ( 'NONE', #6059, #7973, #4925 ) ;
#11918 = VERTEX_POINT ( 'NONE', #10927 ) ;
#11919 = CARTESIAN_POINT ( 'NONE',  ( 66.12448390330172288, 420.0000000000000000, 383.0504184261441765 ) ) ;
#11920 = DIRECTION ( 'NONE',  ( 0.000000000000000000, 0.8555234017384713008, 0.5177641442566626173 ) ) ;
#11921 = CARTESIAN_POINT ( 'NONE',  ( -169.4546960698947373, 340.0000000000000568, 272.4196196219393755 ) ) ;
#11922 = CARTESIAN_POINT ( 'NONE',  ( 63.22710656346757219, 399.3922391005698955, 381.2474729667911220 ) ) ;
#11923 = CARTESIAN_POINT ( 'NONE',  ( 0.000000000000000000, -280.1694956085287345, 382.4264068711929667 ) ) ;
#11924 = EDGE_LOOP ( 'NONE', ( #4250, #4548, #9272, #8401 ) ) ;
#11925 = DIRECTION ( 'NONE',  ( 0.000000000000000000, 1.000000000000000000, 0.000000000000000000 ) ) ;
#11926 = DIRECTION ( 'NONE',  ( 0.000000000000000000, 0.000000000000000000, -1.000000000000000000 ) ) ;
#11927 = EDGE_CURVE ( 'NONE', #9768, #3, #2248, .T. ) ;
#11928 = CARTESIAN_POINT ( 'NONE',  ( -130.5203249716377911, 117.0000000000000000, 359.5247755901027631 ) ) ;
#11929 = DIRECTION ( 'NONE',  ( 0.000000000000000000, -1.000000000000000000, 0.000000000000000000 ) ) ;
#11930 = EDGE_CURVE ( 'NONE', #9144, #9566, #6099, .T. ) ;
#11931 = ORIENTED_EDGE ( 'NONE', *, *, #2633, .F. ) ;
#11932 = EDGE_LOOP ( 'NONE', ( #7591, #5785, #9054, #8565 ) ) ;
#11933 = FACE_OUTER_BOUND ( 'NONE', #7239, .T. ) ;
#11934 = VERTEX_POINT ( 'NONE', #1100 ) ;
#11935 = ORIENTED_EDGE ( 'NONE', *, *, #8370, .T. ) ;
#11936 = ADVANCED_FACE ( 'NONE', ( #8016 ), #10687, .F. ) ;
#11937 = EDGE_CURVE ( 'NONE', #644, #7891, #3063, .T. ) ;
#11938 = CARTESIAN_POINT ( 'NONE',  ( -111.3767717391519767, 442.6530411536430165, 392.5570525041796373 ) ) ;
#11939 = CARTESIAN_POINT ( 'NONE',  ( -155.0046724213616187, 500.6184719005140096, 335.2539009603106024 ) ) ;
#11940 = VERTEX_POINT ( 'NONE', #10748 ) ;
#11941 = CARTESIAN_POINT ( 'NONE',  ( -208.2841448981477015, 543.9219568955245450, 284.8692616813893324 ) ) ;
#11942 = DIRECTION ( 'NONE',  ( 0.000000000000000000, 1.000000000000000000, 0.000000000000000000 ) ) ;
#11943 = CARTESIAN_POINT ( 'NONE',  ( -59.20020431027140262, 355.0000000000000568, 385.9443499868727372 ) ) ;
#11944 = CARTESIAN_POINT ( 'NONE',  ( -199.0404994611917289, 547.9284770521816199, 251.1788724938195969 ) ) ;
#11945 = ORIENTED_EDGE ( 'NONE', *, *, #8048, .T. ) ;
#11946 = AXIS2_PLACEMENT_3D ( 'NONE', #115, #2028, #3986 ) ;
#11947 = FACE_BOUND ( 'NONE', #9910, .T. ) ;
#11948 = VERTEX_POINT ( 'NONE', #4969 ) ;
#11949 = ORIENTED_EDGE ( 'NONE', *, *, #5713, .T. ) ;
#11950 = ADVANCED_FACE ( 'NONE', ( #8837 ), #8779, .F. ) ;
#11951 = ADVANCED_FACE ( 'NONE', ( #11763 ), #5154, .T. ) ;
#11952 = CARTESIAN_POINT ( 'NONE',  ( 59.34243920159818231, 345.0000000000000000, 359.0020664014754743 ) ) ;
#11953 = DIRECTION ( 'NONE',  ( 1.703841351481210740E-16, -1.000000000000000000, -2.159928729876911032E-16 ) ) ;
#11954 = ORIENTED_EDGE ( 'NONE', *, *, #200, .F. ) ;
#11955 = PLANE ( 'NONE',  #918 ) ;
#11956 = DIRECTION ( 'NONE',  ( 0.000000000000000000, 0.000000000000000000, 1.000000000000000000 ) ) ;
#11957 = VERTEX_POINT ( 'NONE', #3893 ) ;
#11958 = CARTESIAN_POINT ( 'NONE',  ( -204.8675639303002924, 545.1499999999996362, 289.8673804549805482 ) ) ;
#11959 = CARTESIAN_POINT ( 'NONE',  ( -130.5203249716377911, 117.0000000000000000, 368.2120121559648851 ) ) ;
#11960 = ORIENTED_EDGE ( 'NONE', *, *, #7558, .T. ) ;
#11961 = CARTESIAN_POINT ( 'NONE',  ( -103.5434191426557504, 570.0155833518629152, 351.4336846700537649 ) ) ;
#11962 = VERTEX_POINT ( 'NONE', #81 ) ;
#11963 = AXIS2_PLACEMENT_3D ( 'NONE', #5652, #9526, #12249 ) ;
#11964 = CARTESIAN_POINT ( 'NONE',  ( -178.6635296935847350, 352.5000000000000000, 318.8681731742009333 ) ) ;
#11965 = ORIENTED_EDGE ( 'NONE', *, *, #5547, .F. ) ;
#11966 = PLANE ( 'NONE',  #7300 ) ;
#11967 = AXIS2_PLACEMENT_3D ( 'NONE', #4278, #1487, #407 ) ;
#11968 = CARTESIAN_POINT ( 'NONE',  ( 188.7538232997221428, 357.5000000000000000, 303.6097127950929462 ) ) ;
#11969 = DIRECTION ( 'NONE',  ( 0.6193384587389317852, -0.000000000000000000, 0.7851241134539713729 ) ) ;
#11970 = CARTESIAN_POINT ( 'NONE',  ( 46.12448390330171577, 383.0054035202313685, 379.8138106224483295 ) ) ;
#11971 = ORIENTED_EDGE ( 'NONE', *, *, #2153, .T. ) ;
#11972 = EDGE_CURVE ( 'NONE', #402, #11428, #4826, .T. ) ;
#11973 = CARTESIAN_POINT ( 'NONE',  ( -79.26671879462830361, 377.5518242583233359, 359.0020664014754743 ) ) ;
#11974 = EDGE_LOOP ( 'NONE', ( #4079, #5526, #12054, #8688 ) ) ;
#11975 = EDGE_CURVE ( 'NONE', #6237, #9061, #8901, .T. ) ;
#11976 = VECTOR ( 'NONE', #11817, 1000.000000000000000 ) ;
#11977 = ORIENTED_EDGE ( 'NONE', *, *, #4957, .T. ) ;
#11978 = DIRECTION ( 'NONE',  ( 0.000000000000000000, 1.000000000000000000, 0.000000000000000000 ) ) ;
#11979 = DIRECTION ( 'NONE',  ( 0.6193384587389317852, 0.000000000000000000, 0.7851241134539713729 ) ) ;
#11980 = ADVANCED_FACE ( 'NONE', ( #5859 ), #4074, .F. ) ;
#11981 = LINE ( 'NONE', #5320, #10926 ) ;
#11982 = CARTESIAN_POINT ( 'NONE',  ( 147.5242506373035383, 3.715997803843051425E-14, 362.4264068711929099 ) ) ;
#11983 = DIRECTION ( 'NONE',  ( -0.7625037589850115483, -0.2383113124287892515, 0.6014945850979835917 ) ) ;
#11984 = ORIENTED_EDGE ( 'NONE', *, *, #9628, .T. ) ;
#11985 = CARTESIAN_POINT ( 'NONE',  ( 130.5203249716378480, 120.0000000000000000, 368.2120121559649988 ) ) ;
#11986 = VECTOR ( 'NONE', #4299, 1000.000000000000000 ) ;
#11987 = CARTESIAN_POINT ( 'NONE',  ( 46.12448390330171577, 356.9106833265976206, 359.0020664014754743 ) ) ;
#11988 = CARTESIAN_POINT ( 'NONE',  ( -199.9999999999998863, -570.1500000000002046, 340.0000000000000000 ) ) ;
#11989 = DIRECTION ( 'NONE',  ( 1.703841351481210740E-16, -1.000000000000000000, -0.000000000000000000 ) ) ;
#11990 = VERTEX_POINT ( 'NONE', #10865 ) ;
#11991 = ORIENTED_EDGE ( 'NONE', *, *, #7721, .T. ) ;
#11992 = VERTEX_POINT ( 'NONE', #2175 ) ;
#11993 = PLANE ( 'NONE',  #8876 ) ;
#11994 = ORIENTED_EDGE ( 'NONE', *, *, #9581, .T. ) ;
#11995 = EDGE_CURVE ( 'NONE', #11428, #402, #8488, .T. ) ;
#11996 = VECTOR ( 'NONE', #7077, 1000.000000000000114 ) ;
#11997 = ORIENTED_EDGE ( 'NONE', *, *, #6150, .T. ) ;
#11998 = CARTESIAN_POINT ( 'NONE',  ( -168.1915472663334867, 500.7070571008912339, 316.2447010997172470 ) ) ;
#11999 = ADVANCED_FACE ( 'NONE', ( #1225 ), #2564, .T. ) ;
#12000 = FACE_OUTER_BOUND ( 'NONE', #6065, .T. ) ;
#12001 = VERTEX_POINT ( 'NONE', #8141 ) ;
#12002 = EDGE_CURVE ( 'NONE', #7618, #6518, #459, .T. ) ;
#12003 = PLANE ( 'NONE',  #11481 ) ;
#12004 = CARTESIAN_POINT ( 'NONE',  ( -63.62321363309397526, -585.1500000000002046, 400.0000000000000000 ) ) ;
#12005 = CARTESIAN_POINT ( 'NONE',  ( -195.4850506623614308, 542.5176604862487011, 271.5089588076222640 ) ) ;
#12006 = CARTESIAN_POINT ( 'NONE',  ( 52.98730513377550011, 380.0582785066275164, 378.5521507562208967 ) ) ;
#12007 = ORIENTED_EDGE ( 'NONE', *, *, #4059, .T. ) ;
#12008 = DIRECTION ( 'NONE',  ( 0.000000000000000000, 0.000000000000000000, 1.000000000000000000 ) ) ;
#12009 = EDGE_LOOP ( 'NONE', ( #2649, #5406, #409, #9076 ) ) ;
#12010 = ORIENTED_EDGE ( 'NONE', *, *, #3990, .F. ) ;
#12011 = CARTESIAN_POINT ( 'NONE',  ( -167.3215075925851067, 340.0000000000000568, 273.5368941889740881 ) ) ;
#12012 = FACE_OUTER_BOUND ( 'NONE', #3338, .T. ) ;
#12013 = ORIENTED_EDGE ( 'NONE', *, *, #9205, .T. ) ;
#12014 = VECTOR ( 'NONE', #11528, 1000.000000000000114 ) ;
#12015 = LINE ( 'NONE', #8907, #5370 ) ;
#12016 = CARTESIAN_POINT ( 'NONE',  ( 154.2515135522202741, 340.0000000000000568, 330.3616313646768390 ) ) ;
#12017 = ORIENTED_EDGE ( 'NONE', *, *, #1236, .F. ) ;
#12018 = CARTESIAN_POINT ( 'NONE',  ( -111.3767717391519767, 442.6530411536430165, 351.4274360680452105 ) ) ;
#12019 = AXIS2_PLACEMENT_3D ( 'NONE', #5325, #1395, #7298 ) ;
#12020 = ADVANCED_FACE ( 'NONE', ( #10237 ), #2361, .F. ) ;
#12021 = CYLINDRICAL_SURFACE ( 'NONE', #9499, 2.113496831015027055 ) ;
#12022 = EDGE_CURVE ( 'NONE', #2265, #1481, #7191, .T. ) ;
#12023 = ORIENTED_EDGE ( 'NONE', *, *, #9066, .F. ) ;
#12024 = ORIENTED_EDGE ( 'NONE', *, *, #4624, .F. ) ;
#12025 = CYLINDRICAL_SURFACE ( 'NONE', #11788, 3.093108195208582600 ) ;
#12026 = EDGE_LOOP ( 'NONE', ( #2692, #3792, #12010, #5430 ) ) ;
#12027 = DIRECTION ( 'NONE',  ( 0.000000000000000000, 0.000000000000000000, -1.000000000000000000 ) ) ;
#12028 = EDGE_CURVE ( 'NONE', #8950, #1358, #1536, .T. ) ;
#12030 = ORIENTED_EDGE ( 'NONE', *, *, #3710, .F. ) ;
#12029 = VECTOR ( 'NONE', #936, 1000.000000000000000 ) ;
#12031 = ADVANCED_FACE ( 'NONE', ( #6424 ), #3307, .T. ) ;
#12032 = DIRECTION ( 'NONE',  ( 0.000000000000000000, 1.000000000000000000, -0.000000000000000000 ) ) ;
#12033 = CARTESIAN_POINT ( 'NONE',  ( -232.8960507480233275, 550.1499999999997499, 183.7180627176356893 ) ) ;
#12034 = CARTESIAN_POINT ( 'NONE',  ( -101.7259631302510314, 550.1499999999997499, 350.0000000000000000 ) ) ;
#12035 = DIRECTION ( 'NONE',  ( -0.000000000000000000, -0.000000000000000000, 1.000000000000000000 ) ) ;
#12036 = ORIENTED_EDGE ( 'NONE', *, *, #398, .F. ) ;
#12037 = CYLINDRICAL_SURFACE ( 'NONE', #3404, 1.070998700129166536 ) ;
#12038 = ORIENTED_EDGE ( 'NONE', *, *, #4502, .F. ) ;
#12039 = VECTOR ( 'NONE', #9548, 1000.000000000000114 ) ;
#12040 = ORIENTED_EDGE ( 'NONE', *, *, #2164, .F. ) ;
#12041 = LINE ( 'NONE', #11221, #5703 ) ;
#12042 = CARTESIAN_POINT ( 'NONE',  ( -162.3344129012323265, 555.2562610675676069, 345.2820021697993980 ) ) ;
#12043 = EDGE_CURVE ( 'NONE', #7307, #4060, #10990, .T. ) ;
#12044 = CARTESIAN_POINT ( 'NONE',  ( -183.2006110463806294, 554.8693436846220948, 318.6770057039939843 ) ) ;
#12045 = CARTESIAN_POINT ( 'NONE',  ( -209.3975280131205068, 550.1499999999997499, 294.5286475624046716 ) ) ;
#12046 = FACE_OUTER_BOUND ( 'NONE', #4312, .T. ) ;
#12047 = ORIENTED_EDGE ( 'NONE', *, *, #11825, .T. ) ;
#12049 = LINE ( 'NONE', #8059, #2326 ) ;
#12048 = CIRCLE ( 'NONE', #4345, 20.00000000000000355 ) ;
#12050 = CARTESIAN_POINT ( 'NONE',  ( -139.5011983711572157, 370.0000000000001137, 299.0691970056345212 ) ) ;
#12051 = CARTESIAN_POINT ( 'NONE',  ( -138.6532530255041422, 370.0000000000001137, 300.6102691009217551 ) ) ;
#12052 = CARTESIAN_POINT ( 'NONE',  ( -217.3296600349052028, 540.1499999999996362, 280.2206092060299625 ) ) ;
#12053 = CIRCLE ( 'NONE', #12464, 0.9454112335447462101 ) ;
#12054 = ORIENTED_EDGE ( 'NONE', *, *, #4480, .F. ) ;
#12055 = ORIENTED_EDGE ( 'NONE', *, *, #10383, .F. ) ;
#12056 = VERTEX_POINT ( 'NONE', #10111 ) ;
#12057 = EDGE_CURVE ( 'NONE', #6307, #1528, #5832, .T. ) ;
#12058 = CARTESIAN_POINT ( 'NONE',  ( -188.7538232997221428, 352.5000000000000000, 303.6097127950929462 ) ) ;
#12059 = ORIENTED_EDGE ( 'NONE', *, *, #1112, .F. ) ;
#12060 = AXIS2_PLACEMENT_3D ( 'NONE', #6167, #10052, #1359 ) ;
#12061 = ORIENTED_EDGE ( 'NONE', *, *, #4230, .F. ) ;
#12062 = ADVANCED_FACE ( 'NONE', ( #1416 ), #3505, .F. ) ;
#12063 = CARTESIAN_POINT ( 'NONE',  ( 147.5242506373035951, -169.9805043914711860, 362.4264068711929099 ) ) ;
#12064 = CIRCLE ( 'NONE', #513, 10.00000000000000888 ) ;
#12065 = DIRECTION ( 'NONE',  ( -0.000000000000000000, 1.000000000000000000, -0.000000000000000000 ) ) ;
#12066 = ORIENTED_EDGE ( 'NONE', *, *, #4297, .F. ) ;
#12067 = ADVANCED_FACE ( 'NONE', ( #5283 ), #7257, .T. ) ;
#12068 = DIRECTION ( 'NONE',  ( -0.000000000000000000, 1.000000000000000000, 0.000000000000000000 ) ) ;
#12069 = CARTESIAN_POINT ( 'NONE',  ( 174.9943130982814523, 120.0000000000000000, 368.2120121559649988 ) ) ;
#12070 = VECTOR ( 'NONE', #4496, 1000.000000000000114 ) ;
#12071 = DIRECTION ( 'NONE',  ( 0.000000000000000000, -0.9961946980917455452, -0.08715574274765781893 ) ) ;
#12072 = ADVANCED_FACE ( 'NONE', ( #3375, #2498 ), #11125, .T. ) ;
#12073 = AXIS2_PLACEMENT_3D ( 'NONE', #11080, #7977, #6062 ) ;
#12074 = ORIENTED_EDGE ( 'NONE', *, *, #1662, .T. ) ;
#12075 = DIRECTION ( 'NONE',  ( -0.7863899488082340961, 0.000000000000000000, 0.6177304010758924990 ) ) ;
#12076 = VERTEX_POINT ( 'NONE', #2433 ) ;
#12077 = AXIS2_PLACEMENT_3D ( 'NONE', #949, #4813, #8689 ) ;
#12078 = ORIENTED_EDGE ( 'NONE', *, *, #7160, .F. ) ;
#12079 = AXIS2_PLACEMENT_3D ( 'NONE', #7753, #11739, #7039 ) ;
#12080 = CARTESIAN_POINT ( 'NONE',  ( -131.4717790336264898, 0.4919467309224344054, 344.5842902329491153 ) ) ;
#12081 = DIRECTION ( 'NONE',  ( 0.000000000000000000, 0.000000000000000000, 1.000000000000000000 ) ) ;
#12082 = VERTEX_POINT ( 'NONE', #6292 ) ;
#12083 = CARTESIAN_POINT ( 'NONE',  ( 0.000000000000000000, 370.0000000000000000, 0.000000000000000000 ) ) ;
#12084 = VECTOR ( 'NONE', #482, 1000.000000000000000 ) ;
#12085 = CARTESIAN_POINT ( 'NONE',  ( -51.27543428291506444, 378.2161028627631367, 378.3909812711591485 ) ) ;
#12086 = ORIENTED_EDGE ( 'NONE', *, *, #1478, .F. ) ;
#12087 = VECTOR ( 'NONE', #7804, 1000.000000000000000 ) ;
#12088 = DIRECTION ( 'NONE',  ( -0.000000000000000000, -1.000000000000000000, 0.000000000000000000 ) ) ;
#12089 = CARTESIAN_POINT ( 'NONE',  ( 0.000000000000000000, -585.1500000000002046, 0.000000000000000000 ) ) ;
#12090 = AXIS2_PLACEMENT_3D ( 'NONE', #5326, #1457, #2412 ) ;
#12091 = ORIENTED_EDGE ( 'NONE', *, *, #7423, .T. ) ;
#12092 = ORIENTED_EDGE ( 'NONE', *, *, #5678, .T. ) ;
#12093 = DIRECTION ( 'NONE',  ( 0.000000000000000000, -0.000000000000000000, -1.000000000000000000 ) ) ;
#12094 = ORIENTED_EDGE ( 'NONE', *, *, #9755, .T. ) ;
#12095 = CARTESIAN_POINT ( 'NONE',  ( -63.62321363309397526, -570.1500000000002046, 400.0000000000000000 ) ) ;
#12096 = VERTEX_POINT ( 'NONE', #4265 ) ;
#12097 = ADVANCED_FACE ( 'NONE', ( #9283, #8274, #12142, #3442, #7318, #6161, #591, #8336, #4198, #1351, #8083, #11947, #10042, #5219, #5596, #7510, #9343, #4646, #5533, #10488, #1798 ), #846, .T. ) ;
#12098 = EDGE_CURVE ( 'NONE', #3143, #10490, #7447, .T. ) ;
#12099 = LINE ( 'NONE', #8162, #4245 ) ;
#12100 = AXIS2_PLACEMENT_3D ( 'NONE', #6516, #5560, #3941 ) ;
#12101 = DIRECTION ( 'NONE',  ( 0.000000000000000000, -1.000000000000000000, 0.000000000000000000 ) ) ;
#12102 = LINE ( 'NONE', #11910, #3925 ) ;
#12103 = CARTESIAN_POINT ( 'NONE',  ( 130.5203249716378480, 120.0000000000000000, 368.2120121559649988 ) ) ;
#12104 = VECTOR ( 'NONE', #8396, 1000.000000000000000 ) ;
#12105 = ORIENTED_EDGE ( 'NONE', *, *, #2356, .T. ) ;
#12106 = DIRECTION ( 'NONE',  ( -2.897549362954532616E-15, 0.000000000000000000, 1.000000000000000000 ) ) ;
#12107 = ORIENTED_EDGE ( 'NONE', *, *, #3847, .F. ) ;
#12108 = CARTESIAN_POINT ( 'NONE',  ( -59.26671879462830361, 420.0000000000000000, 383.0504184261441765 ) ) ;
#12109 = AXIS2_PLACEMENT_3D ( 'NONE', #11877, #11693, #4960 ) ;
#12110 = AXIS2_PLACEMENT_3D ( 'NONE', #6429, #5668, #5538 ) ;
#12111 = ORIENTED_EDGE ( 'NONE', *, *, #12098, .F. ) ;
#12112 = DIRECTION ( 'NONE',  ( -0.6193384587389297868, 0.000000000000000000, -0.7851241134539729272 ) ) ;
#12113 = VECTOR ( 'NONE', #9887, 1000.000000000000227 ) ;
#12114 = CARTESIAN_POINT ( 'NONE',  ( 59.34243920159818231, 345.0000000000000000, 355.6679359893877290 ) ) ;
#12115 = CARTESIAN_POINT ( 'NONE',  ( 171.6157891360268763, 117.0000000000000000, 351.4274360680452673 ) ) ;
#12116 = CARTESIAN_POINT ( 'NONE',  ( 139.1015668691961196, 494.0199999999996976, 342.9852769692485595 ) ) ;
#12117 = ORIENTED_EDGE ( 'NONE', *, *, #439, .F. ) ;
#12118 = CYLINDRICAL_SURFACE ( 'NONE', #3953, 2.000000000000020428 ) ;
#12119 = CARTESIAN_POINT ( 'NONE',  ( 188.4763652879578615, 117.0000000000000000, 277.5473304590436214 ) ) ;
#12120 = DIRECTION ( 'NONE',  ( 0.000000000000000000, 0.000000000000000000, 1.000000000000000000 ) ) ;
#12121 = AXIS2_PLACEMENT_3D ( 'NONE', #4326, #9150, #4457 ) ;
#12122 = VECTOR ( 'NONE', #5506, 1000.000000000000000 ) ;
#12123 = FACE_OUTER_BOUND ( 'NONE', #6372, .T. ) ;
#12124 = VERTEX_POINT ( 'NONE', #782 ) ;
#12125 = AXIS2_PLACEMENT_3D ( 'NONE', #3600, #8497, #1762 ) ;
#12126 = ORIENTED_EDGE ( 'NONE', *, *, #12543, .F. ) ;
#12127 = VERTEX_POINT ( 'NONE', #10549 ) ;
#12128 = FACE_OUTER_BOUND ( 'NONE', #12318, .T. ) ;
#12129 = ORIENTED_EDGE ( 'NONE', *, *, #7916, .T. ) ;
#12130 = AXIS2_PLACEMENT_3D ( 'NONE', #6212, #5393, #9967 ) ;
#12131 = ORIENTED_EDGE ( 'NONE', *, *, #6042, .F. ) ;
#12132 = CARTESIAN_POINT ( 'NONE',  ( -193.1937618763889475, 554.7081244069478316, 305.9449950768503186 ) ) ;
#12133 = CARTESIAN_POINT ( 'NONE',  ( -88.14400427749252742, 412.5212886279689428, 361.2238096880381022 ) ) ;
#12134 = VERTEX_POINT ( 'NONE', #3820 ) ;
#12135 = CARTESIAN_POINT ( 'NONE',  ( -139.9999999999999147, -570.1500000000002046, 400.0000000000000000 ) ) ;
#12136 = FACE_OUTER_BOUND ( 'NONE', #3007, .T. ) ;
#12137 = DIRECTION ( 'NONE',  ( -0.6193384587389316742, 0.000000000000000000, -0.7851241134539714839 ) ) ;
#12138 = EDGE_CURVE ( 'NONE', #1253, #12096, #10366, .T. ) ;
#12139 = ADVANCED_FACE ( 'NONE', ( #715 ), #1857, .T. ) ;
#12140 = CARTESIAN_POINT ( 'NONE',  ( -196.5314105426548679, 540.2880418418152431, 270.1825073951878267 ) ) ;
#12141 = EDGE_LOOP ( 'NONE', ( #7938, #4639, #8532, #2188 ) ) ;
#12142 = FACE_BOUND ( 'NONE', #3430, .T. ) ;
#12143 = ORIENTED_EDGE ( 'NONE', *, *, #4920, .F. ) ;
#12144 = ADVANCED_FACE ( 'NONE', ( #5660 ), #1729, .F. ) ;
#12145 = ORIENTED_EDGE ( 'NONE', *, *, #11368, .T. ) ;
#12146 = DIRECTION ( 'NONE',  ( 0.000000000000000000, 0.000000000000000000, 1.000000000000000000 ) ) ;
#12147 = CARTESIAN_POINT ( 'NONE',  ( -111.4464948675895073, 117.0000000000000000, 368.5173196178368471 ) ) ;
#12148 = VERTEX_POINT ( 'NONE', #12447 ) ;
#12149 = ADVANCED_FACE ( 'NONE', ( #3696 ), #7570, .F. ) ;
#12150 = PLANE ( 'NONE',  #8213 ) ;
#12151 = FACE_OUTER_BOUND ( 'NONE', #9149, .T. ) ;
#12152 = ORIENTED_EDGE ( 'NONE', *, *, #6888, .T. ) ;
#12153 = CARTESIAN_POINT ( 'NONE',  ( -192.2160546689203215, 340.0000000000000568, 264.0241012336764470 ) ) ;
#12154 = CIRCLE ( 'NONE', #2644, 14.05517778851292476 ) ;
#12155 = CARTESIAN_POINT ( 'NONE',  ( 130.5203249716378480, 117.0000000000000000, 368.2120121559649988 ) ) ;
#12156 = VERTEX_POINT ( 'NONE', #1666 ) ;
#12157 = ORIENTED_EDGE ( 'NONE', *, *, #6042, .T. ) ;
#12158 = CARTESIAN_POINT ( 'NONE',  ( 159.9882456870035412, 320.0000000000000568, 309.1348121858818558 ) ) ;
#12159 = ORIENTED_EDGE ( 'NONE', *, *, #11394, .T. ) ;
#12160 =( BOUNDED_CURVE ( )  B_SPLINE_CURVE ( 3, ( #1936, #9683, #4856, #6943 ),
 .UNSPECIFIED., .F., .T. ) 
 B_SPLINE_CURVE_WITH_KNOTS ( ( 4, 4 ),
 ( 6.240520368351737623, 7.803720498600074329 ),
 .UNSPECIFIED. ) 
 CURVE ( )  GEOMETRIC_REPRESENTATION_ITEM ( )  RATIONAL_B_SPLINE_CURVE ( ( 1.000000000000000000, 0.8065248903853474705, 0.8065248903853474705, 1.000000000000000000 ) ) 
 REPRESENTATION_ITEM ( '' )  );
#12161 = EDGE_CURVE ( 'NONE', #5071, #6710, #9598, .T. ) ;
#12162 = DIRECTION ( 'NONE',  ( 0.000000000000000000, -0.000000000000000000, -1.000000000000000000 ) ) ;
#12163 = ORIENTED_EDGE ( 'NONE', *, *, #5799, .T. ) ;
#12164 = CARTESIAN_POINT ( 'NONE',  ( 199.8066173630016635, 544.0769422687875476, 250.8551412447664291 ) ) ;
#12165 = EDGE_CURVE ( 'NONE', #10410, #8101, #3755, .T. ) ;
#12166 = CARTESIAN_POINT ( 'NONE',  ( 171.6157891360268763, 117.0000000000000000, 352.8908367782720461 ) ) ;
#12167 = DIRECTION ( 'NONE',  ( -0.000000000000000000, 1.000000000000000000, -0.000000000000000000 ) ) ;
#12168 = DIRECTION ( 'NONE',  ( 1.000000000000000000, 1.703841351481210986E-16, 0.000000000000000000 ) ) ;
#12169 = DIRECTION ( 'NONE',  ( -0.000000000000000000, 0.000000000000000000, -1.000000000000000000 ) ) ;
#12170 = ORIENTED_EDGE ( 'NONE', *, *, #2260, .T. ) ;
#12171 = LINE ( 'NONE', #3471, #7750 ) ;
#12172 = ORIENTED_EDGE ( 'NONE', *, *, #5791, .F. ) ;
#12173 = CARTESIAN_POINT ( 'NONE',  ( -177.3415628414323351, 500.2379979585919045, 306.7870874959875778 ) ) ;
#12174 = CARTESIAN_POINT ( 'NONE',  ( 0.000000000000000000, 377.5518242583233359, 401.4274360680452105 ) ) ;
#12175 = CARTESIAN_POINT ( 'NONE',  ( 163.8908681386556054, 501.6802010741481013, 303.4871998885235485 ) ) ;
#12176 = FACE_OUTER_BOUND ( 'NONE', #5269, .T. ) ;
#12177 = ORIENTED_EDGE ( 'NONE', *, *, #9755, .F. ) ;
#12178 = CARTESIAN_POINT ( 'NONE',  ( -162.0196774713020602, 500.8166844330152117, 324.1121025183072106 ) ) ;
#12179 = FACE_OUTER_BOUND ( 'NONE', #40, .T. ) ;
#12180 = CARTESIAN_POINT ( 'NONE',  ( -165.0713021149375663, 352.5000000000000000, 331.1634153273903962 ) ) ;
#12181 = CARTESIAN_POINT ( 'NONE',  ( -148.0061200503008934, 117.0000000000000000, 351.4274360680451537 ) ) ;
#12182 = AXIS2_PLACEMENT_3D ( 'NONE', #10471, #2733, #4755 ) ;
#12183 = ORIENTED_EDGE ( 'NONE', *, *, #9527, .T. ) ;
#12184 = ADVANCED_FACE ( 'NONE', ( #6744 ), #12327, .F. ) ;
#12185 = ORIENTED_EDGE ( 'NONE', *, *, #7260, .T. ) ;
#12186 = ORIENTED_EDGE ( 'NONE', *, *, #5817, .T. ) ;
#12187 = CARTESIAN_POINT ( 'NONE',  ( -165.0713021149375663, 352.5000000000000000, 331.1634153273903962 ) ) ;
#12188 = ORIENTED_EDGE ( 'NONE', *, *, #8048, .F. ) ;
#12189 = ORIENTED_EDGE ( 'NONE', *, *, #4378, .F. ) ;
#12190 = DIRECTION ( 'NONE',  ( -0.000000000000000000, 1.000000000000000000, 0.000000000000000000 ) ) ;
#12191 = CIRCLE ( 'NONE', #640, 74.88840032043542294 ) ;
#12192 = CARTESIAN_POINT ( 'NONE',  ( -62.80334236607136233, 397.6372191994531704, 380.0901087836376746 ) ) ;
#12193 = VECTOR ( 'NONE', #2022, 1000.000000000000000 ) ;
#12194 = DIRECTION ( 'NONE',  ( 0.000000000000000000, 1.000000000000000000, 0.000000000000000000 ) ) ;
#12195 = ORIENTED_EDGE ( 'NONE', *, *, #2453, .F. ) ;
#12196 = ADVANCED_FACE ( 'NONE', ( #11382 ), #2689, .F. ) ;
#12197 = DIRECTION ( 'NONE',  ( 0.000000000000000000, 0.000000000000000000, -1.000000000000000000 ) ) ;
#12198 = FACE_OUTER_BOUND ( 'NONE', #2379, .T. ) ;
#12199 = FACE_OUTER_BOUND ( 'NONE', #4374, .T. ) ;
#12200 = CARTESIAN_POINT ( 'NONE',  ( 0.000000000000000000, 320.0000000000000568, 0.000000000000000000 ) ) ;
#12201 = VERTEX_POINT ( 'NONE', #908 ) ;
#12202 = CARTESIAN_POINT ( 'NONE',  ( -130.5203249716377911, 117.0000000000000000, 368.2120121559648851 ) ) ;
#12203 = ORIENTED_EDGE ( 'NONE', *, *, #10885, .F. ) ;
#12204 = ORIENTED_EDGE ( 'NONE', *, *, #6974, .T. ) ;
#12205 = DIRECTION ( 'NONE',  ( 1.000000000000000000, -0.000000000000000000, 0.000000000000000000 ) ) ;
#12206 = CARTESIAN_POINT ( 'NONE',  ( 195.7024822690794963, 120.0000000000000000, 263.1601945342231375 ) ) ;
#12207 = ADVANCED_FACE ( 'NONE', ( #6549 ), #11320, .T. ) ;
#12208 = ORIENTED_EDGE ( 'NONE', *, *, #3990, .T. ) ;
#12209 = EDGE_CURVE ( 'NONE', #1099, #7047, #10713, .T. ) ;
#12210 = DIRECTION ( 'NONE',  ( -0.000000000000000000, 0.000000000000000000, -1.000000000000000000 ) ) ;
#12211 = CARTESIAN_POINT ( 'NONE',  ( -205.4436868777737573, 551.3415565621435235, 291.4096937143416426 ) ) ;
#12212 = ORIENTED_EDGE ( 'NONE', *, *, #7916, .F. ) ;
#12213 = CARTESIAN_POINT ( 'NONE',  ( -196.0408743423141402, 541.7345941274847974, 270.8043512254479310 ) ) ;
#12214 = PLANE ( 'NONE',  #7107 ) ;
#12215 = EDGE_LOOP ( 'NONE', ( #8391, #5931, #12459, #6802 ) ) ;
#12216 = ORIENTED_EDGE ( 'NONE', *, *, #10037, .F. ) ;
#12217 = DIRECTION ( 'NONE',  ( 0.000000000000000000, -1.000000000000000000, 0.000000000000000000 ) ) ;
#12218 = VERTEX_POINT ( 'NONE', #4518 ) ;
#12219 = CIRCLE ( 'NONE', #4516, 5.249904202499100947 ) ;
#12220 = LINE ( 'NONE', #9167, #55 ) ;
#12221 = VERTEX_POINT ( 'NONE', #2631 ) ;
#12222 = DIRECTION ( 'NONE',  ( 1.981605846146593378E-15, 0.000000000000000000, -1.000000000000000000 ) ) ;
#12223 = CARTESIAN_POINT ( 'NONE',  ( -165.7249778217511675, 340.0000000000000568, 287.9079930070609521 ) ) ;
#12224 = PLANE ( 'NONE',  #4619 ) ;
#12225 = ORIENTED_EDGE ( 'NONE', *, *, #4692, .F. ) ;
#12226 = FACE_OUTER_BOUND ( 'NONE', #7980, .T. ) ;
#12227 = EDGE_CURVE ( 'NONE', #6946, #6536, #5902, .T. ) ;
#12228 = ORIENTED_EDGE ( 'NONE', *, *, #9909, .F. ) ;
#12229 = AXIS2_PLACEMENT_3D ( 'NONE', #3482, #1774, #5573 ) ;
#12230 = CARTESIAN_POINT ( 'NONE',  ( -163.9303179887904776, 500.7908884602400121, 321.6797979140303596 ) ) ;
#12231 = LINE ( 'NONE', #686, #6814 ) ;
#12232 = CARTESIAN_POINT ( 'NONE',  ( -151.5865783987277666, 501.0101431244880814, 337.4146007512100596 ) ) ;
#12233 = EDGE_CURVE ( 'NONE', #7778, #470, #9784, .T. ) ;
#12234 = CARTESIAN_POINT ( 'NONE',  ( -134.6887579607882799, 377.5518242583665369, 351.3142237366884046 ) ) ;
#12235 = VERTEX_POINT ( 'NONE', #6923 ) ;
#12236 = CARTESIAN_POINT ( 'NONE',  ( -59.20020431027140262, 377.5518242583233359, 357.2715862585909008 ) ) ;
#12237 = LINE ( 'NONE', #2607, #61 ) ;
#12238 = CARTESIAN_POINT ( 'NONE',  ( 0.000000000000000000, 382.2776525479377483, 361.8621453137576509 ) ) ;
#12239 = CIRCLE ( 'NONE', #3107, 60.00000000000000000 ) ;
#12240 = CARTESIAN_POINT ( 'NONE',  ( -148.7788836096352156, 370.0000000000001137, 286.3160689479116172 ) ) ;
#12241 = CARTESIAN_POINT ( 'NONE',  ( -198.3382417023483981, 551.1209158392952077, 259.8188901809589311 ) ) ;
#12242 = ORIENTED_EDGE ( 'NONE', *, *, #4745, .T. ) ;
#12243 = VERTEX_POINT ( 'NONE', #4057 ) ;
#12244 = CARTESIAN_POINT ( 'NONE',  ( -116.3767717391519767, 377.5518242583233359, 353.1576909117580385 ) ) ;
#12245 = ORIENTED_EDGE ( 'NONE', *, *, #2467, .F. ) ;
#12246 = ORIENTED_EDGE ( 'NONE', *, *, #7492, .F. ) ;
#12247 = CARTESIAN_POINT ( 'NONE',  ( -132.3286688073715993, 120.0000000000000000, 343.4980266327372078 ) ) ;
#12248 = AXIS2_PLACEMENT_3D ( 'NONE', #4916, #996, #6706 ) ;
#12249 = DIRECTION ( 'NONE',  ( 0.000000000000000000, 0.000000000000000000, 1.000000000000000000 ) ) ;
#12250 = DIRECTION ( 'NONE',  ( 0.000000000000000000, 1.000000000000000000, 0.000000000000000000 ) ) ;
#12251 = EDGE_LOOP ( 'NONE', ( #4611, #1935, #9071, #2292 ) ) ;
#12252 = ADVANCED_FACE ( 'NONE', ( #8713 ), #8946, .T. ) ;
#12253 = EDGE_CURVE ( 'NONE', #1400, #1402, #10734, .T. ) ;
#12254 = PLANE ( 'NONE',  #1723 ) ;
#12255 = DIRECTION ( 'NONE',  ( 0.000000000000000000, -1.000000000000000000, 0.000000000000000000 ) ) ;
#12256 = LINE ( 'NONE', #2355, #2169 ) ;
#12257 = DIRECTION ( 'NONE',  ( -0.7863899488082342071, 0.000000000000000000, 0.6177304010758922770 ) ) ;
#12258 = ORIENTED_EDGE ( 'NONE', *, *, #5504, .T. ) ;
#12259 = CIRCLE ( 'NONE', #4143, 3.093108195208582600 ) ;
#12260 = CARTESIAN_POINT ( 'NONE',  ( 42.48496570340527967, 120.0000000000000000, 368.8290452823253531 ) ) ;
#12261 = ADVANCED_FACE ( 'NONE', ( #5782 ), #8768, .F. ) ;
#12262 = ORIENTED_EDGE ( 'NONE', *, *, #10587, .F. ) ;
#12263 = EDGE_CURVE ( 'NONE', #9247, #2632, #5081, .T. ) ;
#12264 = AXIS2_PLACEMENT_3D ( 'NONE', #6737, #1597, #5467 ) ;
#12265 = ORIENTED_EDGE ( 'NONE', *, *, #7643, .F. ) ;
#12266 = DIRECTION ( 'NONE',  ( 0.000000000000000000, 1.000000000000000000, 0.000000000000000000 ) ) ;
#12267 = LINE ( 'NONE', #10494, #9065 ) ;
#12268 = ORIENTED_EDGE ( 'NONE', *, *, #849, .F. ) ;
#12269 = CARTESIAN_POINT ( 'NONE',  ( 212.1416513271663291, 550.1499999999997499, 290.7593395996758545 ) ) ;
#12270 = DIRECTION ( 'NONE',  ( -0.6193384587389315632, 0.000000000000000000, -0.7851241134539715949 ) ) ;
#12271 = ORIENTED_EDGE ( 'NONE', *, *, #7894, .F. ) ;
#12272 = CARTESIAN_POINT ( 'NONE',  ( -210.9001232222649662, 541.4463386085290040, 282.2200146259537519 ) ) ;
#12273 = CIRCLE ( 'NONE', #5373, 1.219656812025959880 ) ;
#12274 = FACE_OUTER_BOUND ( 'NONE', #3744, .T. ) ;
#12275 = VECTOR ( 'NONE', #6412, 1000.000000000000114 ) ;
#12276 = ORIENTED_EDGE ( 'NONE', *, *, #6931, .F. ) ;
#12277 = VERTEX_POINT ( 'NONE', #6980 ) ;
#12278 = CARTESIAN_POINT ( 'NONE',  ( -200.0000000000000284, 540.1499999999996362, 250.7734253594445875 ) ) ;
#12279 = ORIENTED_EDGE ( 'NONE', *, *, #7792, .F. ) ;
#12280 = VECTOR ( 'NONE', #12364, 1000.000000000000000 ) ;
#12281 = CARTESIAN_POINT ( 'NONE',  ( 248.5985330171029659, 501.6802010741481013, 196.1048318924140972 ) ) ;
#12282 = EDGE_LOOP ( 'NONE', ( #4280, #8983, #11142, #5276 ) ) ;
#12283 = VECTOR ( 'NONE', #11241, 1000.000000000000114 ) ;
#12284 = CARTESIAN_POINT ( 'NONE',  ( 194.9614902168408435, 558.8468564293652889, 264.0995366982585892 ) ) ;
#12285 = CARTESIAN_POINT ( 'NONE',  ( 14.47175039158928556, 117.0000000000000000, 368.8290452823252963 ) ) ;
#12286 = FACE_OUTER_BOUND ( 'NONE', #8828, .T. ) ;
#12287 = VECTOR ( 'NONE', #122, 1000.000000000000000 ) ;
#12288 = CARTESIAN_POINT ( 'NONE',  ( 37.70961026099369917, 385.1539588257066953, 363.6028905178080208 ) ) ;
#12289 = DIRECTION ( 'NONE',  ( -0.000000000000000000, 0.9961946980917455452, 0.08715574274765820750 ) ) ;
#12290 = EDGE_CURVE ( 'NONE', #3711, #1544, #8534, .T. ) ;
#12291 = EDGE_LOOP ( 'NONE', ( #2222, #11697, #930, #3308 ) ) ;
#12292 = DIRECTION ( 'NONE',  ( 0.000000000000000000, -0.000000000000000000, 1.000000000000000000 ) ) ;
#12293 = EDGE_CURVE ( 'NONE', #7528, #11516, #7884, .T. ) ;
#12294 = ORIENTED_EDGE ( 'NONE', *, *, #12460, .F. ) ;
#12295 = EDGE_CURVE ( 'NONE', #10095, #7305, #10904, .T. ) ;
#12296 = EDGE_CURVE ( 'NONE', #5595, #6029, #7680, .T. ) ;
#12297 = DIRECTION ( 'NONE',  ( 0.7625037589850115483, 0.2383113124287892515, -0.6014945850979835917 ) ) ;
#12298 = CARTESIAN_POINT ( 'NONE',  ( -85.99406992148851714, 365.0000000000000000, 365.3661334402255534 ) ) ;
#12299 = CARTESIAN_POINT ( 'NONE',  ( 174.9943130982814523, 120.0000000000000000, 369.2830108560941653 ) ) ;
#12300 = LINE ( 'NONE', #1702, #1534 ) ;
#12301 = VERTEX_POINT ( 'NONE', #10671 ) ;
#12302 = DIRECTION ( 'NONE',  ( 0.000000000000000000, 0.000000000000000000, 1.000000000000000000 ) ) ;
#12303 = ADVANCED_FACE ( 'NONE', ( #7757 ), #7940, .T. ) ;
#12304 = CARTESIAN_POINT ( 'NONE',  ( 42.48496570340527967, 120.0000000000000000, 371.2683589063772729 ) ) ;
#12305 = CARTESIAN_POINT ( 'NONE',  ( 190.1818355124832465, 117.0000000000000000, 277.5473304590436214 ) ) ;
#12306 = CARTESIAN_POINT ( 'NONE',  ( -188.4763652879577478, 120.0000000000000000, 277.5473304590434509 ) ) ;
#12307 = AXIS2_PLACEMENT_3D ( 'NONE', #10184, #10247, #9292 ) ;
#12308 = DIRECTION ( 'NONE',  ( 0.000000000000000000, 0.000000000000000000, 1.000000000000000000 ) ) ;
#12309 = VERTEX_POINT ( 'NONE', #2928 ) ;
#12310 = LINE ( 'NONE', #2734, #12338 ) ;
#12311 = ORIENTED_EDGE ( 'NONE', *, *, #414, .F. ) ;
#12312 = ORIENTED_EDGE ( 'NONE', *, *, #765, .F. ) ;
#12313 = DIRECTION ( 'NONE',  ( 0.000000000000000000, 0.000000000000000000, -1.000000000000000000 ) ) ;
#12314 = CARTESIAN_POINT ( 'NONE',  ( -219.3975280131205352, 540.1499999999996362, 281.8518292189643262 ) ) ;
#12315 = EDGE_CURVE ( 'NONE', #12201, #12498, #11805, .T. ) ;
#12316 = CARTESIAN_POINT ( 'NONE',  ( 0.000000000000000000, -169.9805043914711860, 382.4264068711929667 ) ) ;
#12317 = CIRCLE ( 'NONE', #9284, 19.99999999999998934 ) ;
#12318 = EDGE_LOOP ( 'NONE', ( #7265, #10075, #12055, #11850, #7986 ) ) ;
#12319 = LINE ( 'NONE', #3813, #1731 ) ;
#12320 = ADVANCED_FACE ( 'NONE', ( #10850 ), #6025, .F. ) ;
#12321 = DIRECTION ( 'NONE',  ( -0.000000000000000000, 1.000000000000000000, -0.000000000000000000 ) ) ;
#12322 = CIRCLE ( 'NONE', #7251, 7.566728253962374140 ) ;
#12323 = DIRECTION ( 'NONE',  ( -0.1871039578967057249, 0.9711888170528261144, 0.1475953609396982447 ) ) ;
#12324 = CARTESIAN_POINT ( 'NONE',  ( 174.9943130982815092, 120.0000000000000000, 290.9472914527386251 ) ) ;
#12325 = ORIENTED_EDGE ( 'NONE', *, *, #349, .T. ) ;
#12326 = CIRCLE ( 'NONE', #9282, 4.450000000000009948 ) ;
#12327 = PLANE ( 'NONE',  #6669 ) ;
#12328 = ORIENTED_EDGE ( 'NONE', *, *, #2676, .F. ) ;
#12329 = EDGE_CURVE ( 'NONE', #5391, #8506, #8002, .T. ) ;
#12330 = AXIS2_PLACEMENT_3D ( 'NONE', #8920, #7014, #11657 ) ;
#12331 = ORIENTED_EDGE ( 'NONE', *, *, #4025, .F. ) ;
#12332 = AXIS2_PLACEMENT_3D ( 'NONE', #7090, #2266, #5249 ) ;
#12333 = CARTESIAN_POINT ( 'NONE',  ( -154.6875921009220747, 550.1499999999997499, 355.2801800036455120 ) ) ;
#12334 = DIRECTION ( 'NONE',  ( -0.000000000000000000, -1.000000000000000000, -0.000000000000000000 ) ) ;
#12335 = VERTEX_POINT ( 'NONE', #3168 ) ;
#12336 = CARTESIAN_POINT ( 'NONE',  ( -219.2562056726987976, 540.1499999999996362, 281.7403482963913461 ) ) ;
#12337 = CARTESIAN_POINT ( 'NONE',  ( -210.2196355595192188, 540.7965497083368973, 281.1773933779238064 ) ) ;
#12338 = VECTOR ( 'NONE', #888, 1000.000000000000000 ) ;
#12339 = EDGE_LOOP ( 'NONE', ( #11388, #4161, #5812, #11181 ) ) ;
#12340 = CARTESIAN_POINT ( 'NONE',  ( -211.2418994699610550, 540.2761133351153831, 281.7867510853392332 ) ) ;
#12341 = CARTESIAN_POINT ( 'NONE',  ( -195.7024822690793826, 355.0000000000001137, 263.1601945342233648 ) ) ;
#12342 =( BOUNDED_CURVE ( )  B_SPLINE_CURVE ( 3, ( #12288, #2783, #8425, #7477 ),
 .UNSPECIFIED., .F., .F. ) 
 B_SPLINE_CURVE_WITH_KNOTS ( ( 4, 4 ),
 ( 1.514971195530618653, 3.078171325778994216 ),
 .UNSPECIFIED. ) 
 CURVE ( )  GEOMETRIC_REPRESENTATION_ITEM ( )  RATIONAL_B_SPLINE_CURVE ( ( 1.000000000000000000, 0.8065248903853383666, 0.8065248903853383666, 1.000000000000000000 ) ) 
 REPRESENTATION_ITEM ( '' )  );
#12343 = ORIENTED_EDGE ( 'NONE', *, *, #6333, .T. ) ;
#12344 = ORIENTED_EDGE ( 'NONE', *, *, #2930, .T. ) ;
#12345 = CARTESIAN_POINT ( 'NONE',  ( 192.4757493626966607, -280.1694956085287345, 369.0911623835050364 ) ) ;
#12346 = EDGE_LOOP ( 'NONE', ( #3395, #8290, #8529, #358 ) ) ;
#12347 = ADVANCED_FACE ( 'NONE', ( #11627 ), #6866, .T. ) ;
#12348 = B_SPLINE_CURVE_WITH_KNOTS ( 'NONE', 3,
 ( #3034, #9055, #8807, #1319 ),
 .UNSPECIFIED., .F., .F.,
 ( 4, 4 ),
 ( 0.000000000000000000, 0.002187128799507147541 ),
 .UNSPECIFIED. ) ;
#12349 = CARTESIAN_POINT ( 'NONE',  ( 143.7660069451177094, 117.0000000000000000, 369.2830108560941653 ) ) ;
#12350 = VERTEX_POINT ( 'NONE', #7046 ) ;
#12351 = CARTESIAN_POINT ( 'NONE',  ( 188.2996937553664338, 564.0032287683014829, 255.7175139203291963 ) ) ;
#12352 = CARTESIAN_POINT ( 'NONE',  ( -59.20020431027140262, 343.9926239642709902, 377.5617482014901043 ) ) ;
#12353 = VECTOR ( 'NONE', #3478, 999.9999999999998863 ) ;
#12354 = CARTESIAN_POINT ( 'NONE',  ( -174.6781524912949237, 555.0370064033196513, 329.5471993326197548 ) ) ;
#12355 = CARTESIAN_POINT ( 'NONE',  ( -190.7868687004565800, 117.0000000000000000, 351.4274360680451537 ) ) ;
#12356 = DIRECTION ( 'NONE',  ( -1.000000000000000000, 0.000000000000000000, 0.000000000000000000 ) ) ;
#12357 = ORIENTED_EDGE ( 'NONE', *, *, #1164, .T. ) ;
#12358 = DIRECTION ( 'NONE',  ( 0.000000000000000000, 0.000000000000000000, -1.000000000000000000 ) ) ;
#12359 = VECTOR ( 'NONE', #8785, 1000.000000000000000 ) ;
#12360 = EDGE_LOOP ( 'NONE', ( #6498, #7249, #9864, #570, #10866, #818 ) ) ;
#12361 = EDGE_CURVE ( 'NONE', #11582, #3049, #3491, .T. ) ;
#12362 = LINE ( 'NONE', #4746, #5091 ) ;
#12363 = CARTESIAN_POINT ( 'NONE',  ( -130.5203249716377911, 117.0000000000000000, 375.7787404099272521 ) ) ;
#12364 = DIRECTION ( 'NONE',  ( -1.000000000000000000, 0.000000000000000000, 0.000000000000000000 ) ) ;
#12365 = ORIENTED_EDGE ( 'NONE', *, *, #5233, .F. ) ;
#12366 = DIRECTION ( 'NONE',  ( -0.000000000000000000, 1.000000000000000000, -0.000000000000000000 ) ) ;
#12367 = ADVANCED_FACE ( 'NONE', ( #447 ), #1464, .F. ) ;
#12368 = CARTESIAN_POINT ( 'NONE',  ( 52.98730513377550011, 379.9711227638798619, 379.5483454543127664 ) ) ;
#12369 = CARTESIAN_POINT ( 'NONE',  ( 85.99406992148858819, 365.0000000000000000, 364.1971901727915224 ) ) ;
#12370 = CARTESIAN_POINT ( 'NONE',  ( -130.5203249716377911, 120.0000000000000000, 368.2120121559648851 ) ) ;
#12371 = ADVANCED_FACE ( 'NONE', ( #9008, #8127 ), #11993, .T. ) ;
#12372 = CARTESIAN_POINT ( 'NONE',  ( -154.2515135521878165, 288.3188014526811003, 318.7855894923308711 ) ) ;
#12373 = LINE ( 'NONE', #7432, #4018 ) ;
#12374 = ORIENTED_EDGE ( 'NONE', *, *, #2296, .T. ) ;
#12375 = ADVANCED_FACE ( 'NONE', ( #12128 ), #4251, .F. ) ;
#12376 = ORIENTED_EDGE ( 'NONE', *, *, #6227, .F. ) ;
#12377 = CARTESIAN_POINT ( 'NONE',  ( -178.9393817688378192, 554.9531750439708730, 324.1121025183068696 ) ) ;
#12378 = DIRECTION ( 'NONE',  ( -0.000000000000000000, 1.000000000000000000, -0.000000000000000000 ) ) ;
#12379 = CARTESIAN_POINT ( 'NONE',  ( -143.8561157100411663, 489.0205802199568552, 353.1042821239079785 ) ) ;
#12380 = VERTEX_POINT ( 'NONE', #1520 ) ;
#12381 = FACE_BOUND ( 'NONE', #982, .T. ) ;
#12382 = CIRCLE ( 'NONE', #12182, 4.450000000000009948 ) ;
#12383 = CIRCLE ( 'NONE', #9133, 1.689261981127287982 ) ;
#12384 = CARTESIAN_POINT ( 'NONE',  ( 111.3767717391520620, 442.6530411536430165, 392.5570525041796373 ) ) ;
#12385 = FACE_OUTER_BOUND ( 'NONE', #3242, .T. ) ;
#12386 = DIRECTION ( 'NONE',  ( -0.000000000000000000, 1.000000000000000000, -0.000000000000000000 ) ) ;
#12387 = ORIENTED_EDGE ( 'NONE', *, *, #1719, .T. ) ;
#12388 = DIRECTION ( 'NONE',  ( 0.000000000000000000, -0.000000000000000000, 1.000000000000000000 ) ) ;
#12389 = ORIENTED_EDGE ( 'NONE', *, *, #257, .F. ) ;
#12390 = AXIS2_PLACEMENT_3D ( 'NONE', #5530, #3503, #10546 ) ;
#12391 = ADVANCED_FACE ( 'NONE', ( #11933 ), #10160, .F. ) ;
#12392 = VERTEX_POINT ( 'NONE', #11110 ) ;
#12393 = EDGE_LOOP ( 'NONE', ( #4669, #7992, #5602, #4477 ) ) ;
#12394 = EDGE_CURVE ( 'NONE', #1811, #1554, #10915, .T. ) ;
#12395 = CARTESIAN_POINT ( 'NONE',  ( 116.3767717391520620, 377.5518242583233359, 401.4274360680452105 ) ) ;
#12396 = LINE ( 'NONE', #7454, #10297 ) ;
#12397 = ORIENTED_EDGE ( 'NONE', *, *, #1213, .F. ) ;
#12398 = DIRECTION ( 'NONE',  ( -0.000000000000000000, 1.000000000000000000, -0.000000000000000000 ) ) ;
#12399 = CARTESIAN_POINT ( 'NONE',  ( -173.3050511171541075, 117.0000000000000000, 327.9680754845628599 ) ) ;
#12400 = ORIENTED_EDGE ( 'NONE', *, *, #10960, .T. ) ;
#12401 = DIRECTION ( 'NONE',  ( 0.000000000000000000, -1.000000000000000000, 0.000000000000000000 ) ) ;
#12402 = AXIS2_PLACEMENT_3D ( 'NONE', #11778, #6056, #6951 ) ;
#12403 = VERTEX_POINT ( 'NONE', #9262 ) ;
#12404 = CARTESIAN_POINT ( 'NONE',  ( -132.3286688073715993, 89.99999999999997158, 343.4980266327372078 ) ) ;
#12405 = ORIENTED_EDGE ( 'NONE', *, *, #2446, .F. ) ;
#12406 = EDGE_LOOP ( 'NONE', ( #10126, #5311, #8342, #1015, #9151, #11321 ) ) ;
#12407 = CARTESIAN_POINT ( 'NONE',  ( -185.3083443354863959, 370.0000000000001137, 266.1033846755358354 ) ) ;
#12408 = VERTEX_POINT ( 'NONE', #2286 ) ;
#12409 = DIRECTION ( 'NONE',  ( 0.000000000000000000, -0.000000000000000000, -1.000000000000000000 ) ) ;
#12410 = VERTEX_POINT ( 'NONE', #3291 ) ;
#12411 = CARTESIAN_POINT ( 'NONE',  ( 195.3826487561351541, 542.7428256840596532, 263.5656416685971521 ) ) ;
#12412 = CARTESIAN_POINT ( 'NONE',  ( -165.0713021149375663, 357.5000000000000000, 331.1634153273903962 ) ) ;
#12413 = CARTESIAN_POINT ( 'NONE',  ( -215.5223280942715860, 547.5130770967623448, 285.4289719120721429 ) ) ;
#12414 = ADVANCED_FACE ( 'NONE', ( #11038 ), #9607, .T. ) ;
#12415 = DIRECTION ( 'NONE',  ( -0.000000000000000000, 0.000000000000000000, 1.000000000000000000 ) ) ;
#12416 = EDGE_CURVE ( 'NONE', #7451, #7756, #5518, .T. ) ;
#12417 = LINE ( 'NONE', #1989, #132 ) ;
#12418 = LINE ( 'NONE', #2784, #8493 ) ;
#12419 = ORIENTED_EDGE ( 'NONE', *, *, #3841, .F. ) ;
#12420 = PLANE ( 'NONE',  #230 ) ;
#12421 = EDGE_CURVE ( 'NONE', #5305, #6375, #6643, .T. ) ;
#12422 = EDGE_LOOP ( 'NONE', ( #9986, #7511, #4098, #10528, #5285 ) ) ;
#12423 = ADVANCED_FACE ( 'NONE', ( #9073, #3231, #8323 ), #3429, .T. ) ;
#12424 = AXIS2_PLACEMENT_3D ( 'NONE', #1131, #7095, #10720 ) ;
#12425 = DIRECTION ( 'NONE',  ( -0.000000000000000000, 1.000000000000000000, -0.000000000000000000 ) ) ;
#12426 = DIRECTION ( 'NONE',  ( 1.000000000000000000, 0.000000000000000000, 0.000000000000000000 ) ) ;
#12427 = DIRECTION ( 'NONE',  ( -1.000000000000000000, 0.000000000000000000, 0.000000000000000000 ) ) ;
#12428 = VERTEX_POINT ( 'NONE', #11174 ) ;
#12429 = CARTESIAN_POINT ( 'NONE',  ( -175.4309223239438609, 500.2637939313669904, 309.2193921002644856 ) ) ;
#12430 = CARTESIAN_POINT ( 'NONE',  ( -193.1937618763889475, 554.7081244069478316, 305.9449950768503186 ) ) ;
#12431 = PLANE ( 'NONE',  #10867 ) ;
#12432 = LINE ( 'NONE', #10406, #8064 ) ;
#12433 = CARTESIAN_POINT ( 'NONE',  ( -59.26671879462830361, 352.8276714842076558, 381.3093470660948583 ) ) ;
#12434 = ORIENTED_EDGE ( 'NONE', *, *, #520, .T. ) ;
#12435 = EDGE_CURVE ( 'NONE', #12148, #2100, #1999, .T. ) ;
#12436 = VERTEX_POINT ( 'NONE', #315 ) ;
#12437 = CARTESIAN_POINT ( 'NONE',  ( 64.38932890234278261, 376.0859873310966464, 377.9443499868726803 ) ) ;
#12438 = DIRECTION ( 'NONE',  ( -0.000000000000000000, -1.000000000000000000, 0.000000000000000000 ) ) ;
#12439 = CYLINDRICAL_SURFACE ( 'NONE', #9641, 2.000000000000020428 ) ;
#12440 = ORIENTED_EDGE ( 'NONE', *, *, #9305, .F. ) ;
#12441 = AXIS2_PLACEMENT_3D ( 'NONE', #10951, #421, #5246 ) ;
#12442 = DIRECTION ( 'NONE',  ( 1.000000000000000000, 0.000000000000000000, 0.000000000000000000 ) ) ;
#12443 = LINE ( 'NONE', #11503, #9240 ) ;
#12444 = LINE ( 'NONE', #8709, #2974 ) ;
#12445 = DIRECTION ( 'NONE',  ( 0.000000000000000000, -0.9961946980917454342, -0.08715574274765799934 ) ) ;
#12446 = ORIENTED_EDGE ( 'NONE', *, *, #2130, .T. ) ;
#12447 = CARTESIAN_POINT ( 'NONE',  ( -193.1937618763888906, 554.7081244069478316, 305.9449950768503186 ) ) ;
#12448 = ORIENTED_EDGE ( 'NONE', *, *, #11930, .T. ) ;
#12449 = AXIS2_PLACEMENT_3D ( 'NONE', #3320, #3257, #276 ) ;
#12450 = ADVANCED_FACE ( 'NONE', ( #4183 ), #1712, .F. ) ;
#12451 = VERTEX_POINT ( 'NONE', #2547 ) ;
#12452 = ADVANCED_FACE ( 'NONE', ( #2616 ), #9455, .T. ) ;
#12453 = EDGE_CURVE ( 'NONE', #4200, #5161, #11117, .T. ) ;
#12454 = FACE_OUTER_BOUND ( 'NONE', #1727, .T. ) ;
#12455 = FACE_OUTER_BOUND ( 'NONE', #5906, .T. ) ;
#12456 = VERTEX_POINT ( 'NONE', #4631 ) ;
#12457 = CARTESIAN_POINT ( 'NONE',  ( -111.4464948675895073, 117.0000000000000000, 370.0487020943512562 ) ) ;
#12458 = DIRECTION ( 'NONE',  ( -0.000000000000000000, -0.08715574274765820750, 0.9961946980917455452 ) ) ;
#12459 = ORIENTED_EDGE ( 'NONE', *, *, #11825, .F. ) ;
#12460 = EDGE_CURVE ( 'NONE', #10626, #466, #12310, .T. ) ;
#12461 = LINE ( 'NONE', #3766, #4336 ) ;
#12462 = ORIENTED_EDGE ( 'NONE', *, *, #9696, .T. ) ;
#12463 = CARTESIAN_POINT ( 'NONE',  ( 148.0061200503010070, 117.0000000000000000, 349.9640353578184886 ) ) ;
#12464 = AXIS2_PLACEMENT_3D ( 'NONE', #4024, #11891, #9206 ) ;
#12465 = ORIENTED_EDGE ( 'NONE', *, *, #3573, .T. ) ;
#12466 = CARTESIAN_POINT ( 'NONE',  ( 74.75501464662400508, 380.0582785066275164, 378.5521507562208967 ) ) ;
#12467 = ORIENTED_EDGE ( 'NONE', *, *, #11123, .F. ) ;
#12468 = CIRCLE ( 'NONE', #8004, 3.093108195208626121 ) ;
#12469 = DIRECTION ( 'NONE',  ( 0.000000000000000000, 1.000000000000000000, 0.000000000000000000 ) ) ;
#12470 = ORIENTED_EDGE ( 'NONE', *, *, #7535, .T. ) ;
#12471 = CARTESIAN_POINT ( 'NONE',  ( 111.3767717391520620, 447.6530411536430165, 392.5570525041796373 ) ) ;
#12472 = EDGE_CURVE ( 'NONE', #1427, #9923, #323, .T. ) ;
#12473 = AXIS2_PLACEMENT_3D ( 'NONE', #5586, #772, #8456 ) ;
#12474 = DIRECTION ( 'NONE',  ( 0.000000000000000000, -1.000000000000000000, 0.000000000000000000 ) ) ;
#12475 = CARTESIAN_POINT ( 'NONE',  ( -191.8873057370085178, 120.0000000000000000, 277.5473304590434509 ) ) ;
#12476 = DIRECTION ( 'NONE',  ( -0.7851241134539720390, -0.000000000000000000, -0.6193384587389308971 ) ) ;
#12477 = LINE ( 'NONE', #3782, #1793 ) ;
#12478 = EDGE_LOOP ( 'NONE', ( #8784, #2821, #2536, #3306, #3903 ) ) ;
#12479 = CARTESIAN_POINT ( 'NONE',  ( 169.9999999999999432, 540.1499999999996362, 380.0000000000000000 ) ) ;
#12480 = VECTOR ( 'NONE', #9513, 1000.000000000000000 ) ;
#12481 = ORIENTED_EDGE ( 'NONE', *, *, #7576, .T. ) ;
#12482 = ADVANCED_FACE ( 'NONE', ( #7496 ), #6534, .T. ) ;
#12483 = EDGE_CURVE ( 'NONE', #2269, #9181, #8284, .T. ) ;
#12484 = AXIS2_PLACEMENT_3D ( 'NONE', #12377, #9333, #8454 ) ;
#12485 = CARTESIAN_POINT ( 'NONE',  ( -133.2375149957412930, 340.0000000000000568, 315.4117178723165580 ) ) ;
#12486 = CARTESIAN_POINT ( 'NONE',  ( 140.0000000000003411, 120.0000000000000000, 340.0000000000002274 ) ) ;
#12487 =( BOUNDED_CURVE ( )  B_SPLINE_CURVE ( 3, ( #4466, #9413, #2640, #658 ),
 .UNSPECIFIED., .F., .F. ) 
 B_SPLINE_CURVE_WITH_KNOTS ( ( 4, 4 ),
 ( 6.240520368351737623, 7.803720498600063671 ),
 .UNSPECIFIED. ) 
 CURVE ( )  GEOMETRIC_REPRESENTATION_ITEM ( )  RATIONAL_B_SPLINE_CURVE ( ( 1.000000000000000000, 0.8065248903853499129, 0.8065248903853499129, 1.000000000000000000 ) ) 
 REPRESENTATION_ITEM ( '' )  );
#12488 = AXIS2_PLACEMENT_3D ( 'NONE', #10233, #12068, #9338 ) ;
#12489 = DIRECTION ( 'NONE',  ( 1.000000000000000000, 0.000000000000000000, 0.000000000000000000 ) ) ;
#12490 = EDGE_LOOP ( 'NONE', ( #7133, #7559, #293, #2436 ) ) ;
#12491 = LINE ( 'NONE', #9576, #6798 ) ;
#12492 = DIRECTION ( 'NONE',  ( 0.1924154613586765150, -0.9711530084039703414, -0.1408478771513629324 ) ) ;
#12493 = DIRECTION ( 'NONE',  ( 1.000000000000000000, 0.000000000000000000, 0.000000000000000000 ) ) ;
#12494 = CARTESIAN_POINT ( 'NONE',  ( -63.62321363309397526, -585.1500000000002046, 0.000000000000000000 ) ) ;
#12495 = PLANE ( 'NONE',  #7320 ) ;
#12496 = AXIS2_PLACEMENT_3D ( 'NONE', #5451, #11166, #9323 ) ;
#12497 = CARTESIAN_POINT ( 'NONE',  ( -191.8873057370085178, 117.0000000000000000, 352.5278731045971199 ) ) ;
#12498 = VERTEX_POINT ( 'NONE', #1650 ) ;
#12499 = LINE ( 'NONE', #3804, #1476 ) ;
#12500 = DIRECTION ( 'NONE',  ( 0.000000000000000000, 0.000000000000000000, -1.000000000000000000 ) ) ;
#12501 = CARTESIAN_POINT ( 'NONE',  ( 130.5203249716378480, 117.0000000000000000, 370.3270121559649510 ) ) ;
#12502 = CYLINDRICAL_SURFACE ( 'NONE', #8014, 30.00000000000002842 ) ;
#12503 = ORIENTED_EDGE ( 'NONE', *, *, #423, .F. ) ;
#12504 = DIRECTION ( 'NONE',  ( 1.000000000000000000, 0.000000000000000000, 0.000000000000000000 ) ) ;
#12505 = DIRECTION ( 'NONE',  ( -0.000000000000000000, -1.000000000000000000, 0.000000000000000000 ) ) ;
#12506 = AXIS2_PLACEMENT_3D ( 'NONE', #8602, #7581, #10615 ) ;
#12507 = DIRECTION ( 'NONE',  ( 0.1924154613586756546, -0.9711530084039704525, -0.1408478771513636540 ) ) ;
#12508 = VECTOR ( 'NONE', #4643, 1000.000000000000000 ) ;
#12509 = CARTESIAN_POINT ( 'NONE',  ( -190.1818355124831328, 120.0000000000000000, 311.3514577545970496 ) ) ;
#12510 = EDGE_LOOP ( 'NONE', ( #6179, #6259, #9591, #204 ) ) ;
#12511 = DIRECTION ( 'NONE',  ( 0.7851241134539714839, -0.000000000000000000, -0.6193384587389316742 ) ) ;
#12512 = VERTEX_POINT ( 'NONE', #4695 ) ;
#12513 = VECTOR ( 'NONE', #2427, 1000.000000000000000 ) ;
#12514 = ORIENTED_EDGE ( 'NONE', *, *, #12165, .F. ) ;
#12515 = VECTOR ( 'NONE', #2291, 1000.000000000000000 ) ;
#12516 = CARTESIAN_POINT ( 'NONE',  ( 123.8466594585594720, 370.0000000000001137, 271.6422038917222608 ) ) ;
#12517 = VECTOR ( 'NONE', #5013, 1000.000000000000000 ) ;
#12518 = ORIENTED_EDGE ( 'NONE', *, *, #6868, .T. ) ;
#12519 = CYLINDRICAL_SURFACE ( 'NONE', #510, 10.00000000000000888 ) ;
#12520 = LINE ( 'NONE', #7765, #1563 ) ;
#12521 = EDGE_CURVE ( 'NONE', #7486, #8129, #11527, .T. ) ;
#12522 = PLANE ( 'NONE',  #6570 ) ;
#12523 = CIRCLE ( 'NONE', #361, 0.9584030404425902816 ) ;
#12524 = ORIENTED_EDGE ( 'NONE', *, *, #5945, .T. ) ;
#12525 = CYLINDRICAL_SURFACE ( 'NONE', #9159, 3.093108195208548405 ) ;
#12526 = EDGE_CURVE ( 'NONE', #8778, #2305, #12373, .T. ) ;
#12527 = ORIENTED_EDGE ( 'NONE', *, *, #3150, .T. ) ;
#12528 = AXIS2_PLACEMENT_3D ( 'NONE', #8678, #10761, #4088 ) ;
#12529 = LINE ( 'NONE', #2770, #11915 ) ;
#12530 = ORIENTED_EDGE ( 'NONE', *, *, #3841, .T. ) ;
#12531 = EDGE_CURVE ( 'NONE', #8640, #1428, #6251, .T. ) ;
#12532 = DIRECTION ( 'NONE',  ( 1.000000000000000000, -0.000000000000000000, -0.000000000000000000 ) ) ;
#12533 = DIRECTION ( 'NONE',  ( -0.000000000000000000, 0.08715574274765820750, -0.9961946980917455452 ) ) ;
#12534 = EDGE_LOOP ( 'NONE', ( #7110, #3944, #1975, #8836 ) ) ;
#12535 = CARTESIAN_POINT ( 'NONE',  ( -73.04314379576342731, 378.2161028627631367, 378.3909812711591485 ) ) ;
#12536 = DIRECTION ( 'NONE',  ( -0.6193384587389308971, -0.000000000000000000, 0.7851241134539720390 ) ) ;
#12537 = DIRECTION ( 'NONE',  ( -0.000000000000000000, -0.08715574274765820750, 0.9961946980917455452 ) ) ;
#12538 = CARTESIAN_POINT ( 'NONE',  ( -63.62321363309397526, -585.1500000000002046, 0.000000000000000000 ) ) ;
#12539 = DIRECTION ( 'NONE',  ( 0.000000000000000000, -1.000000000000000000, 0.000000000000000000 ) ) ;
#12540 = B_SPLINE_SURFACE_WITH_KNOTS ( 'NONE', 2, 1, ( 
 ( #821, #4684 ),
 ( #7548, #11355 ),
 ( #9319, #2603 ) ),
 .UNSPECIFIED., .F., .F., .F.,
 ( 3, 3 ),
 ( 2, 2 ),
 ( 0.7544855094262838957, 1.000000000000000000 ),
 ( 0.000000000000000000, 1.000000000000000000 ),
 .UNSPECIFIED. ) ;
#12541 = ORIENTED_EDGE ( 'NONE', *, *, #8192, .F. ) ;
#12542 = CARTESIAN_POINT ( 'NONE',  ( 136.8071907147289323, 377.4823331915915787, 347.5437977781178915 ) ) ;
#12543 = EDGE_CURVE ( 'NONE', #4944, #2595, #5438, .T. ) ;
#12544 = ORIENTED_EDGE ( 'NONE', *, *, #9665, .T. ) ;
#12545 = EDGE_CURVE ( 'NONE', #3049, #2283, #5649, .T. ) ;
#12546 = LINE ( 'NONE', #5632, #6095 ) ;
#12547 = EDGE_CURVE ( 'NONE', #9678, #7959, #699, .T. ) ;
#12548 = DIRECTION ( 'NONE',  ( 0.6193384587389310081, 0.000000000000000000, -0.7851241134539720390 ) ) ;
#12549 = DIRECTION ( 'NONE',  ( -0.6984011233338506264, -0.1564344650402309245, -0.6984011233335700730 ) ) ;
#12550 = AXIS2_PLACEMENT_3D ( 'NONE', #2515, #5237, #1555 ) ;
#12551 = ORIENTED_EDGE ( 'NONE', *, *, #10669, .T. ) ;
#12552 = DIRECTION ( 'NONE',  ( 1.000000000000000000, 0.000000000000000000, -0.000000000000000000 ) ) ;
#12553 = DIRECTION ( 'NONE',  ( 0.000000000000000000, 0.000000000000000000, -1.000000000000000000 ) ) ;
#12554 = LINE ( 'NONE', #8232, #2970 ) ;
#12555 = DIRECTION ( 'NONE',  ( 0.000000000000000000, -1.000000000000000000, 0.000000000000000000 ) ) ;
#12556 = VECTOR ( 'NONE', #7484, 1000.000000000000114 ) ;
#12557 = FACE_OUTER_BOUND ( 'NONE', #635, .T. ) ;
#12558 = COORDINATED_UNIVERSAL_TIME_OFFSET ( 3, 0, .AHEAD. ) ;
#12559 = VERTEX_POINT ( 'NONE', #12497 ) ;
#12560 = FACE_OUTER_BOUND ( 'NONE', #411, .T. ) ;
#12561 = CARTESIAN_POINT ( 'NONE',  ( 46.12448390330171577, 383.0054035202313685, 382.6229516748982746 ) ) ;
ENDSEC;
END-ISO-10303-21;
